version,engs,chap,verses,bytes,sha1,fetched_at
unv,Obad,1,21,7850,cb0b6c5f62cd85a6a7840340d4a211631eb52a92,2026-07-27 12:02:45
unv,3 John,1,15,4723,72a44df364548b7216a1120e9f23c7e29a813b20,2026-07-27 12:02:47
kjv,Obad,1,21,8325,81927493ff2fc2f6160e5fee089eaa9600c19f50,2026-07-27 12:02:48
kjv,3 John,1,14,4969,962aec8ee141aa15bc8fccf22cba664aefaf3857,2026-07-27 12:02:50
web,Obad,1,21,4867,f36fedb5cbe8452f99bdd81c73df471e4aad9add,2026-07-27 12:02:51
web,3 John,1,15,2813,b07fb480b40ed63cca47cbf476b9a13da9d30706,2026-07-27 12:02:52
unv,Gen,1,31,10550,8f3de1c9e72078014925f73161d311cbf669d1d9,2026-07-27 12:03:40
unv,Gen,2,25,8179,f0faa246968f77b59b7540cf3bc9b5bedd02b6f8,2026-07-27 12:03:42
unv,Gen,3,24,8905,d90703e69788bce3d178ec25770935c5a718261e,2026-07-27 12:03:44
unv,Gen,4,26,8888,6a1abd4e1b4d282269d087cdebedc6bb88a77088,2026-07-27 12:03:46
unv,Gen,5,32,8504,00c33047666cfdb7fd69dda65a13c7ed95037eca,2026-07-27 12:03:48
unv,Gen,6,22,7407,313fca8cf8d1e6214069d6eca2e2a99265d637a4,2026-07-27 12:03:50
unv,Gen,7,24,7653,968649d3eae92741a10671587072102ea6cbb7fe,2026-07-27 12:03:52
unv,Gen,8,22,7394,17dc6c4e7fda0f1bdab91f7e549dfc7ba44dc22d,2026-07-27 12:03:53
unv,Gen,9,29,8776,aedca5cd9cffeebeade6c0656370655e3480da2d,2026-07-27 12:03:55
unv,Gen,10,32,7809,8c45a22df8526eafa6813033a7773d0bf85769ec,2026-07-27 12:03:57
unv,Gen,11,32,9389,90ca3a8a7357c83bc8a7d46856acc4911695303b,2026-07-27 12:03:59
unv,Gen,12,20,7028,dc7980dd37f700d795685f2a4e9467cf3edd06e3,2026-07-27 12:04:01
unv,Gen,13,18,6055,7db66e5d5fc6280d365d913fa1c6a2277a91c6a3,2026-07-27 12:04:03
unv,Gen,14,24,8236,0498ea20ead11fd5e0953311217ae32cdbc083e7,2026-07-27 12:04:04
unv,Gen,15,21,6858,985766f81d1deabfa885003574cd8227a92852e5,2026-07-27 12:04:06
unv,Gen,16,16,5732,83450a50cc0804dcac887365776ba4a9e4b0dd32,2026-07-27 12:04:08
unv,Gen,17,27,9032,b94fa1f3a2b53c763a7ed10230cde31736df2789,2026-07-27 12:04:10
unv,Gen,18,33,11888,5589e8ab9af678681188fc1d1441ae98baf06ac6,2026-07-27 12:04:12
unv,Gen,19,38,14316,b996520f447debab0d5b473cc509330f8d6cf912,2026-07-27 12:04:14
unv,Gen,20,18,6984,2dbdda5664662cfb4c83f639b9b61742042774a3,2026-07-27 12:04:16
unv,Gen,21,34,11231,09dbbab8e44a53cc08cbf99f0eac1c8984cb9bad,2026-07-27 12:04:18
unv,Gen,22,24,8881,51003af6d38c9bb6a026075e30128f11220445f8,2026-07-27 12:04:19
unv,Gen,23,20,7047,400d1e3a5b1f5cf6f5be7741a015249614eeca9b,2026-07-27 12:04:21
unv,Gen,24,67,23869,e988313bdb0f4c15c04a28cd28e39196b9d48b1f,2026-07-27 12:04:23
unv,Gen,25,34,10401,bf5cf25ad0625c0ff188d7769ca1abaad1b38011,2026-07-27 12:04:25
unv,Gen,26,35,12267,a572e18da900b0772c6018bb504936c0ee36ebcc,2026-07-27 12:04:27
unv,Gen,27,46,16498,be33113f6bb5496dfaaefb0753c5cdf3df121e7a,2026-07-27 12:04:29
unv,Gen,28,22,7989,ead588597f99375ce1920e7b7469357add7bc057,2026-07-27 12:04:30
unv,Gen,29,35,11811,2552f62e473e35cbbe0dede46b49e4fb7a0b03ec,2026-07-27 12:04:32
unv,Gen,30,43,14842,000bee6bc9d2d6254aaa130be03c43607897cc3a,2026-07-27 12:04:34
unv,Gen,31,55,19622,edb166b15dbc3dfc9f9263935b3049eeb8d7dd58,2026-07-27 12:04:36
unv,Gen,32,32,11365,9a1b04dd5ab77c4cf7e15f26bc68ab65a458e3d3,2026-07-27 12:04:38
unv,Gen,33,20,6953,7ec9fd79b1edebf0aeb814eb3dec0bd38d761230,2026-07-27 12:04:40
unv,Gen,34,31,11049,4f73d29504145332a7bbe4cc56a9783d3a5f5828,2026-07-27 12:04:42
unv,Gen,35,29,9559,2e32a5511c4abfb26bf5ec17a82a30c64ca0b94c,2026-07-27 12:04:43
unv,Gen,36,43,12117,bdfc3be66f90d3d46d264842763706241aa29bb5,2026-07-27 12:04:45
unv,Gen,37,36,12722,c0d627e465a88c2233df59310ff44c6a69e61c5b,2026-07-27 12:04:47
unv,Gen,38,30,10912,e82607467fb1ccc7f101d99e43067a38609de283,2026-07-27 12:04:49
unv,Gen,39,23,8819,c6336b78164878f215f02f3c39aebb7e25a4d588,2026-07-27 12:04:51
unv,Gen,40,23,7611,e66a4c10dd7a3128566ab8f0fa51c95867aec04d,2026-07-27 12:04:53
unv,Gen,41,57,18683,257a57d479b2b1fa76974915ad6e6536b31da6f6,2026-07-27 12:04:54
unv,Gen,42,38,13878,99cb55277665bad930bebdcafa36a2c35468ba08,2026-07-27 12:04:56
unv,Gen,43,34,12801,9da8c010d787f4f67cb4c84aa23e1da807b19db6,2026-07-27 12:04:58
unv,Gen,44,34,11915,169597c7b62c06637b42321b8d7d8c630016be8f,2026-07-27 12:05:00
unv,Gen,45,28,10255,1f9c28736e03d75cbb56c58ae1b49c66c19cb9eb,2026-07-27 12:05:02
unv,Gen,46,34,10401,b7aec943b693eca9126bc658fe8fd6f2c5bf7425,2026-07-27 12:05:04
unv,Gen,47,31,12729,03fbb507df653a9ffef9b5b69560888436875e1c,2026-07-27 12:05:06
unv,Gen,48,22,8913,9f810675496c74a68805b1c7e0680bff1005d86f,2026-07-27 12:05:07
unv,Gen,49,33,10190,235b6edcc97e03fb5a79210ffcfc7883d88d2464,2026-07-27 12:05:09
unv,Gen,50,26,9585,4c0c4aca9db485ee7dfbc07707aec4a7307a3af6,2026-07-27 12:05:11
unv,Ex,1,22,6685,46bf4cb591cd3bd74bc7462aad48cc05419dd2df,2026-07-27 12:05:13
unv,Ex,2,25,8898,bc8f2be83522d724ed57acd705f43ffb75738e4e,2026-07-27 12:05:15
unv,Ex,3,22,9684,b23f4fc3574baa30c99343c6fddf1bb61afaf682,2026-07-27 12:05:16
unv,Ex,4,31,11541,78258de205859b41e6cce639bd0978244a474845,2026-07-27 12:05:18
unv,Ex,5,23,8657,8281d47b7ad4611c6d9d901b3b475520d6a4161b,2026-07-27 12:05:20
unv,Ex,6,30,9866,87248dbe8b5dc0f82f1820cd420d51a957168539,2026-07-27 12:05:21
unv,Ex,7,25,9175,5ac4db1b30b386955112023a7bd20a035448e5d2,2026-07-27 12:05:23
unv,Ex,8,32,12252,b8462674a2c56ba103a6c0246216aee0b0b3d5c3,2026-07-27 12:05:24
unv,Ex,9,35,12661,ed08381a0d3c3c15a5072ffdbdb2f2519c8c8d34,2026-07-27 12:05:26
unv,Ex,10,29,11848,26781556d0b4a31b661dee28aeae9eef8a68c2fc,2026-07-27 12:05:28
unv,Ex,11,10,4203,5820b91af0756fe05efbd8888f8a5639666e4fcf,2026-07-27 12:05:29
unv,Ex,12,51,18477,ede37666f66b97c2657e26f25a731666784b6538,2026-07-27 12:05:31
unv,Ex,13,22,8439,45495b2c822658564593518be5c7f55270819fba,2026-07-27 12:05:32
unv,Ex,14,31,11699,5980e8d976e5c843230d217415c16a666d62b737,2026-07-27 12:05:34
unv,Ex,15,27,9062,b646f1e252eff501b73a38ca28dfd5f1550e68cd,2026-07-27 12:05:36
unv,Ex,16,36,13699,e4f464d34c0a38cc2ac8f882245cfb683eb298d3,2026-07-27 12:05:37
unv,Ex,17,16,6519,7521617709f990460b06091087e1feadc4397abc,2026-07-27 12:05:39
unv,Ex,18,27,10212,be438c7ec5502191ae668ec26e19d998aac9af07,2026-07-27 12:05:40
unv,Ex,19,25,9381,391ebaed30f529afc5bd1e3c0f7822e110ad22c1,2026-07-27 12:05:42
unv,Ex,20,26,7906,7a2673551f6d44fcc7bf8f7852746c7277d5e7b7,2026-07-27 12:05:44
unv,Ex,21,36,11319,c852701242b2dba6eec2fa9dfc9d86afebfe3734,2026-07-27 12:05:45
unv,Ex,22,31,10238,0fc28b422bdc44f785ab9020d49f5ba7af282739,2026-07-27 12:05:47
unv,Ex,23,33,10877,035512e37a993ddc4622f79fafcb0bd806e32f73,2026-07-27 12:05:49
unv,Ex,24,18,6225,ac56ebd76307d2bb689d082d73f2e22159bb4d3f,2026-07-27 12:05:50
unv,Ex,25,40,10875,12b18b5b212faa75b0bccb3bb31a16957e4bb3be,2026-07-27 12:05:52
unv,Ex,26,37,11342,58fa018b41682962807f5d7545f5b7156a7575c7,2026-07-27 12:05:54
unv,Ex,27,21,6566,4979215779799bf96150f3fa0d9cfbdc4b35a7d8,2026-07-27 12:05:55
unv,Ex,28,43,14408,829e99ddc4d181a7f941a92da118caa8da468e7d,2026-07-27 12:05:57
unv,Ex,29,46,15567,cbaf76b5eb6ea398d19fbcb914d0779afd34c2d3,2026-07-27 12:05:58
unv,Ex,30,38,12042,57f174a8167aeabc07b68f89014e0ebc798b8794,2026-07-27 12:06:00
unv,Ex,31,18,5920,7fbf6d3f91223633eedd5c4f68dd1e72c035039c,2026-07-27 12:06:02
unv,Ex,32,35,13735,41b810a97c45730383fe97278d307595761d6039,2026-07-27 12:06:03
unv,Ex,33,23,9103,d31ddbd345b0271e0a84b44799cb0a06b707361f,2026-07-27 12:06:05
unv,Ex,34,35,13085,5cef3ad3a625fca5faf1f4d4d7ace1965a2d1b85,2026-07-27 12:06:06
unv,Ex,35,35,10808,854e552557a1e29940b43731410cfbb7e0267c33,2026-07-27 12:06:08
unv,Ex,36,38,12215,9ef228d5ec34e4eb488d90940a6f0b01c370e2c8,2026-07-27 12:06:10
unv,Ex,37,29,8465,a1ca4335a31ebf65dbfe3114f650bfd8c8c0b2f2,2026-07-27 12:06:11
unv,Ex,38,31,9920,8bd371c9767cbfefeca9db6feadb4524e368d1e8,2026-07-27 12:06:13
unv,Ex,39,43,13405,78a0ed458b1a003c99038d510e0447646fd887bb,2026-07-27 12:06:14
unv,Ex,40,38,10836,65a5983807317538dbe9b8aabc64ea839ac25c0d,2026-07-27 12:06:16
unv,Lev,1,17,5901,46e73262d6dc3e582fa106a8b00b78d5824e0da1,2026-07-27 12:06:17
unv,Lev,2,16,5331,9fe318fe0c9fc6fbed877b82d5c561e82ff3639f,2026-07-27 12:06:19
unv,Lev,3,17,5802,5c0552c5f0e88e4bc816a009f970670310f8bd3b,2026-07-27 12:06:21
unv,Lev,4,35,12463,ef6efae33cdbff0ec9d7f9b4b54399095f2ca200,2026-07-27 12:06:22
unv,Lev,5,19,8282,8d754a7b377b8b061c1554a823ea99b7d38e4a7f,2026-07-27 12:06:24
unv,Lev,6,30,10608,b8963cd67c567b8e3832ae272be048d9c3f7a4ab,2026-07-27 12:06:25
unv,Lev,7,38,12481,0cc561e1904956ae7f55bfa273fa3a31d85de9e5,2026-07-27 12:06:27
unv,Lev,8,36,12830,5153cbedea716ec18234a769050abcc692102159,2026-07-27 12:06:29
unv,Lev,9,24,8024,7f46a3abb74de61c2ef7d31a3e9b5d846f63c6b3,2026-07-27 12:06:30
unv,Lev,10,20,8266,f8584d2066744f87add4254faebbf4c2a213dda2,2026-07-27 12:06:32
unv,Lev,11,47,14531,04e9cc5ac1e6f885746e55d5fed0f55a276d0422,2026-07-27 12:06:33
unv,Lev,12,8,3133,d3af14d96cf697acfa08c16defd83f8dca69b22f,2026-07-27 12:06:35
unv,Lev,13,59,21477,f8a635c27d1520e0733da43ef8150a5c35aecbd1,2026-07-27 12:06:37
unv,Lev,14,57,19307,779f18f148e266f4abeb948bd9967dda35474d8a,2026-07-27 12:06:38
unv,Lev,15,33,11434,e5f1036438fb9badb7d4afdbb3789733d2b60915,2026-07-27 12:06:40
unv,Lev,16,34,13137,8644b938ed12b32376a75450fefff74c031ab4c0,2026-07-27 12:06:41
unv,Lev,17,16,6598,f5503392c1146a4913004334e1e4de1561c47521,2026-07-27 12:06:43
unv,Lev,18,30,9142,3a119950dedad81687d0ae66c1afadc75ac7fba4,2026-07-27 12:06:45
unv,Lev,19,37,11881,4a0b068cd04df29c2717036e7c2f8b08e164bbc8,2026-07-27 12:06:46
unv,Lev,20,27,10469,2cd3503b9203ee3cfb78e513f1aabeb884bc5f9d,2026-07-27 12:06:48
unv,Lev,21,24,7726,763c90f61d6f6385036705884389385ca1f95f5f,2026-07-27 12:06:49
unv,Lev,22,33,11376,e240a112dd927ab4f6667bf32b44de0023784f2d,2026-07-27 12:06:51
unv,Lev,23,44,15015,e46fddafc649c418d3f77aab4a014a401ab05e01,2026-07-27 12:06:53
unv,Lev,24,23,7420,608d7397004dc8dbdd81e2ae1df0f869acd991d8,2026-07-27 12:06:54
unv,Lev,25,55,18493,196989f31b3df7fc3431ab446c31cda08fb11642,2026-07-27 12:06:56
unv,Lev,26,46,15979,3ae37098f97ef1ed6080bd05a3ce04393615b60b,2026-07-27 12:06:57
unv,Lev,27,34,11756,fa79422d428c9c929813305d5b9ec9f7d83b7db8,2026-07-27 12:06:59
unv,Num,1,54,15362,da46ac3c7bfb25ea2f44d22f4f0c569c5fea153c,2026-07-27 12:07:01
unv,Num,2,34,8944,f05a574543b9bf38ac8dc7e996db2683a09f1516,2026-07-27 12:07:02
unv,Num,3,51,15043,5b9681537f808e9baee005ae47543f7685bef931,2026-07-27 12:07:04
unv,Num,4,49,15842,0e7ad2c4778312f075e9d0bee01aa678b310c85d,2026-07-27 12:07:05
unv,Num,5,31,11289,3f5f63f6d0c45e539a1e8a065c778608e1315bf3,2026-07-27 12:07:07
unv,Num,6,27,9103,1b681f9cbf2db1d3361955dbec70115db303d9ad,2026-07-27 12:07:09
unv,Num,7,89,25686,70b43cf0e14e1b91d068b04a2e73c33eef2efe6d,2026-07-27 12:07:10
unv,Num,8,26,9104,e563a27ef604b4dbfe7b313b78c28b6776816d7f,2026-07-27 12:07:12
unv,Num,9,23,8935,c02a68c011d6280b7e9a4e78cdaf2ee95c8382fd,2026-07-27 12:07:13
unv,Num,10,36,10599,b99d17d3aa53ec46cc3e61dfdeb6035aa9fe92b1,2026-07-27 12:07:15
unv,Num,11,35,13773,1a05edee85918e1a1e7d7d1536b29c15662270ec,2026-07-27 12:07:17
unv,Num,12,16,5317,53111fd9d5ecde8e56d14a4c73af11ab6009fa26,2026-07-27 12:07:18
unv,Num,13,33,10047,ef8855115fe2eb9dca320e8cb8c69f555d29a2f6,2026-07-27 12:07:20
unv,Num,14,45,15996,4641d77d6be208b290503ed5cf3c34179c4af8de,2026-07-27 12:07:21
unv,Num,15,41,13643,da87f22d35484a2211365a1fab1f70886fcc0fc5,2026-07-27 12:07:23
unv,Num,16,50,17861,dd2378d388c0f89506373ee169a56e0743ba37a0,2026-07-27 12:07:25
unv,Num,17,13,4734,97e43b13432818ae023433d09de142c81de180a1,2026-07-27 12:07:26
unv,Num,18,32,12974,dc745658092a33dfce8e10f088f25e17983202f9,2026-07-27 12:07:28
unv,Num,19,22,8631,3c0ddaf91f6965241afd311a38b63084068f3019,2026-07-27 12:07:30
unv,Num,20,29,10608,52bc91c4b5b81a602666f5e5eb9c2f0c35374e5e,2026-07-27 12:07:31
unv,Num,21,35,12582,cffedcb292e98fc8163c8495d7c4727693171d99,2026-07-27 12:07:33
unv,Num,22,41,15806,e5c32424cac3fcccf38215f8fe2a8d109b76d51d,2026-07-27 12:07:35
unv,Num,23,30,10513,21178933c6000b3cd58af31052b3ec45fc78d5ad,2026-07-27 12:07:36
unv,Num,24,25,8452,88cc6067171e518062922f549495bd6fbbee81df,2026-07-27 12:07:38
unv,Num,25,18,6115,583ab4fd56aded110bebb78b44b69d53b39ea9a3,2026-07-27 12:07:39
unv,Num,26,65,18497,8ddae86b23b105dc2095782226e6785f0fd378c7,2026-07-27 12:07:41
unv,Num,27,23,8180,d822f917faf4b0366f7222becb7bd94d1c8aebfb,2026-07-27 12:07:43
unv,Num,28,31,9493,2d333c2a4bf68bb5f0e007fabdc12d68d748904f,2026-07-27 12:07:44
unv,Num,29,40,12117,0346bf45d1028cfcdcb60c32d47a0eb88f3f4f97,2026-07-27 12:07:46
unv,Num,30,16,6247,6d197edbaeb4b45a50021534c820a82a34114d74,2026-07-27 12:07:47
unv,Num,31,54,16486,0ab3e8d2a0029fa5b8b9d71251876ea2d3939354,2026-07-27 12:07:49
unv,Num,32,42,14189,0e506d5ac626b067e2f2b2b6b0243c70e0a7c9a1,2026-07-27 12:07:51
unv,Num,33,56,14306,ccbbdaac9a1a73e2c3ae919228ca73721bbef374,2026-07-27 12:07:52
unv,Num,34,29,7763,6e4d5a9f463d3be8d2708b8db75a5c79d255e91c,2026-07-27 12:07:54
unv,Num,35,34,12482,62f014fe16e909caa1a3e991a2925ffb5612cd4f,2026-07-27 12:07:55
unv,Num,36,13,5359,776732decaaafc085cbd43b40f985bed4dfc3499,2026-07-27 12:07:57
unv,Deut,1,46,17306,55b81d986bfae6598113ff67062ff5e156ad9b64,2026-07-27 12:07:59
unv,Deut,2,37,13679,c0c6f1b47c3e6fdb3c84f008b09e5e07a8797828,2026-07-27 12:08:00
unv,Deut,3,29,11145,c87ceb8ba6bc476de7eb12db732736c2795b3e65,2026-07-27 12:08:02
unv,Deut,4,49,19575,344b69df9986b81c353a8b0f75c354a802219daa,2026-07-27 12:08:03
unv,Deut,5,33,11969,cbaa6274152efe09a6de2b63f85ead8475a1d04e,2026-07-27 12:08:05
unv,Deut,6,25,8808,51c4edf32c40eef126c4ce03524bdda9e6567c9e,2026-07-27 12:08:07
unv,Deut,7,26,10714,974968541a1d6bfd53cd7392f80d94caa7a9a3b9,2026-07-27 12:08:08
unv,Deut,8,20,7504,f77a61fe937cbd37b5cb90726a872b190905d943,2026-07-27 12:08:10
unv,Deut,9,29,12705,fc78e86baf6d8077b3e276a881bbd0b89c9eab78,2026-07-27 12:08:11
unv,Deut,10,22,8302,cd54a4f5a781b25ff78263eb316aa2cbc11a7603,2026-07-27 12:08:13
unv,Deut,11,32,12371,0e40d5056c6c0ec1889ed3bd6fd1bc4e60923033,2026-07-27 12:08:15
unv,Deut,12,32,13201,8384d920afc83fd3bae0e2943b3851c5612823dd,2026-07-27 12:08:16
unv,Deut,13,18,7838,682deacae15a5362c2533f38e04618aaf9138fc3,2026-07-27 12:08:18
unv,Deut,14,29,8992,a1b47c30fd498e5602b846a59241836e3769d5bd,2026-07-27 12:08:19
unv,Deut,15,23,9233,f0e9dfadd199d514b580638570d31e30ef89c3af,2026-07-27 12:08:21
unv,Deut,16,22,8620,dd4690935adb19fca71550104a53abcb84108717,2026-07-27 12:08:23
unv,Deut,17,20,8714,4667bfad4992f5f2a01647fb181bc37c02442676,2026-07-27 12:08:24
unv,Deut,18,22,7985,6f9d908bebe7b8b1680644c4eebe7c1ddeb9f88b,2026-07-27 12:08:26
unv,Deut,19,21,8348,f712a85dea652a242da2f34644e0ae094e57c8cb,2026-07-27 12:08:27
unv,Deut,20,20,8051,a64b5daff4eb76564de324b2d7521392dee98aeb,2026-07-27 12:08:29
unv,Deut,21,23,9054,01acf897fb0095f84b2d83c6ea73e36b34ceb89e,2026-07-27 12:08:30
unv,Deut,22,30,10983,2102bc63520ca2dc40ea12078a39eb954207340e,2026-07-27 12:08:32
unv,Deut,23,25,8881,078e9c98a4d96c5e1e075e3f37f31885323d734d,2026-07-27 12:08:34
unv,Deut,24,22,8573,f6fb51dfbdb1d837829244c96d500a7880beb5f1,2026-07-27 12:08:35
unv,Deut,25,19,6930,06176d30e7d6acba7332e2e074bf4c3c839755ef,2026-07-27 12:08:37
unv,Deut,26,19,8376,aa95b950f9b546330a45aa20e394b5852c65f03d,2026-07-27 12:08:38
unv,Deut,27,26,8561,692dbd782b020cf1f2534f36c3627ef88a2b163d,2026-07-27 12:08:40
unv,Deut,28,68,25052,dd63330781595fc8d75a7d6f40a4ff2658d0fc37,2026-07-27 12:08:42
unv,Deut,29,29,11394,6559ac436d8f2bb38be896d9ecd6a885105ca95b,2026-07-27 12:08:43
unv,Deut,30,20,8510,692c1549be1e6b37969031803fcfed99ee4c07ee,2026-07-27 12:08:45
unv,Deut,31,30,13298,3214839563ba75d5c9c3029a759a7263331e6640,2026-07-27 12:08:46
unv,Deut,32,52,16640,b312c93f606545355134ec141534648b01949014,2026-07-27 12:08:48
unv,Deut,33,29,9808,41fa1d4c2a8044af4a0efa23666a0d7dd757f25e,2026-07-27 12:08:50
unv,Deut,34,12,4418,e5d8f135fb547208a9d4943c95ce2cb5c9f72409,2026-07-27 12:08:51
unv,Josh,1,18,8009,34f8f1131b0f58678157ec10f7598b5ba4dc4269,2026-07-27 12:08:53
unv,Josh,2,24,10010,84cec496e4a49de97c618462273f3eb80078c31d,2026-07-27 12:08:54
unv,Josh,3,17,7234,ad2d0176777fac6865329496d497d47df962edcf,2026-07-27 12:08:56
unv,Josh,4,24,9543,f0217b02c9d7414531687bf9870b3536a5a83cb6,2026-07-27 12:08:58
unv,Josh,5,15,7050,a48a46fdfca842062476d5fae1d9a14730d301fd,2026-07-27 12:08:59
unv,Josh,6,27,11309,51df9bcb79cb97ef3f66f08d47ef05230a7d498d,2026-07-27 12:09:01
unv,Josh,7,26,12163,62bb646277eacd39133e36327bf601ef23f4fda5,2026-07-27 12:09:02
unv,Josh,8,35,15131,1e29d5f7ec5fac84ee7a76fe25491c67f2f7f7d5,2026-07-27 12:09:04
unv,Josh,9,27,10679,64256e6898170c2b6659e3ae00651105328e2fcf,2026-07-27 12:09:06
unv,Josh,10,43,18412,85f2431e38b8c390ca77558bf2679a0b9e1c47ec,2026-07-27 12:09:07
unv,Josh,11,23,9735,d7258728010fa28434caa2df66eb12489f09e27c,2026-07-27 12:09:09
unv,Josh,12,24,6425,167bb27aa7a32a490e88aecba547101f76076c52,2026-07-27 12:09:10
unv,Josh,13,33,10977,509ad6ba108631b1618b047f0567a80881c2f5a1,2026-07-27 12:09:12
unv,Josh,14,15,6651,5fe8ece349db905721fdcc94668dba987f93177e,2026-07-27 12:09:14
unv,Josh,15,63,14884,4414db503cc655b4439393b0ff5a2ed302c79665,2026-07-27 12:09:15
unv,Josh,16,10,3354,b4f46f0b16d8614e1780fcc2db651156234e0b86,2026-07-27 12:09:17
unv,Josh,17,18,8112,e11d7f7f7e64bad3096a4ce63ef81d1fbb211c7a,2026-07-27 12:09:18
unv,Josh,18,28,9669,26adfa9fd7af5ae7bde655ece542cd7ea918a12e,2026-07-27 12:09:20
unv,Josh,19,51,12887,27ae6a974f864044d6fa40dd4ffbf215d2528075,2026-07-27 12:09:22
unv,Josh,20,9,4372,0111760179a33e9aba78d237c4cbb64d19d49f5d,2026-07-27 12:09:23
unv,Josh,21,45,14695,e89cc83303218eedf6991f2971187e792846a9e2,2026-07-27 12:09:25
unv,Josh,22,34,16216,235054cef9cfaa3a42131a74e9a75c3492cae462,2026-07-27 12:09:26
unv,Josh,23,16,7461,71f5b6a1d8a1fdc6046d9cfa44bf27cd9e0ef9f1,2026-07-27 12:09:28
unv,Josh,24,33,14200,8cd6b79dfab9bf758c1b2b3275838a3c63b6077e,2026-07-27 12:09:29
unv,Judg,1,36,13223,d252822c9f8f683838e77527c558f085afb9caed,2026-07-27 12:09:31
unv,Judg,2,23,9275,b89f0e7eb42322e71363814dfae6f49a38a59f74,2026-07-27 12:09:33
unv,Judg,3,31,11501,51e0e0eb663591bdfe4044a3d685c591fc0b7a81,2026-07-27 12:09:34
unv,Judg,4,24,10007,aab600f402608f5697c598cc2be2e774f65d8273,2026-07-27 12:09:36
unv,Judg,5,31,10322,8034649034f8d86b69d64643c5faa845945270b0,2026-07-27 12:09:37
unv,Judg,6,40,16560,c99c93b0cb738b50049c28b62e58a6521963512e,2026-07-27 12:09:39
unv,Judg,7,25,11789,e169f2c20b33606119f44ba42b00c69d9f23f096,2026-07-27 12:09:41
unv,Judg,8,35,13260,0ba77b2c42cd79ba30615f78024d3f45a006ca2e,2026-07-27 12:09:42
unv,Judg,9,57,21173,35bd279075f31a50b82b6b4defbd5d0fc64b3167,2026-07-27 12:09:44
unv,Judg,10,18,6593,3d0f3d2de1e1aa36ddbfd98078056bc19e02e91e,2026-07-27 12:09:45
unv,Judg,11,40,16301,2d271bd64919fcb7c766301f8088053d2d7db2d4,2026-07-27 12:09:47
unv,Judg,12,15,5775,98c69adda860c17bc35bafe0f8e53805c0942b88,2026-07-27 12:09:49
unv,Judg,13,25,9822,f234e578a69d9f6cfbe0918f0704166e6cee1a59,2026-07-27 12:09:50
unv,Judg,14,20,8684,a37039ec2639efb2fad84dc5c7cdad03f34dfac5,2026-07-27 12:09:52
unv,Judg,15,20,8414,74b628f463f97c0731afabd2d1796fdcb3da0706,2026-07-27 12:09:53
unv,Judg,16,31,14084,0bd90ef1b20c5cede26aa9e46657afc733139c02,2026-07-27 12:09:55
unv,Judg,17,13,5069,ad9e974fb94614ddbcc50d144f4214c11c195e7a,2026-07-27 12:09:57
unv,Judg,18,31,12959,9c2654eb54216dc2c1b6fa09655e8aeaa122376a,2026-07-27 12:09:58
unv,Judg,19,30,12848,61ed66b0ba4e571461071f3aaa8b6f014d42e71d,2026-07-27 12:10:00
unv,Judg,20,48,18469,ff08cc76dd86262efc44c40a9d87a5b9010eb0ef,2026-07-27 12:10:01
unv,Judg,21,25,9771,1855827951f4152451760fc78bb218871cbc9cce,2026-07-27 12:10:03
unv,Ruth,1,22,8546,c3466bec37245935a641d7abe8158a5eb5ba6b0b,2026-07-27 12:10:05
unv,Ruth,2,23,9848,e604d2713357c8ad2c437cce52987adf979d79d2,2026-07-27 12:10:06
unv,Ruth,3,18,6813,49cb1cc35e66d047b4d76e68c613feaefa950d96,2026-07-27 12:10:08
unv,Ruth,4,22,8633,5d6e52c5a0eed423264817d06b914795ec9b2d60,2026-07-27 12:10:09
unv,1 Sam,1,28,10602,770e3de2d741fbd8235612ef99b545122dcb216b,2026-07-27 12:10:11
unv,1 Sam,2,36,14372,9caa1efc4f7351c482dd6b95b779e166379f5c7f,2026-07-27 12:10:13
unv,1 Sam,3,21,8108,1c5e6577f5f14c4f096bfe8a181db3b5b4c44064,2026-07-27 12:10:14
unv,1 Sam,4,22,9358,a3e685303514f923897de9b8e0970f6a7542b1f4,2026-07-27 12:10:16
unv,1 Sam,5,12,5386,f3987b68b0c45fe52588f6aa31d13dc33a8e9d81,2026-07-27 12:10:17
unv,1 Sam,6,21,9545,bbede66f33ed5e467c3722a5d21a47c8f0d53bd6,2026-07-27 12:10:19
unv,1 Sam,7,17,7142,3f139daf3bf29b5fe68960ee3b900a81f8904f07,2026-07-27 12:10:20
unv,1 Sam,8,22,7379,9382186a9b231226b0fc448a3a85da45e4019c08,2026-07-27 12:10:22
unv,1 Sam,9,27,12423,f849ceee000231bc2bd07ed31c40063c03ef8331,2026-07-27 12:10:24
unv,1 Sam,10,27,11154,e65fa04654fabbf070c6dd3afed15c644993868d,2026-07-27 12:10:25
unv,1 Sam,11,15,6367,4ae56157dfaf2230ff4489f4b63f644fa1f15b05,2026-07-27 12:10:27
unv,1 Sam,12,25,10437,9ea384ed24c824ab3b5fc915d387a06e810e372a,2026-07-27 12:10:28
unv,1 Sam,13,23,9001,e1175371a208948e5a1c8129abb174ee4e8c8f17,2026-07-27 12:10:30
unv,1 Sam,14,52,21097,4ebda4cc9ea3df71ae24ce396cf49821abc0cd61,2026-07-27 12:10:32
unv,1 Sam,15,35,13766,f9d5d02651aec37de3c8a04c8c7d4077c2e8328d,2026-07-27 12:10:33
unv,1 Sam,16,23,9730,eadb8a04fd51b922ce802b424638a2a6d42cda54,2026-07-27 12:10:35
unv,1 Sam,17,58,23003,b2378575115b086b60f864c1c1caaa55e0c246f3,2026-07-27 12:10:36
unv,1 Sam,18,30,11309,f195ebadf4915adce28e753b88a8d6ccb50b9438,2026-07-27 12:10:38
unv,1 Sam,19,24,10075,56eb2a102827f9bdde8e96e58e040be6f1f83f89,2026-07-27 12:10:40
unv,1 Sam,20,42,16977,78dfac61be0fa668965ea2c6a14e367f1c747d32,2026-07-27 12:10:41
unv,1 Sam,21,15,6645,3d89d3957b965a1b19ab80e6fe28446845e2f578,2026-07-27 12:10:43
unv,1 Sam,22,23,10183,53b248c96761621055aade8c43b473f3aed602d4,2026-07-27 12:10:44
unv,1 Sam,23,29,11852,94c37828406313ea6bf77dc57c0d5b0e8185bf53,2026-07-27 12:10:46
unv,1 Sam,24,22,9016,dc48c69b825739f28a32ccb0bc88a96ef3354c31,2026-07-27 12:10:48
unv,1 Sam,25,44,18498,550e53d81835a5ec34d5c6182abb3969653e2b3b,2026-07-27 12:10:49
unv,1 Sam,26,25,11291,385813dc247319ad1ce8b8e7b0f98f3f570b6469,2026-07-27 12:10:51
unv,1 Sam,27,12,5174,d434635804f3b2794da62f91c27a51fcea33812f,2026-07-27 12:10:53
unv,1 Sam,28,25,10833,758695b1b703f8cd4ee63987be36ba2ed399ab94,2026-07-27 12:10:54
unv,1 Sam,29,11,5459,fcdd2c5771a2340767119f40fbfb9d83a3241222,2026-07-27 12:10:56
unv,1 Sam,30,31,12296,bdbc2bb9a1cccea5103d5205e5aaef49b0501f08,2026-07-27 12:10:57
unv,1 Sam,31,13,5166,ef51a3474ae81541e7e16be8a3322d59581e3deb,2026-07-27 12:10:59
unv,2 Sam,1,27,9405,c0918c02fcb588270e0d442714717bd63ac6c405,2026-07-27 12:11:01
unv,2 Sam,2,32,12356,fd24204d8806df7b5d310a812c255c868546dee3,2026-07-27 12:11:02
unv,2 Sam,3,39,16132,6a321b0760bb808ddd02fd536059550257a4129e,2026-07-27 12:11:04
unv,2 Sam,4,12,5660,ff6fb0f4b9a349828eac649452e5255a133a5562,2026-07-27 12:11:05
unv,2 Sam,5,25,8980,e2358a4fa91feffd070f44ef45e67ccbe6d196a5,2026-07-27 12:11:07
unv,2 Sam,6,23,9181,dd6f04816f8ba03691dc10c87c93a2069b7a335c,2026-07-27 12:11:09
unv,2 Sam,7,29,11659,d26eb97d7abd57413f6f103f569da121e98dccc3,2026-07-27 12:11:10
unv,2 Sam,8,18,6650,0deb0d79fa8f4d8626a240bc77f3bbbafdd64d22,2026-07-27 12:11:12
unv,2 Sam,9,13,5405,af6eba13cdda48fa5dd907135ea11f3bf57972dc,2026-07-27 12:11:13
unv,2 Sam,10,19,7813,6949d3c5f108bf6350182e5d5b9bc27d29883d6d,2026-07-27 12:11:15
unv,2 Sam,11,27,11155,1d09fce9386da98c615245f823720390b9bd12cb,2026-07-27 12:11:17
unv,2 Sam,12,31,13243,0baa4ac65ab5c37d7eb314aa14cbbc8520251f45,2026-07-27 12:11:18
unv,2 Sam,13,39,15824,973d0c6e51861eb1e80c6e8c7e17227491329303,2026-07-27 12:11:20
unv,2 Sam,14,33,14275,1c538004b38574df482efc70f41a8a0357e49543,2026-07-27 12:11:21
unv,2 Sam,15,37,14979,16fe4db902791d231d71cedc028de0a2020c6545,2026-07-27 12:11:23
unv,2 Sam,16,23,9514,560a74ebc8f17112a8d98f513479dc7571778611,2026-07-27 12:11:25
unv,2 Sam,17,29,12397,5903091ed5bf8df8d92ae39acc18d3dc2854076c,2026-07-27 12:11:26
unv,2 Sam,18,33,14874,fa5f317c808efdf6799559bac5ef482e4fff1b38,2026-07-27 12:11:28
unv,2 Sam,19,43,18589,31bea3814d0badbb9134a6f67178eafea85de133,2026-07-27 12:11:29
unv,2 Sam,20,26,11110,6db5f4207464d497ca4ea9e049c68179c7e0f163,2026-07-27 12:11:31
unv,2 Sam,21,22,10116,bcb2c5b5be3f97031b0aab6fbd93dd93528d97cd,2026-07-27 12:11:33
unv,2 Sam,22,51,13029,72deb46d70cb68d71cf45bafa3d1231a20357def,2026-07-27 12:11:34
unv,2 Sam,23,39,11870,7fcd40058dc296f8e26fc3abde8bb51c039284b0,2026-07-27 12:11:36
unv,2 Sam,24,25,10845,bafa441417218dd08512f238cc0f1da5651ebb48,2026-07-27 12:11:37
unv,1 Kin,1,53,20080,58106c8b6ab3c71b5727a4f8070df327ac54bdfb,2026-07-27 12:11:39
unv,1 Kin,2,46,20136,8f5a024ce508ada67089af48aadfd2a15f45d14d,2026-07-27 12:11:41
unv,1 Kin,3,28,11493,3d1e50d06b790e9210f75c53c617e3d4afd2b90b,2026-07-27 12:11:42
unv,1 Kin,4,34,10027,886110490c55de5e734277dd2d0ca24c74afd34c,2026-07-27 12:11:44
unv,1 Kin,5,18,7316,3716fc9231f5f7df8900c4f510e7efc9baf9155d,2026-07-27 12:11:45
unv,1 Kin,6,38,12269,8d688199c7dfcac11e6cb06cb8e0a32532e7c507,2026-07-27 12:11:47
unv,1 Kin,7,51,17349,d74c77001c073587aeea26da5b4a888e4ed480d7,2026-07-27 12:11:49
unv,1 Kin,8,66,27105,d1d3cf1c93291f6a372dab2383742547b059d859,2026-07-27 12:11:50
unv,1 Kin,9,28,11183,176b43d0fe8511ebab37bd7818a4cea58211f3aa,2026-07-27 12:11:52
unv,1 Kin,10,29,11339,ed50d3b1aeff554bcc539e751c1445161e4954a9,2026-07-27 12:11:54
unv,1 Kin,11,43,16852,9c1d9aa1d08e4612c5216c020d24a8869213e0a8,2026-07-27 12:11:55
unv,1 Kin,12,33,14280,cb31f7434f8fde1d0bbd7f3bebc14560fdcd4efe,2026-07-27 12:11:57
unv,1 Kin,13,34,14350,79a4098ae507b969fbae63af70a1ad3b2f32e180,2026-07-27 12:11:59
unv,1 Kin,14,31,12775,7936fbeb3a2c660bdfea82422a2b4333590c2eea,2026-07-27 12:12:00
unv,1 Kin,15,34,12412,199addbc9cc5ddcef0c7b4b82ae4f0cf2d04125d,2026-07-27 12:12:02
unv,1 Kin,16,34,13150,27d4109b4580fa155ed1c0c81c5a6b0b777f4b44,2026-07-27 12:12:03
unv,1 Kin,17,24,9047,90885676232b4fe592cecbf782e427ac75ba36c4,2026-07-27 12:12:05
unv,1 Kin,18,46,18473,bfa2c21aab00c5cdc31b0b2a21909082290c659a,2026-07-27 12:12:06
unv,1 Kin,19,21,9372,9b8a1217c110ddfe45f92c4a30c909f38f2a254d,2026-07-27 12:12:08
unv,1 Kin,20,43,18269,22d93b1cf34650800c3b9f129b9edf5392242bd9,2026-07-27 12:12:10
unv,1 Kin,21,29,12110,674578ae1d64361f272a60baf73ad4ad29fba51b,2026-07-27 12:12:11
unv,1 Kin,22,53,20246,ef0ffce39f2837349b2b2e597f8ae03fd1279637,2026-07-27 12:12:13
unv,2 Kin,1,18,8655,18933e40690afc639ae3dcb71159fb373ac61405,2026-07-27 12:12:14
unv,2 Kin,2,25,10916,e868b70c371a3edd14f48c146980d704223145cd,2026-07-27 12:12:16
unv,2 Kin,3,27,10886,3731bf6edd987a51e93458bdc93dc98d80b2c0c1,2026-07-27 12:12:18
unv,2 Kin,4,44,17437,e4980dfa15c57fccfd71c73d4b44a0b41439cd3f,2026-07-27 12:12:19
unv,2 Kin,5,27,12527,db61bf51e667f640cd5648e821ef3fc18d0cc7c3,2026-07-27 12:12:21
unv,2 Kin,6,33,13537,106fe959e57af0dccade180f3acacd6a54c1c20f,2026-07-27 12:12:22
unv,2 Kin,7,20,9901,a5d8eb06bf4c3e70cf0d21b43770d83a52a55f48,2026-07-27 12:12:24
unv,2 Kin,8,29,12502,062e1f99edc6520ded2bc5a7a23c0c78519d78a1,2026-07-27 12:12:26
unv,2 Kin,9,37,15603,4b46e414a80701c0a7685e3bce277565c2be0f7c,2026-07-27 12:12:27
unv,2 Kin,10,36,15411,61ff103488917d0c0dd858670c68ebbd73fe95c3,2026-07-27 12:12:29
unv,2 Kin,11,21,8662,d7c9fad70f6e0eafb29c0c0b274bce2fa622e3ea,2026-07-27 12:12:30
unv,2 Kin,12,21,8634,c13092a81d639d43c9ab8bb18944b7e679fa114f,2026-07-27 12:12:32
unv,2 Kin,13,25,10163,3a8c08da91f291822bf8b60086fd06a3c815baee,2026-07-27 12:12:34
unv,2 Kin,14,29,11559,ed7b09f1f6ddcaf1ce6df5242ea9a717e0924995,2026-07-27 12:12:35
unv,2 Kin,15,38,14006,c407302f2d14dccf7af97b737c01cd8b99967556,2026-07-27 12:12:37
unv,2 Kin,16,20,8393,a79dde09cbc5065a09dbe1f750ce22195a425c3b,2026-07-27 12:12:38
unv,2 Kin,17,41,16738,a50508ad79eab1e267a060e6c8f52491a199f4bc,2026-07-27 12:12:40
unv,2 Kin,18,37,15786,f0e816e92bf7913fd5974f467b2f116874f5dbd5,2026-07-27 12:12:42
unv,2 Kin,19,37,14550,a5e6c2e2cbd862993d1642207f840a44c1198e9a,2026-07-27 12:12:43
unv,2 Kin,20,21,8875,42cee35dc39ab7d88d73aa0ab313eb768a989e3e,2026-07-27 12:12:45
unv,2 Kin,21,26,9920,cc7ad7087f597f9de01a65d1c3172eccd3130361,2026-07-27 12:12:46
unv,2 Kin,22,20,9039,7bbe616a545972a5fb97fb0848fad2b64d86d5dd,2026-07-27 12:12:48
unv,2 Kin,23,37,17555,214d65eb8bf1b4761fde991cfcf67cb42085690b,2026-07-27 12:12:50
unv,2 Kin,24,20,7561,eec22698e6029d2f7d465764b78239ae5f2db725,2026-07-27 12:12:51
unv,2 Kin,25,30,11785,66a0dd2a04cc255ed16ef8f06bfbe6c0804aedfb,2026-07-27 12:12:53
unv,1 Chr,1,54,12118,c31ceee7371a17e8540af7c1e9fb4c07990b6d0e,2026-07-27 12:12:54
unv,1 Chr,2,55,13615,28f2c2ef39a1185dc34f95fdd006fba9c8e4ad46,2026-07-27 12:12:56
unv,1 Chr,3,24,6053,4635554443336f2a3f8e726f2533cda40a1fb273,2026-07-27 12:12:58
unv,1 Chr,4,43,12299,aca218b30c9036351f59a96e853f15d5e9466d95,2026-07-27 12:12:59
unv,1 Chr,5,26,8796,1c66a80d512146742aa795c41c2a71de45879361,2026-07-27 12:13:01
unv,1 Chr,6,81,20949,b80b7f0fc63c734bc10ccb9bc046e9d3cab6d616,2026-07-27 12:13:02
unv,1 Chr,7,40,11554,7f8cce3ca9ca7428106e6508a700ffa752555ed4,2026-07-27 12:13:04
unv,1 Chr,8,40,8714,60b852f134561b0882a3df6d04da8fc23ba05bbd,2026-07-27 12:13:06
unv,1 Chr,9,44,12893,454aa5fc4eb17450810e3644e8b0042a6d6e43d3,2026-07-27 12:13:07
unv,1 Chr,10,14,5334,3b150fcd946994f87624f48b3a9c5595e4cfd7cb,2026-07-27 12:13:09
unv,1 Chr,11,47,13775,bbac7547f8586273d6586397e6565ef07c0450ec,2026-07-27 12:13:11
unv,1 Chr,12,40,13078,1e3a3840bb23e754a938c8981797d7f79d65b98c,2026-07-27 12:13:12
unv,1 Chr,13,14,5445,b9b674ffe87807dc54a68cf06204cbf14b3cc9f4,2026-07-27 12:13:14
unv,1 Chr,14,17,5473,3b02d84dc629d358f9f2351c83059221f8abd471,2026-07-27 12:13:15
unv,1 Chr,15,29,9691,d867917fa98fbea03cd79185817071de5127a863,2026-07-27 12:13:17
unv,1 Chr,16,43,12386,3ee3f36356e2f0cf04d7b07035690be8eb19eb82,2026-07-27 12:13:19
unv,1 Chr,17,27,10635,0d32250a72d681874a91af6062fadedb8ae8afee,2026-07-27 12:13:20
unv,1 Chr,18,17,6205,0a9e714324d508af07b7d74d9b0e5d087d286ba3,2026-07-27 12:13:22
unv,1 Chr,19,19,8026,c561a56223b1b973e98ae01747ec6a671c73a6d2,2026-07-27 12:13:23
unv,1 Chr,20,8,3781,8eccf42e6b31c6d167b821d0cab7f5f128c10052,2026-07-27 12:13:25
unv,1 Chr,21,30,12292,1d2cc8cc8ba08d63c8a6a9d89b355a79c50e1983,2026-07-27 12:13:27
unv,1 Chr,22,19,8089,7fb444fef7c3936d57babb9549cb7b5e8afb923e,2026-07-27 12:13:28
unv,1 Chr,23,32,9086,f0a18e439af7c456f025cf57782946254e1bcd20,2026-07-27 12:13:30
unv,1 Chr,24,31,8172,36bfd3886777c03f7fe34bd31f3f6e281e40749a,2026-07-27 12:13:32
unv,1 Chr,25,31,8249,c112c66727efb20807b0c4cca836c6f537da1574,2026-07-27 12:13:33
unv,1 Chr,26,32,9826,cf5af3b14c90b0012463aba4a5f1fbd64d4b7961,2026-07-27 12:13:35
unv,1 Chr,27,34,10541,d9764e41ce6eefa274d776e9b7051a297f244eea,2026-07-27 12:13:36
unv,1 Chr,28,21,9502,a91429273f7b62e6a8d2433442d03b7469090e6c,2026-07-27 12:13:38
unv,1 Chr,29,30,12040,0afbd8ef683285f6e68f871b19bb172652c852b5,2026-07-27 12:13:40
unv,2 Chr,1,17,6823,137f0d49181144d1792a13a42cd218332619eb58,2026-07-27 12:13:41
unv,2 Chr,2,18,8242,ace6a683fae2773833b8effd733f1090de20d3a5,2026-07-27 12:13:43
unv,2 Chr,3,17,5911,3082a03a3e12ad23616d7d02f5a04befe2892d53,2026-07-27 12:13:44
unv,2 Chr,4,22,7263,18ab6797da8d12acf4b104eb33ba3c357a5d0026,2026-07-27 12:13:46
unv,2 Chr,5,14,6014,423a2b6c40f353bd9a8416ddd9f9cdab6383a7be,2026-07-27 12:13:48
unv,2 Chr,6,42,17830,e12d9972a4d9763c48122f2a4206801957486bdb,2026-07-27 12:13:49
unv,2 Chr,7,22,9588,cee263137e07baedcbbd01df3b89fa24295fb4d8,2026-07-27 12:13:51
unv,2 Chr,8,18,7092,4cc9e655390c3cd58db12f71403f5f0f7c2f6da2,2026-07-27 12:13:52
unv,2 Chr,9,31,11806,f002ba64ee0d15ab7a5c9d50be6c88a5d473a8f6,2026-07-27 12:13:54
unv,2 Chr,10,19,8098,b1fbabcdeb60261b7f47c2e14686e1053be7de41,2026-07-27 12:13:56
unv,2 Chr,11,23,7773,2d9fc2c534034099b72ebf5e3b09ccbac944561e,2026-07-27 12:13:57
unv,2 Chr,12,16,6490,8bf1353004cdb2520e25276f6082b8c5ed93752b,2026-07-27 12:13:59
unv,2 Chr,13,22,8795,fd557202adba4ca9d4f2e73bf27123ce9ae1b09f,2026-07-27 12:14:00
unv,2 Chr,14,15,6049,bd0c3b3c9e285e3098ceb55e2e9e88f7628bbccf,2026-07-27 12:14:02
unv,2 Chr,15,19,6834,231b789fb6ce0fb844349888331875574543666c,2026-07-27 12:14:03
unv,2 Chr,16,14,6118,cc50dff1c59a82936b929c4acabd8446eaad8fa4,2026-07-27 12:14:05
unv,2 Chr,17,19,6208,3fe62d5b7893808b021bb00427224a97f2f8537e,2026-07-27 12:14:07
unv,2 Chr,18,34,14108,ac2ec3e9e69aae4b8eabe3aee8eb967db2993d7a,2026-07-27 12:14:08
unv,2 Chr,19,11,4929,a5fa33f41f6e8ea5a9120690996a2f9ffec17a1c,2026-07-27 12:14:10
unv,2 Chr,20,37,15223,ac27ced457284cd65944e803a60669273cb08595,2026-07-27 12:14:12
unv,2 Chr,21,20,8018,313f894a709f70d40b90fb55a29363c860a16fe5,2026-07-27 12:14:13
unv,2 Chr,22,12,6006,d0c6597b24e38531b67249fe6d16244ecb7ac2ca,2026-07-27 12:14:15
unv,2 Chr,23,21,9204,0fdd10012015d4034d4b18f51e4619e746bfab54,2026-07-27 12:14:16
unv,2 Chr,24,27,11509,fadb4dca61e273d6883794b06002298a4cda4d82,2026-07-27 12:14:18
unv,2 Chr,25,28,12332,466763753f4a76987f14cdcb8ca5b064fc337a64,2026-07-27 12:14:20
unv,2 Chr,26,23,9430,14458aee24d4b3ba2a111bc89b424732a96c7711,2026-07-27 12:14:21
unv,2 Chr,27,9,3277,149d4e50b81809b99558f872efaf9ef4cc2ef1b0,2026-07-27 12:14:23
unv,2 Chr,28,27,11337,c85392e638d1824ac662c12802cae33c3e5f2414,2026-07-27 12:14:24
unv,2 Chr,29,36,13887,028e8fac3d335adcac2ff527bd1ca5b04d375696,2026-07-27 12:14:26
unv,2 Chr,30,27,11589,0a2187ef4916cd6ce88eab3b9f4b98aec508b752,2026-07-27 12:14:27
unv,2 Chr,31,21,9065,2145731fd71f3fda5296fb38acdf8fe57bf2801d,2026-07-27 12:14:29
unv,2 Chr,32,33,13895,00da93a40c6594626340404d2fcebfa7528fb444,2026-07-27 12:14:31
unv,2 Chr,33,25,9791,785595cb7ae82ee3ee3497d84e2c2724f0a945cc,2026-07-27 12:14:32
unv,2 Chr,34,33,15024,bfe91fdf120ab7ef20f72934e64bfbb0d4cff254,2026-07-27 12:14:34
unv,2 Chr,35,27,11519,e9baa402ca9f3f450a55c6ba9229d034a7f1c65f,2026-07-27 12:14:35
unv,2 Chr,36,23,9432,06c6e1803debdfed025ac1a1231dc14e4c69bb31,2026-07-27 12:14:37
unv,Ezra,1,11,4747,e7c54a58ae19d9cb064c5088bd182b95619e7cd3,2026-07-27 12:14:39
unv,Ezra,2,70,14602,419916066032008bd8246b6b0b6f23e760910d6a,2026-07-27 12:14:40
unv,Ezra,3,13,6368,73fcc0755485263057571d305996f1f9b0c2ee1f,2026-07-27 12:14:42
unv,Ezra,4,24,9389,468d5cb64b8d43d80398903a3889313a2b72d998,2026-07-27 12:14:43
unv,Ezra,5,17,7385,1cd5eddf198e797b2807435be7750634b7f223e9,2026-07-27 12:14:45
unv,Ezra,6,22,9324,5f38872d8c7408759e7f5cc360a33d04defa7d81,2026-07-27 12:14:47
unv,Ezra,7,28,10753,7f04392f70decbc2665a24df6ed299b9fd2b533f,2026-07-27 12:14:48
unv,Ezra,8,36,12452,57e8f1f58d71f93ba7e2b50c45850b78ae3de459,2026-07-27 12:14:50
unv,Ezra,9,15,7641,c42b7d0efb1cbedcfba35bac12e9a702d448c1a7,2026-07-27 12:14:51
unv,Ezra,10,44,13015,82f1c9a2c440356c07c59c92c2d54d0d92515640,2026-07-27 12:14:53
unv,Neh,1,11,4918,1dd0038b0b94f99f0cf1faf34c9fab9fdbeccd89,2026-07-27 12:14:55
unv,Neh,2,20,8796,d5dd6a78e9d2b2c8f5b1ab2cf284f62d3fb1405c,2026-07-27 12:14:56
unv,Neh,3,32,10823,d463a85a1ca0282009f6920be59f55265812b369,2026-07-27 12:14:58
unv,Neh,4,23,8713,4be240e8fd74974fbe841183d3b86b012ec35095,2026-07-27 12:14:59
unv,Neh,5,19,7971,aed24b8a380b876c6f2bf04139826cca715a2715,2026-07-27 12:15:01
unv,Neh,6,19,7948,f5e364a8697d9f6fd7d2a830b13672da20dbbb6e,2026-07-27 12:15:03
unv,Neh,7,73,16320,b5983c2810dfabf83255f70e009e8234306f4a63,2026-07-27 12:15:04
unv,Neh,8,18,8629,19138c4932c399a23757641bcd92a16b67201488,2026-07-27 12:15:06
unv,Neh,9,38,16937,9f6a99e9a415843541967dc4096500c72b2c6be2,2026-07-27 12:15:07
unv,Neh,10,39,9706,663a00f6517241035f31786224b0ce30ccdea651,2026-07-27 12:15:09
unv,Neh,11,36,10786,13cdc5aefcc8b05318fd22cc29444390af0d6834,2026-07-27 12:15:11
unv,Neh,12,47,13593,a3b34c6d4ad211ce4b783e3c2b5670ce30cbffcc,2026-07-27 12:15:12
unv,Neh,13,31,12430,70bc90eb6f5b5ea23b07fe5b4cc29debcb14c19e,2026-07-27 12:15:14
unv,Esth,1,22,8760,a5757e3ca162543e480b2deff2a28084cfc62184,2026-07-27 12:15:15
unv,Esth,2,23,10003,c31045a1b713c3501ac99bafa650b49cd39f2011,2026-07-27 12:15:17
unv,Esth,3,15,7160,213f2300511ed1c50bddb8c24916f9fb29de48dc,2026-07-27 12:15:18
unv,Esth,4,17,6979,56765fa7b5619cbc3f5c938075b0db13f94b01ed,2026-07-27 12:15:20
unv,Esth,5,14,6062,9401ef2f1207b6bda2194d7ea15348f0bd94f7b8,2026-07-27 12:15:22
unv,Esth,6,14,6370,a8ad935fc7b9a6617656f425dbcdcce58ba25bfc,2026-07-27 12:15:23
unv,Esth,7,10,4623,b5ecdaae07cdb984d14446f2df4f51732beb4856,2026-07-27 12:15:25
unv,Esth,8,17,8137,f75c36b6a55f64b7972c7bcbc78df145e8de73e2,2026-07-27 12:15:27
unv,Esth,9,32,12575,94ec4af666c776a20f8b55ed54a718694706570f,2026-07-27 12:15:28
unv,Esth,10,3,1285,2ed5625ec8b978597aa2b2ca5e32f3b3fbefdbe3,2026-07-27 12:15:30
unv,Job,1,22,8541,966f9f0599983c9932dd786f827d0e61e9194a4c,2026-07-27 12:15:31
unv,Job,2,13,5270,bbb5c521dcccd24e7fb23b8a273111838b26de42,2026-07-27 12:15:33
unv,Job,3,26,6200,0a9d243b3ae6c74b446fe7542721fe852b88f2c7,2026-07-27 12:15:35
unv,Job,4,21,4989,9bb5f597d5dd8b14e7cf1f441de81c5240c0887e,2026-07-27 12:15:36
unv,Job,5,27,6566,b06767bc29518e0812efa4a7ad896e72613ff34e,2026-07-27 12:15:38
unv,Job,6,30,6940,b89dbcb32417307c0cab281cc3e5603e099c9367,2026-07-27 12:15:39
unv,Job,7,21,5405,2190e42ab084358e489ddae6775338d62ae115be,2026-07-27 12:15:41
unv,Job,8,22,5041,7cded9af568753a4f8cd6d7c10e9e18f24ae4185,2026-07-27 12:15:42
unv,Job,9,35,8062,9f0eace1572e1d70c88e0d3e93b11c7a8f33f709,2026-07-27 12:15:44
unv,Job,10,22,5612,3dff2b02657499a0585645de305eb97c40fc7a49,2026-07-27 12:15:46
unv,Job,11,20,4792,34fb11ee635b90229273805c1643c50c9d167154,2026-07-27 12:15:47
unv,Job,12,25,5895,1eeb827f3c0105e4df076e3fefbcee3d7e4fbc9c,2026-07-27 12:15:49
unv,Job,13,28,6599,c6b8d00922d80587d8810b7e689210f6d9c75fdf,2026-07-27 12:15:50
unv,Job,14,22,5594,5fc1566f49317f7b7084c59cc39ec5b8e60bd70b,2026-07-27 12:15:52
unv,Job,15,35,8353,68a0b502081bb8b7a3a30b8e71cf355caff4a2ab,2026-07-27 12:15:54
unv,Job,16,22,5367,793d473062f0c5f367e64c1a0e0aad15ac9d4eba,2026-07-27 12:15:55
unv,Job,17,16,3807,17a937e80dc453242724d2121d9e44f901e39d67,2026-07-27 12:15:57
unv,Job,18,21,4831,2dc8be84e2f5873ef343cca08f1a8f59a15a1392,2026-07-27 12:15:58
unv,Job,19,29,6942,a657e1bc8cbfce9c9f89a71dada2d58bdcc4ed72,2026-07-27 12:16:00
unv,Job,20,29,7029,ccb0e799d0fb2043de898e6a4635ed2a7c515e9c,2026-07-27 12:16:02
unv,Job,21,34,7771,2df3af9d006d482a80f95c1885dcdbd52854c03d,2026-07-27 12:16:03
unv,Job,22,30,6779,7a8baf4ec665d71c51bbe8877fb90c0e1a1b6278,2026-07-27 12:16:05
unv,Job,23,17,4087,7a5f71d56f251e27d3a25a7b9eb0b9c14d5c0961,2026-07-27 12:16:06
unv,Job,24,25,6526,45677695349f11b38beb22e9ee947836d9dd7843,2026-07-27 12:16:08
unv,Job,25,6,1462,530a5e42fd1dd8908568bb855dbe4c0966868f9e,2026-07-27 12:16:09
unv,Job,26,14,3209,e4ea9061c10c1cc24916049a32b01cada6df9bf9,2026-07-27 12:16:11
unv,Job,27,23,5482,a7c095375d2370118c536eab28973d954816330f,2026-07-27 12:16:13
unv,Job,28,28,6367,8354ae4a5072ff3043f497ced7e684b042707e01,2026-07-27 12:16:14
unv,Job,29,25,5712,8887901f317ead88233e1fd78f0c2c862cfc10ab,2026-07-27 12:16:16
unv,Job,30,31,7446,7dab70bb7d40058a1359d4f3fb53f895a24e4e51,2026-07-27 12:16:17
unv,Job,31,40,9563,42b1b85312eda8457fcdd75cdf565df50e3f20f0,2026-07-27 12:16:19
unv,Job,32,22,5761,4cefe035a3356aa21f8a856571338a73d27bd437,2026-07-27 12:16:21
unv,Job,33,33,7894,4119dcea961564b63bc5fad16541caa3b581b20e,2026-07-27 12:16:22
unv,Job,34,37,8895,35cd6b28dcf91dc16a489811134d690383288f75,2026-07-27 12:16:24
unv,Job,35,16,3876,d30b6c3ff84c1903791f7b732037ef1ea2f0c94a,2026-07-27 12:16:25
unv,Job,36,33,7701,7da0f93852bc730c0a90ab4cbaa30c13c1fdd6fc,2026-07-27 12:16:27
unv,Job,37,24,5858,dbd4111c4f54a066b182b6136d285c13e5d96512,2026-07-27 12:16:28
unv,Job,38,41,9337,d0cc9a4df95a1771ddee694803b035868e1c48b7,2026-07-27 12:16:30
unv,Job,39,30,6991,5076a79e739fbd629c3fd4e3d224243ca71e5189,2026-07-27 12:16:32
unv,Job,40,24,5394,391d667c6c79da1d843fbc55c9dce95e60672b29,2026-07-27 12:16:33
unv,Job,41,34,7495,f3d2bc814284c07809885217109954eb502ffa83,2026-07-27 12:16:35
unv,Job,42,17,5973,e706f0f2139bb2b7a1655d3d42b03c61fdf6b180,2026-07-27 12:16:36
unv,Ps,1,6,1906,d865d2fdb48d5daee8d60c81eca4d23ed84b2825,2026-07-27 12:16:38
unv,Ps,2,12,3089,8884447c589e0224739a3ea8d6455625a7a770bf,2026-07-27 12:16:40
unv,Ps,3,8,2303,2138b2d03848cd8926d85183632c277061758452,2026-07-27 12:16:41
unv,Ps,4,8,2620,2e40c64414916ea59d833ace6559c822edb46839,2026-07-27 12:16:43
unv,Ps,5,12,3662,3715cd3c1e0da1bdede1c6604e94e3cd760d4f0b,2026-07-27 12:16:44
unv,Ps,6,10,2848,eec026bceef2a9fc6ed9c8bb512da52bd7b43b11,2026-07-27 12:16:46
unv,Ps,7,17,4697,f4b6dd33ee79cf46f233b725daae3dbd8bf54727,2026-07-27 12:16:48
unv,Ps,8,9,2432,faf5e91100ee0ee057da6a831d98d387c298f1e2,2026-07-27 12:16:49
unv,Ps,9,20,5634,44b43c7bf4071506d9889222e430c3a04c91285a,2026-07-27 12:16:51
unv,Ps,10,18,5331,c5c808325f98dd0b16da4b325ce8eb1c3eb79d24,2026-07-27 12:16:52
unv,Ps,11,7,2093,e8c1d2c0e968219ff50de1d88fd6b1313afe92be,2026-07-27 12:16:54
unv,Ps,12,8,2489,e02b89c36f1b5ced0d28267dafb08f9aadb227f7,2026-07-27 12:16:56
unv,Ps,13,6,1883,a5a6a6e2b3b8cf2a22daa3bf8b6523b9515fc290,2026-07-27 12:16:57
unv,Ps,14,7,2298,511f43996e0003c24f41cf6d7beebbc80d40454f,2026-07-27 12:16:59
unv,Ps,15,5,1708,3d4d70cdec56fb1e10843fafa9d06287f880fc9d,2026-07-27 12:17:00
unv,Ps,16,11,3121,b6614f3bf2bb95c50df93d49a09375f8b989f160,2026-07-27 12:17:02
unv,Ps,17,15,4453,4e73ee17680715ce2210ba4edbb0ef23203dd088,2026-07-27 12:17:03
unv,Ps,18,50,12866,f22e3bbce64b6d5f123f06bac61746322dfed45b,2026-07-27 12:17:05
unv,Ps,19,14,3916,f0dd9c2d2872ced4ff28e8d077437c044d997c9f,2026-07-27 12:17:07
unv,Ps,20,9,2492,0f7edc6373ad8a283d63b96ea7a765455bf4b620,2026-07-27 12:17:08
unv,Ps,21,13,3551,9b304945cd9e078f46efe00f73243b5f55dc120f,2026-07-27 12:17:10
unv,Ps,22,31,8171,cc6ce42686cd61d74ce9dcd521599aac0c637a3a,2026-07-27 12:17:11
unv,Ps,23,6,1842,a65025412e84ad9a7a1ca1e4cfa62e9eaa1a59d0,2026-07-27 12:17:13
unv,Ps,24,10,2697,a735aaecd9756986032be31eb5c31fb2fbc5b192,2026-07-27 12:17:15
unv,Ps,25,22,5284,14da1ee00481f20ff6ffe1341f7e95f2376d92ef,2026-07-27 12:17:16
unv,Ps,26,12,2982,d8d067edcda02585aa761904799e966f6f64e3ac,2026-07-27 12:17:18
unv,Ps,27,14,4643,04081c5e80c3a308f4951fc37a670be3998908da,2026-07-27 12:17:19
unv,Ps,28,9,2947,cd3c221cd0ea6255551d5e4299bf6bcd0aab5079,2026-07-27 12:17:21
unv,Ps,29,11,2935,bdba3b0b4a4462019863dee41abb4f56cf7d0178,2026-07-27 12:17:23
unv,Ps,30,12,3426,3d0e32ae8f8ea0b0fe2266a764ff1361b29b303a,2026-07-27 12:17:24
unv,Ps,31,24,7201,4fcfe767c726bec91b9a3161512d0c31de78dc87,2026-07-27 12:17:26
unv,Ps,32,11,3375,e7e878c7e9dc9e168af0b2638f89682fe49fcbd5,2026-07-27 12:17:27
unv,Ps,33,22,5193,a0df6496ecabf3457748e9c8cdb5850c7482377e,2026-07-27 12:17:29
unv,Ps,34,22,5396,63b140a727755aca9eace4f18d4cbc238103d89b,2026-07-27 12:17:31
unv,Ps,35,28,7617,ca4f746c27566cae1600d6790440bf2e711b9697,2026-07-27 12:17:32
unv,Ps,36,12,3247,1dde26d190fd4a58ad63847bcdff0357f09c0fd6,2026-07-27 12:17:34
unv,Ps,37,40,9894,e9e015b7eeebdfcc5678f28d7bc121bbb09a6a8f,2026-07-27 12:17:35
unv,Ps,38,22,5299,130e0248619e2bb72ba286a0997c21edd3792f35,2026-07-27 12:17:37
unv,Ps,39,13,4103,0f6e67b7d59b32cb7f33f84fcd30b1919aa1491b,2026-07-27 12:17:39
unv,Ps,40,17,5478,63b1c6210d78ccab0696f500ddcb4803ea27809f,2026-07-27 12:17:40
unv,Ps,41,13,3722,f7947e821b4c419ed4b533bce5e9b96695cd5943,2026-07-27 12:17:42
unv,Ps,42,11,3840,92974763e1b5a3aeab742517a1908d35dcc2eb42,2026-07-27 12:17:43
unv,Ps,43,5,1862,02938bd110abdea8e5b47adaf478e022dd9ccbaa,2026-07-27 12:17:45
unv,Ps,44,26,6651,7ed50efe1652a2a8bc2ec207ed4238d9b9939f97,2026-07-27 12:17:46
unv,Ps,45,17,4755,05a13b060da503a3399549803cd0ff544dc1e931,2026-07-27 12:17:48
unv,Ps,46,11,3132,8c02c6ce600b776c71c1161ecd40888814e7de0c,2026-07-27 12:17:50
unv,Ps,47,9,2420,f0e7edf3a0f9129ecd0c2580149887858c00ee85,2026-07-27 12:17:51
unv,Ps,48,14,3553,ead78c3130ed9d222e5b903725e59d9612599bdb,2026-07-27 12:17:53
unv,Ps,49,20,5253,8a135f0b76a3dbf91c379ce0d0b394344b5d6980,2026-07-27 12:17:54
unv,Ps,50,23,5765,d9be66f925d991eaa78a43177a076c2dccf8261c,2026-07-27 12:17:56
unv,Ps,51,19,5214,832b52bb203fe490d70b8c7d8de1ea656e73c1f6,2026-07-27 12:17:58
unv,Ps,52,9,2886,e687b676fe92423f43b7844d5caef0b9517878b0,2026-07-27 12:17:59
unv,Ps,53,6,2315,b46af85ad734b1c85c7c3c951a8e732c728fb615,2026-07-27 12:18:01
unv,Ps,54,7,2279,ea748445d9ef0ad971c6e9773b97a953750266da,2026-07-27 12:18:02
unv,Ps,55,23,6223,3aa4f781ef60ea2b3e487dfe8045e088dc78960a,2026-07-27 12:18:04
unv,Ps,56,13,3848,d7b649bd58d933967b83d843327ba0504da94d21,2026-07-27 12:18:06
unv,Ps,57,11,3412,0e14ea82de036c1d88e531710c89d24e6b10f26b,2026-07-27 12:18:07
unv,Ps,58,11,3149,b0a3195f25bd8a7b31fe4290c801f98ce615e956,2026-07-27 12:18:09
unv,Ps,59,17,5233,4de8181a8463e525af99f81e762e03112f1cf62a,2026-07-27 12:18:10
unv,Ps,60,12,3633,983d4e397db718d12b6f52b0cae7d4c2310db42f,2026-07-27 12:18:12
unv,Ps,61,8,2292,eba596dec7e3a6abb4d6d4449a7b4394ce2c068a,2026-07-27 12:18:14
unv,Ps,62,12,3625,c151f0007cdc82b0edeb503fb08fd09e31aaf376,2026-07-27 12:18:15
unv,Ps,63,11,2960,202d730119d1f5669a7561af7c32951ef9620be3,2026-07-27 12:18:17
unv,Ps,64,10,2809,1a041eb0b8d0da4d0e52557248d89ad8eccecc54,2026-07-27 12:18:18
unv,Ps,65,13,3578,a0f766051086b862bf8df85cad1d0357314f2d05,2026-07-27 12:18:20
unv,Ps,66,20,5097,2f43d492d955a764bd4240a48d6beeb1582fc64d,2026-07-27 12:18:21
unv,Ps,67,7,1885,f7865fd7628105adfabb0169a3444dc533fd41d0,2026-07-27 12:18:23
unv,Ps,68,35,9678,88b860db5f1d875da2a16594665b434bdaa58443,2026-07-27 12:18:25
unv,Ps,69,36,9463,d475a2584ca63d97450978688dae0e68028668f2,2026-07-27 12:18:26
unv,Ps,70,5,1688,037c11ed37fea476da97f640b94b33de2fd6b3bd,2026-07-27 12:18:28
unv,Ps,71,24,6417,9f09b7a3817d87e706a1209667a11e166625f08b,2026-07-27 12:18:29
unv,Ps,72,20,5210,10be4ee04f612c3d54892d781346c97a55371692,2026-07-27 12:18:31
unv,Ps,73,28,6531,7f5851900f12ed591e0f116e3d60d64ec593da96,2026-07-27 12:18:33
unv,Ps,74,23,6091,0f436b9c97080f1ea26521de12794e0e948ccd58,2026-07-27 12:18:34
unv,Ps,75,10,2874,cbcfbfeae6ca8763c3a0e2716b3c0d3935ee1935,2026-07-27 12:18:36
unv,Ps,76,12,3116,f97272b073f0c662fe518f03d5fbca6ffa3b08be,2026-07-27 12:18:37
unv,Ps,77,20,5016,bfd935535abccf4e6b71a5e5b5f9d46be7161b38,2026-07-27 12:18:39
unv,Ps,78,72,17640,ea03e82bc8d181df1c015b140ae5ef7024668f7d,2026-07-27 12:18:41
unv,Ps,79,13,3946,965c117a2bd8c7305310473dc43882c286b65fcb,2026-07-27 12:18:42
unv,Ps,80,19,4865,ea8fddf998c073e501a1efda1561ff0090b68f4b,2026-07-27 12:18:44
unv,Ps,81,16,4233,ca7f83b9eed6c3653dc3a300ce574c72dc99d6a4,2026-07-27 12:18:45
unv,Ps,82,8,2126,6d24e21a096a49a804a1d04bcdafc06684cc81de,2026-07-27 12:18:47
unv,Ps,83,18,4369,c830fd3cd480f402a24aa63d7c0a9c45c12b0f28,2026-07-27 12:18:49
unv,Ps,84,12,3564,6fbb0fac7806b12b92d1d99c32f6fb70c893eba5,2026-07-27 12:18:50
unv,Ps,85,13,3313,399323fcc924b994adfc328ea64a91915de9065b,2026-07-27 12:18:52
unv,Ps,86,17,4613,f3878334a9a17872caf706fafabd28bd6c644a89,2026-07-27 12:18:53
unv,Ps,87,7,1925,8be275abf3ce20b785d25a251e34aadeb463e9e8,2026-07-27 12:18:55
unv,Ps,88,18,4790,439523cd4c717159b6cc95fbb4376b20296f6fad,2026-07-27 12:18:56
unv,Ps,89,52,12519,dfa3759e3e194367c1f6ba4a79cfe500129a91ad,2026-07-27 12:18:58
unv,Ps,90,17,4530,7e87b98fc69ac0318ec45b379b5a5cf91487ba5b,2026-07-27 12:19:00
unv,Ps,91,16,3962,02fa8f967b5d73bf7cf92161451df2a5df0a3706,2026-07-27 12:19:01
unv,Ps,92,15,3789,fe97b6f961dec18a532a4795c70f32903ab9e0b2,2026-07-27 12:19:03
unv,Ps,93,5,1490,6a8daaf23009704a25b10bf2ef94cdb742b7a088,2026-07-27 12:19:04
unv,Ps,94,23,5465,74c8bb5057acd9ffa4b8c677b496c49c83b53903,2026-07-27 12:19:06
unv,Ps,95,11,2850,8232d2d797f95d7ae5467297f0da82db4ac003f1,2026-07-27 12:19:08
unv,Ps,96,13,3605,88e02b3618eedfe1ba5ee6589696f1cb71ea687c,2026-07-27 12:19:09
unv,Ps,97,12,3092,33d5b3449f3e251ea8fbf498f8ee6219196d1119,2026-07-27 12:19:11
unv,Ps,98,9,2482,9c390ad02aadca1726316222b25d48ca6243dde2,2026-07-27 12:19:12
unv,Ps,99,9,2620,cc7880d1fe36ffe29043202a076f3906f7c68161,2026-07-27 12:19:14
unv,Ps,100,5,1495,590125788c38afc7357c671281ce3665540de3e2,2026-07-27 12:19:16
unv,Ps,101,8,2654,298dc2f0d06196c54cd5c4deb237b98154f87e2c,2026-07-27 12:19:17
unv,Ps,102,28,6936,adbdb38f42db1e90825465b79e80ab24d5d8b83c,2026-07-27 12:19:19
unv,Ps,103,22,5514,e09e52318f94816c6c9d8c1feca5f26aff8d61cb,2026-07-27 12:19:20
unv,Ps,104,35,8477,91ee9317bc44449318c77018ce48997f6e984a0c,2026-07-27 12:19:22
unv,Ps,105,45,10069,5aba12b12195399ad9f6bee421922d1b5d0d3e20,2026-07-27 12:19:24
unv,Ps,106,48,11605,2b09155668e140080b20c0aae87b05f044e84cba,2026-07-27 12:19:25
unv,Ps,107,43,9739,0c1bce8d40d03726285b37e38df90f0fbff3d3c0,2026-07-27 12:19:27
unv,Ps,108,13,3291,db7ca78a1dcda1ce7afa7fe033d578dea550e573,2026-07-27 12:19:28
unv,Ps,109,31,7475,5c9879759770f5778d7c7b276d5875507b277da8,2026-07-27 12:19:30
unv,Ps,110,7,2256,4da3978539b95c1e7fc793b614f9d481226f49a7,2026-07-27 12:19:32
unv,Ps,111,10,2589,ddb9424c7abe877e128f7a4aedfe186ed92d52b8,2026-07-27 12:19:33
unv,Ps,112,10,2708,e1c7938498108d4c9b9ffd7fa293efd7c6981d37,2026-07-27 12:19:35
unv,Ps,113,9,2182,18c82edf59104484b87f4d22f75021427f05c272,2026-07-27 12:19:36
unv,Ps,114,8,1948,5741d2173b737b9b8be2e4634e2cd4b27de70c04,2026-07-27 12:19:38
unv,Ps,115,18,4249,5323d17213af086aa8217e93f52bf528046ef4a3,2026-07-27 12:19:40
unv,Ps,116,19,4390,011a7ca3c4b53be0a17e36959c4176bb1af0651c,2026-07-27 12:19:41
unv,Ps,117,2,718,5b9d984148533863d57f58fc1a133af7b6a5ddc2,2026-07-27 12:19:43
unv,Ps,118,29,6760,6d630c784a3c97e2c348b9e8973178163d9068ff,2026-07-27 12:19:44
unv,Ps,119,176,37722,430cc783493e3d1389c8b44bc645e0d9f3ee86c6,2026-07-27 12:19:46
unv,Ps,120,7,1751,434dce1e5579cadf55ef458e0e579518dee41a0f,2026-07-27 12:19:47
unv,Ps,121,8,1942,0a2157909f505a259c81ec809e7bffec4efb1274,2026-07-27 12:19:49
unv,Ps,122,9,2300,c3480dd1ee2f0c5823d9158ad70f037e3f620034,2026-07-27 12:19:51
unv,Ps,123,4,1398,e042ba299ee153c45e8d947a16dc7dd940872934,2026-07-27 12:19:52
unv,Ps,124,8,2035,b6b6d7cf8a9614118e10166210c2bde1e9448346,2026-07-27 12:19:54
unv,Ps,125,5,1606,866172a766c8ca8c56de785c364493fa025c1bc8,2026-07-27 12:19:55
unv,Ps,126,6,1782,601785ddc3ce92dad375ebc4d237ed179bad35b5,2026-07-27 12:19:57
unv,Ps,127,5,1795,f5b9b939f4a46f6e39df5800290d79b547a7e69b,2026-07-27 12:19:59
unv,Ps,128,6,1617,271cd0da2c8a79044dee1b32298abf63c1c0a104,2026-07-27 12:20:00
unv,Ps,129,8,1974,632e2ce04c480ae3477bb11a46d9669f7aac4a06,2026-07-27 12:20:02
unv,Ps,130,8,1968,fce92a2a4fba945c26567b442f01ec8dec924f3b,2026-07-27 12:20:03
unv,Ps,131,3,1172,960efd236af6b9b9b05e4f5480c70038fc851a00,2026-07-27 12:20:05
unv,Ps,132,18,4454,a432f2df9fb981a088a7524d38ba6e9ba88435a1,2026-07-27 12:20:07
unv,Ps,133,3,1130,54c2058c79d52b0aaa79b98a79fcdf12b8221adc,2026-07-27 12:20:08
unv,Ps,134,3,925,7b5defd0e6bbf7c6a23e7ec5cd2d194a679b99e7,2026-07-27 12:20:10
unv,Ps,135,21,5166,31cad11d91dd362ba33a3251cb248b0d0e6a449f,2026-07-27 12:20:11
unv,Ps,136,26,5927,d422bb25f6c1afa8e55638e7a7ae967d117792a3,2026-07-27 12:20:13
unv,Ps,137,9,2592,4de6621b8ab451f73c5f4d381dc3ce0334b54575,2026-07-27 12:20:15
unv,Ps,138,8,2472,8a663dda08e91cca91034cc48a43289605014370,2026-07-27 12:20:16
unv,Ps,139,24,6066,b9766111c812be7046d5b7390fd9acc088b6c03a,2026-07-27 12:20:18
unv,Ps,140,13,3709,1221a8fe42878dfb3806f4b4c50e7c42d6cbb198,2026-07-27 12:20:19
unv,Ps,141,10,3041,27b12ff31ae06f2c04c8d9ee62e83621032d02f4,2026-07-27 12:20:21
unv,Ps,142,7,2436,7f5f204b7db53a174f5c071d8f13679d72d17fa2,2026-07-27 12:20:23
unv,Ps,143,12,3760,8999acae82272af8c204bf5581122c6b4bccb05c,2026-07-27 12:20:24
unv,Ps,144,15,4262,985dac00025bc79721a3b22cc7be41a8f792e10e,2026-07-27 12:20:26
unv,Ps,145,21,5006,beecf4fda8f63c40a201798bd5e8810c9cba7b3b,2026-07-27 12:20:27
unv,Ps,146,10,2813,e254086ed981cf8b1b4fe92da077317367111e94,2026-07-27 12:20:29
unv,Ps,147,20,4706,9c81110edba598ff6369938d225b67d43d51ce08,2026-07-27 12:20:31
unv,Ps,148,14,3439,6b050a77418c25ec2bef77bf7c999d0be912b1fd,2026-07-27 12:20:32
unv,Ps,149,9,2339,351a21a7f86b38bd491b6db3f0be7c9cd6f72255,2026-07-27 12:20:34
unv,Ps,150,6,1559,7edbc1cc15fff49ed80b197a959c880c2a30dfcc,2026-07-27 12:20:35
unv,Prov,1,33,7811,5c9ff0c13277e6838a56fb6a6d916e8af7c87cad,2026-07-27 12:20:37
unv,Prov,2,22,4865,ea9b17566de7d940b42ac71693e23f8cb827e7f3,2026-07-27 12:20:39
unv,Prov,3,35,8099,1b72adfbfb15e96ac11b1e154f0e9b8fdf8e552f,2026-07-27 12:20:40
unv,Prov,4,27,6567,57d22d1c336faf7da83e8edee852dcbe1c290c2f,2026-07-27 12:20:42
unv,Prov,5,23,5376,1dfba97532a4cffbd71e7423cce41513866d975b,2026-07-27 12:20:43
unv,Prov,6,35,8307,2e9bef08d46d7c8bdd1880288ffa08b93a58a299,2026-07-27 12:20:45
unv,Prov,7,27,6347,b66d83153ffa47f3e15dce635e1be342d9f936ea,2026-07-27 12:20:46
unv,Prov,8,36,8262,769b917e413d793e7f5229c1f23d440f5e8405db,2026-07-27 12:20:48
unv,Prov,9,18,4253,6db7fe8faac9a4d3c01f9f16d55c4dfc9ac47a4d,2026-07-27 12:20:50
unv,Prov,10,32,7218,49cb3bb75a74d2a641b2497205f60019b3caa302,2026-07-27 12:20:51
unv,Prov,11,31,7219,89e26304baf94803986eac9ad267d49668bfe5de,2026-07-27 12:20:53
unv,Prov,12,28,6401,95f717ca9d69f477b5123f3b7a40bebb6d494438,2026-07-27 12:20:54
unv,Prov,13,25,5862,38bec98d3247b503e29befdf1288a58534ed1cca,2026-07-27 12:20:56
unv,Prov,14,35,7945,08d2fd6cb0419c38b366d774139ced2bfaf96ba8,2026-07-27 12:20:58
unv,Prov,15,33,7466,abc4fb347591f43839a6b03a657fe529513e88bb,2026-07-27 12:20:59
unv,Prov,16,33,7661,7b888057a3e9894e2f1911dba735e2c132189696,2026-07-27 12:21:01
unv,Prov,17,28,6831,8cd1f0625faa5c44ca49b3430dee7c3a534d2e86,2026-07-27 12:21:02
unv,Prov,18,24,5620,baa916ca56fc2a3e1ceb61145f7a90e5e2a218e0,2026-07-27 12:21:04
unv,Prov,19,29,7081,8c745e39ca1c27ca0404c4a1aaea163bc78be925,2026-07-27 12:21:06
unv,Prov,20,30,6977,27a1c7e8b8f5bccc51cc6be27ceb0d59681bbf81,2026-07-27 12:21:07
unv,Prov,21,31,7334,f1599bba2033ddd02ded28ef0fc185431464551b,2026-07-27 12:21:09
unv,Prov,22,29,7053,f28f497d4ea7faa9559df0e03de97e1a4982cfca,2026-07-27 12:21:10
unv,Prov,23,35,8723,a45051b1d25a976e8ebbf83ce9084223ffa00349,2026-07-27 12:21:12
unv,Prov,24,34,8415,7d0ed9398bc5bb81597d463462c1ad5f4f4cd513,2026-07-27 12:21:14
unv,Prov,25,28,7006,b54c659765939efe0ab58c0a01f1e859b34a9459,2026-07-27 12:21:15
unv,Prov,26,28,6908,54e7cdd06bda214421c625f383489a60e42e1ae8,2026-07-27 12:21:17
unv,Prov,27,27,6668,4fb8924d13ebe837360b6d33c29ee4524752c99b,2026-07-27 12:21:18
unv,Prov,28,28,7072,4d6910e0b47a4806bc7c93cb0a7f6cd3e350d045,2026-07-27 12:21:20
unv,Prov,29,27,6382,983eeda2fc188225314a79b323688af7afe14627,2026-07-27 12:21:22
unv,Prov,30,33,8528,99279ae30c2b550bc099534dd2164b1774bde991,2026-07-27 12:21:23
unv,Prov,31,31,7093,1fd9f648abb17633659ed58571453ac52c7c7de7,2026-07-27 12:21:25
unv,Eccl,1,18,5712,a410f40c4bd144beb59662d1da37df975887299a,2026-07-27 12:21:26
unv,Eccl,2,26,9864,db051432de8933846529879be56a60aef6e7cc17,2026-07-27 12:21:28
unv,Eccl,3,22,7264,fb37a5ab13c6ec47b779086534d6ff445a26b7c3,2026-07-27 12:21:30
unv,Eccl,4,16,5464,3383cce5107eed6401ff885272109d320b741d71,2026-07-27 12:21:31
unv,Eccl,5,20,7424,73c4f8f94ffcba8e4ab1cb3d6f58fe9ec2eaa0e7,2026-07-27 12:21:33
unv,Eccl,6,12,4242,b3f9419313ecf23f802fdafffc697ff96c05fe2e,2026-07-27 12:21:34
unv,Eccl,7,29,8847,93380a7a4fa01b297edc66bc6f5081a8009c265c,2026-07-27 12:21:36
unv,Eccl,8,17,6888,6ae4adccab20386a7c6df9f32799a50dd0caf96a,2026-07-27 12:21:38
unv,Eccl,9,18,7598,e4dd705466a9375f0ad45bde9e290091202561c7,2026-07-27 12:21:39
unv,Eccl,10,20,5662,d02304e10cfd51cd25646e24b73bb76acd9bf2f9,2026-07-27 12:21:41
unv,Eccl,11,10,3836,a4c013232dbec8b867b4c286825c07a861d225ad,2026-07-27 12:21:42
unv,Eccl,12,14,4957,1de228f53d100e7c07023b95da0cdc4b6599a5c4,2026-07-27 12:21:44
unv,Song,1,17,4657,7940c1776dc4e01e5bc3e5e3c76fbb87498427c9,2026-07-27 12:21:46
unv,Song,2,17,5241,fce28e73120591d2700c8738cb565a129550da71,2026-07-27 12:21:47
unv,Song,3,11,3981,3b037d76b17dde215556cefe47f45cf1ce9aae4f,2026-07-27 12:21:49
unv,Song,4,16,5107,15fc4dd22ee2f6b45aed0b2f17d3b2259af4e609,2026-07-27 12:21:51
unv,Song,5,16,5414,2fa4ea040b20a5f94cfb03f7fddbb420ec4bae73,2026-07-27 12:21:52
unv,Song,6,13,4069,6cffb7fa2bf9b1fad87cccc5faaff10776829d63,2026-07-27 12:21:54
unv,Song,7,13,3899,c50fa285d48257e63bc7524d2c6e62ff52e1d24a,2026-07-27 12:21:55
unv,Song,8,14,4976,b72ad53c87f93eb61df5f51678683c3371f02b8a,2026-07-27 12:21:57
unv,Is,1,31,10245,66760470e161657bdf37e8d6e3f2607e26d4bc88,2026-07-27 12:21:58
unv,Is,2,22,7004,b8cd41656b4fccfb802545d2d0a0479e9f72e364,2026-07-27 12:22:00
unv,Is,3,26,7193,1c345a9a30e54200d925909412a495caf11c92ce,2026-07-27 12:22:02
unv,Is,4,6,2499,324cf7409336236c89db59cde87890a8149fc32a,2026-07-27 12:22:03
unv,Is,5,30,10578,b52b5905d41058f1310136e1f833ab6a6567376f,2026-07-27 12:22:05
unv,Is,6,13,4954,f8a9379c78867465f42c73343886cafc9061bce0,2026-07-27 12:22:06
unv,Is,7,25,8829,17c55700bf64040fd6ec7263fb639b88e621a59f,2026-07-27 12:22:08
unv,Is,8,22,7702,4cc388931b652fbb393c2dd31e2b3dd042c41f80,2026-07-27 12:22:10
unv,Is,9,21,7690,525988a0d244f4dd26a7363e748d08ec433becbb,2026-07-27 12:22:11
unv,Is,10,34,11668,79cdefc354f8479ed33550c437de150b643230c7,2026-07-27 12:22:13
unv,Is,11,16,5868,7932864ad82d65831479765d289c090a6d23409a,2026-07-27 12:22:14
unv,Is,12,6,2133,c72dec0c617655b8efea37ae08ad254aa59fb729,2026-07-27 12:22:16
unv,Is,13,22,7011,4bc8e53189e656c6042a9c3ef5d7f886c71278a6,2026-07-27 12:22:18
unv,Is,14,32,10726,e3d121ec0271b46109748f7c315f4fca021db270,2026-07-27 12:22:19
unv,Is,15,9,3353,b32ed0168c78d3f4be187054581fe6ddd2d7b869,2026-07-27 12:22:21
unv,Is,16,14,5383,d262388bb81a8c06842ae647e732374b6878e0a8,2026-07-27 12:22:22
unv,Is,17,14,5117,9962d917dbee7611161bf4e4927f948c7ba5a495,2026-07-27 12:22:24
unv,Is,18,7,3198,56d0a71d90f84dc2f1150e8c24fbb33c4335078e,2026-07-27 12:22:25
unv,Is,19,25,8855,2e11baeb3f0b0f8ececaa4cd232e2c38a48760ba,2026-07-27 12:22:27
unv,Is,20,6,2588,e390f327469d25cb390d24059bed86c1a7b58bc4,2026-07-27 12:22:29
unv,Is,21,17,5854,85067097db061e4ceef579a8826400bee0ca0c0a,2026-07-27 12:22:30
unv,Is,22,25,8344,c56b268cee816618a65912f7db6bc6a79cdda672,2026-07-27 12:22:32
unv,Is,23,18,6373,404f4c10bfb3d122927761390f901e235f61ddb6,2026-07-27 12:22:33
unv,Is,24,23,7432,c9c4ec7bb801fe5031b624e624ebbe6fdebfcc7a,2026-07-27 12:22:35
unv,Is,25,12,4642,9c21aad01dbf22081c8458e20b92cde73763c273,2026-07-27 12:22:37
unv,Is,26,21,6909,d850b82f443975c4bc9e32764bd5096fa491d96d,2026-07-27 12:22:38
unv,Is,27,13,5000,fc0038ea51952af1b3ed8b663f2f928277bb3659,2026-07-27 12:22:40
unv,Is,28,29,10534,155f4d8ead404c333664bc890197c150ed8e709f,2026-07-27 12:22:41
unv,Is,29,24,8957,f30104d1305d9ebc4581899de5d2e99ac32ad02e,2026-07-27 12:22:43
unv,Is,30,33,12914,3304c67b73f62036a2ed904ce9ca51502dd9995e,2026-07-27 12:22:45
unv,Is,31,9,4065,7cf983190e20f015f3dc3f4dff40c92359cf19df,2026-07-27 12:22:46
unv,Is,32,20,5872,1b5e326518c5719999f109d82b311978db4e9acd,2026-07-27 12:22:48
unv,Is,33,24,7840,340059cd29fd5060747ecb1b3ba532a267e0bcdb,2026-07-27 12:22:49
unv,Is,34,17,6082,223b93fed6ba9f26eb6777b2f5575b34e2e7f51c,2026-07-27 12:22:51
unv,Is,35,10,3594,f9e8d817c153d3fd2ce97f8c2f6605969faf8e35,2026-07-27 12:22:53
unv,Is,36,22,9162,cb99574f6962e224434d091dfffe7bb81376dd12,2026-07-27 12:22:54
unv,Is,37,38,14230,a86030f4c148d63a8ddba1581034108860b7478e,2026-07-27 12:22:56
unv,Is,38,22,7689,821dff7e1a8bbc07a022e73ac0684a89744bb3db,2026-07-27 12:22:57
unv,Is,39,8,3610,14edd0713bf7e66bb0be69e32bca020fb251258f,2026-07-27 12:22:59
unv,Is,40,31,10496,7a10b27ee520ce9255e1fa8ef2c03298ca897254,2026-07-27 12:23:01
unv,Is,41,29,10141,877a6448713081ba75f9634746646158cb66b770,2026-07-27 12:23:02
unv,Is,42,25,8729,2521ab407f73253270d5c67ad2fbcafac2b8ae53,2026-07-27 12:23:04
unv,Is,43,28,9353,0d0400b4b386e9dc3e521ecee6b8ff470ab77ab2,2026-07-27 12:23:05
unv,Is,44,28,11041,7f6b962fd9a6d692581186509d6d76d96777352b,2026-07-27 12:23:07
unv,Is,45,25,9839,b6d5edee572aeb5a49fd717d55091cad28b5988b,2026-07-27 12:23:08
unv,Is,46,13,4522,24e02953f10e1e86559cb8b1baafdb1d4c7e5ef4,2026-07-27 12:23:10
unv,Is,47,15,5873,ec5797a1f0ec78ebb1b227195dc3574cc22ed02e,2026-07-27 12:23:12
unv,Is,48,22,8030,00a585fc024eee7fa36b936ac5937d8ab8d93743,2026-07-27 12:23:13
unv,Is,49,26,10352,b13eaf4fb2e823d6ba159c0ce0d485f7ca799e89,2026-07-27 12:23:15
unv,Is,50,11,4818,a793ea443fea6a1f777cb255bf61ea70a600b23d,2026-07-27 12:23:16
unv,Is,51,23,9266,ca389a617b259917f4cd746dc9433091795e7b6b,2026-07-27 12:23:18
unv,Is,52,15,5739,c041f0954701d448309c56cb591ae3cacd32b12a,2026-07-27 12:23:20
unv,Is,53,12,5029,ec8d833e62a5c37c506c9adaf6b36f1b2bc8ffa4,2026-07-27 12:23:21
unv,Is,54,17,6335,3be4feae181c2c5716cfdd5ffcaf6d867a21f50d,2026-07-27 12:23:23
unv,Is,55,13,5227,5fcb93fbad236868c2618ba0e2a661aa790dec25,2026-07-27 12:23:24
unv,Is,56,12,4918,677b117a7a8211e8a9897776f8285a2d8edfae4e,2026-07-27 12:23:26
unv,Is,57,21,7383,7d436ccd6f23f16fda1f288fddd2c3e969d328c7,2026-07-27 12:23:28
unv,Is,58,14,6323,7fa74949687c9da804d61668483b33e6f52e380a,2026-07-27 12:23:29
unv,Is,59,21,8055,487efb7f8379f385fa59960a9ae80caaa4c63e4f,2026-07-27 12:23:31
unv,Is,60,22,8042,0e1ffb6ed1e3c7c3c6e9697682fa2ef65194679f,2026-07-27 12:23:32
unv,Is,61,11,4729,03dee8e356b4d8f89455e8558b922138ef9b5ede,2026-07-27 12:23:34
unv,Is,62,12,4783,6c304f6413aee6fe13f305c61efed79a4af8dba3,2026-07-27 12:23:35
unv,Is,63,19,7044,9cf07bf7f5f6459c8de1e29be4f4f74d2100ebb8,2026-07-27 12:23:37
unv,Is,64,12,4026,58fe4f189738171aa018995b6ddc9af65c256963,2026-07-27 12:23:39
unv,Is,65,25,9764,c22da1481438abec5f4e04a16705b860c3b35c8f,2026-07-27 12:23:40
unv,Is,66,24,10367,6bb4116f35d5df7d14fc0f0e0826a3745ef1a0c6,2026-07-27 12:23:42
unv,Jer,1,19,7087,5560ec84c5d3fffb5faeeb05bb8a6ac0a1d55d50,2026-07-27 12:23:43
unv,Jer,2,37,13792,e2931c7385a32b094f08daa2000fcb771e1e453c,2026-07-27 12:23:45
unv,Jer,3,25,10505,3d2c2e68d043a0f83cfc114f79767077a14cfbfd,2026-07-27 12:23:47
unv,Jer,4,31,11507,fe4816d4ac0a0561e32d3e1d10147a15a183ab65,2026-07-27 12:23:48
unv,Jer,5,31,11529,3cc48129b30d09ecb5f9bada60fc5e5cc2eca629,2026-07-27 12:23:50
unv,Jer,6,30,11238,9e12e37a347752b5b3ccd69798cdc6e1cadb4496,2026-07-27 12:23:51
unv,Jer,7,34,13307,0fffeb0eee228de923fd0fd1950dc5edd6a7961f,2026-07-27 12:23:53
unv,Jer,8,22,8886,6c295af229507be1e9beb114b075ee3284683639,2026-07-27 12:23:55
unv,Jer,9,26,10208,0f892d8dcf27942d8704ade42b9166ac6094f21b,2026-07-27 12:23:56
unv,Jer,10,25,8698,4988d92bc808a7575efdfb8206c78466bc2cab2c,2026-07-27 12:23:58
unv,Jer,11,23,9776,e97a4f43f03490ea5445c170e309ff2a7565481a,2026-07-27 12:23:59
unv,Jer,12,17,6927,150402d7919313232e2c132017d1c28c0ba5a1dd,2026-07-27 12:24:01
unv,Jer,13,27,10024,69a3796d443ad454da90f7d81068215f94288046,2026-07-27 12:24:03
unv,Jer,14,22,9232,235bb45f37eea8f707c5cbb9f9f12f505ad3c84f,2026-07-27 12:24:04
unv,Jer,15,21,8792,f699472ae4287ce07d4ee2b42a119c8c6f44a0cf,2026-07-27 12:24:06
unv,Jer,16,21,8907,1361c947fb8bccb224b2dfc688f86cd6dcffa49a,2026-07-27 12:24:07
unv,Jer,17,27,10542,cc861ea54de3ca2180b3443483a470c39e32284d,2026-07-27 12:24:09
unv,Jer,18,23,8957,e319a0ad7bc23db146a48224f0dfa2e83d0e80cb,2026-07-27 12:24:11
unv,Jer,19,15,6909,7a26f9528553ec535e489b499097ca025236e77f,2026-07-27 12:24:12
unv,Jer,20,18,7742,85ece3b99873ce91602b215c88a844e0c391e105,2026-07-27 12:24:14
unv,Jer,21,14,6408,bcf2aa89fd117fe51c4ee0ac3905d770d94095df,2026-07-27 12:24:15
unv,Jer,22,30,11773,c59059aba13f04da3ff38302f4e920195ea1c937,2026-07-27 12:24:17
unv,Jer,23,40,15905,d38aad1910450a660a6be10579a81fc3388eb94e,2026-07-27 12:24:19
unv,Jer,24,10,4581,acc164f48acf162df90866ce3ee40d713ed9ea3b,2026-07-27 12:24:20
unv,Jer,25,38,14682,678704118eb8cfcace8e7ef2cae489b79d0d7615,2026-07-27 12:24:22
unv,Jer,26,24,10376,90d933270934dd72d4d64209e203407c86efbaf2,2026-07-27 12:24:23
unv,Jer,27,22,9891,a1752becd6598ba0b375b236584a539e5995cec1,2026-07-27 12:24:25
unv,Jer,28,17,7136,f76e9db87c2d561007428e2dc53354c581fcd1a5,2026-07-27 12:24:27
unv,Jer,29,32,13378,2b1473acf2222b12c4bc21287e12350aede8cab0,2026-07-27 12:24:28
unv,Jer,30,24,9137,f03b5c0c1ce492cc6ff2568861821ee573e007da,2026-07-27 12:24:30
unv,Jer,31,40,16290,007ba8b0f929925e455be60319049daab64985d1,2026-07-27 12:24:31
unv,Jer,32,44,18254,e3ef5f4460393db3dae2e5e0c4c9465bf4c05819,2026-07-27 12:24:33
unv,Jer,33,26,10514,2483170bde929241ceeb50086c82651463a553e1,2026-07-27 12:24:34
unv,Jer,34,22,10017,dfd46c3e7032e3af54405da9fa0a49d0c5cfe1b2,2026-07-27 12:24:36
unv,Jer,35,19,8580,09ed07bf87f4ed51abfb9807bce2fd748f291be5,2026-07-27 12:24:38
unv,Jer,36,32,14239,49900664cdb725f348445a2c7f5111b1612e9a83,2026-07-27 12:24:39
unv,Jer,37,21,8339,2fd476a939a088991b89239402feaf7697503bc0,2026-07-27 12:24:41
unv,Jer,38,28,12794,61be44d3e8065fe2ca245ba0a23631aa22c680f2,2026-07-27 12:24:42
unv,Jer,39,18,7083,7c927b2b82b4c8994953c3a4cc8fd2792d96c529,2026-07-27 12:24:44
unv,Jer,40,16,8621,b2d28eaa9b058883e9a185dad927ee932b4b66c4,2026-07-27 12:24:46
unv,Jer,41,18,8253,e4051f02e4ae083886b19c107377e4a24e0ec190,2026-07-27 12:24:47
unv,Jer,42,22,10096,774f10a79eb1f713ff609126f0c6ede864bc5b69,2026-07-27 12:24:49
unv,Jer,43,13,5811,8ca1399aa6f2107b2fb7a0a25d137ffa5557600c,2026-07-27 12:24:50
unv,Jer,44,30,15131,0852317e849ee686929fbc4ab3c2e7effb9aabbd,2026-07-27 12:24:52
unv,Jer,45,5,2296,11e0e47b3fb58fb19b34bb5a397dabf1ce184600,2026-07-27 12:24:54
unv,Jer,46,28,10889,6cacbe16ee105661a1701647bf2f1239bf353966,2026-07-27 12:24:55
unv,Jer,47,7,2818,8c2d48eb911d288fcd11bdbd721252689d365a5d,2026-07-27 12:24:57
unv,Jer,48,47,15570,6fb595d5d0a9050b14ff443ba52aa02647f7f112,2026-07-27 12:24:58
unv,Jer,49,39,15546,010a09b08976a66108547467900311d98f6a8e49,2026-07-27 12:25:00
unv,Jer,50,46,18192,ecc54e4ccaa52f4860d6a63e208cd92c29266a14,2026-07-27 12:25:02
unv,Jer,51,64,23518,ae79ce1009407b9aa71de7bff14728b2af65b208,2026-07-27 12:25:03
unv,Jer,52,34,12595,a837b03b59a85b91aab96d2a4113770618ab8476,2026-07-27 12:25:05
unv,Lam,1,22,9910,c0af0bf2764b4c0ba56fe96f5528e112886f1952,2026-07-27 12:25:06
unv,Lam,2,22,10041,661234dbf30294f7cfb0711508275a209d4c6223,2026-07-27 12:25:08
unv,Lam,3,66,13325,5d4d6302a257bbb6d45ba6656796730aa2bc9a0d,2026-07-27 12:25:10
unv,Lam,4,22,7598,69001ae7f294bbe2570192bb2dce310f3d393a77,2026-07-27 12:25:11
unv,Lam,5,22,4955,b75224e37af14921b1eb5387a454b4900377175e,2026-07-27 12:25:13
unv,Ezek,1,28,9890,4f0855d5fcf02452c0f6c3ddd3883cba0ac9b76a,2026-07-27 12:25:14
unv,Ezek,2,10,3863,134cc1c117333bb7b368a696a6b6ae17c3c74966,2026-07-27 12:25:16
unv,Ezek,3,27,10517,38d348482f808dc34c925b4c56f0ade6143eee37,2026-07-27 12:25:18
unv,Ezek,4,17,6459,7ef5f73915f43c7cf42705344ba24d6ea1a73cd9,2026-07-27 12:25:19
unv,Ezek,5,17,7503,2e6821a30f9cfaa2e35b0d80b3f8506221898c27,2026-07-27 12:25:21
unv,Ezek,6,14,5714,852aed4cce812a209330cf6024cdf510b0d5caf2,2026-07-27 12:25:22
unv,Ezek,7,27,9468,d28a3980c54774cf114d5429adae4028fc59fe8b,2026-07-27 12:25:24
unv,Ezek,8,18,7678,923c5eca79112de027b9cca7fac5a02493f92943,2026-07-27 12:25:25
unv,Ezek,9,11,5069,dda6fa7e0852f3a58c0d79fdefa8dfa399457722,2026-07-27 12:25:27
unv,Ezek,10,22,7940,3e3d5779d8e83672120bd6fe144e941ed4a83caa,2026-07-27 12:25:29
unv,Ezek,11,25,9098,caeb9c64c5fc76b0c09ea5ac415c46c1bf731d4b,2026-07-27 12:25:30
unv,Ezek,12,28,10605,0d388a862b9f26a6ee8ace669070892cfcf93c20,2026-07-27 12:25:32
unv,Ezek,13,23,9580,e125a3fd1a7371d10321ebe457531be306c719ab,2026-07-27 12:25:33
unv,Ezek,14,23,9737,d311662ef649a6514c9eeb2ec434b779ea990c38,2026-07-27 12:25:35
unv,Ezek,15,8,2888,071ac68cb233217a090674282f5098e8f56938fe,2026-07-27 12:25:37
unv,Ezek,16,63,22498,e3ad92b5b8478dbecd85350339c8ad81d9c9572a,2026-07-27 12:25:38
unv,Ezek,17,24,9730,ea3cf0d54ea9cab78ea22f197e47a89487cf412a,2026-07-27 12:25:40
unv,Ezek,18,32,12320,d169fda0297511369134536b090d6f7dc50bc076,2026-07-27 12:25:41
unv,Ezek,19,14,4669,9c45bfb0029178fd553d6eeb6d8393d6c19d4724,2026-07-27 12:25:43
unv,Ezek,20,49,20331,6cf19cf856f35616c3a676847f07abf4ed831b3f,2026-07-27 12:25:45
unv,Ezek,21,32,12184,a0eaa2712f238d0e6cfd47249ca8ae99623de91d,2026-07-27 12:25:46
unv,Ezek,22,31,10736,210a46676a53ceb039f8195e1a194cd139a421a7,2026-07-27 12:25:48
unv,Ezek,23,49,16870,64ffaf66e0cdd84b6a5724d3afb8f6693c4d4648,2026-07-27 12:25:49
unv,Ezek,24,27,9676,6e2d613ce85165c7ab41c5f2fd62208e0a40c6f9,2026-07-27 12:25:51
unv,Ezek,25,17,6663,3fdb49d89bb4e5c0eb6041cf23fee1198ad45878,2026-07-27 12:25:53
unv,Ezek,26,21,8420,dcdd898877657cdf451933c2c3973ee18dde8d7b,2026-07-27 12:25:54
unv,Ezek,27,36,11202,b5674ce65eafb161a488bb8235873016d7eea510,2026-07-27 12:25:56
unv,Ezek,28,26,9613,9cc96d9d9a5cbd13d2c80f19c12117b342d4a9e5,2026-07-27 12:25:57
unv,Ezek,29,21,8425,018f7660ad94e2d52a83eba304f2f9d6ae84b390,2026-07-27 12:25:59
unv,Ezek,30,26,9452,cf9a9061ebef7d8567dc735ec5c0ff6298868a14,2026-07-27 12:26:00
unv,Ezek,31,18,7636,f38696a4180806517bcaab481fae49e99c60b7bb,2026-07-27 12:26:02
unv,Ezek,32,32,12279,5e59002ddbd3c8eb870c841c74536eda19c31f4b,2026-07-27 12:26:04
unv,Ezek,33,33,13564,db3155350937f8f5d5f6ff43da2d3656832f7d51,2026-07-27 12:26:05
unv,Ezek,34,31,12018,d1116b435d50e2f89c5881f79ada0ff76c3fc4eb,2026-07-27 12:26:07
unv,Ezek,35,15,5273,9e63a6fd695e0a74e76b811dbde6b452d26d198e,2026-07-27 12:26:08
unv,Ezek,36,38,14817,6b17140c38251c16342773198217d6aead74df4d,2026-07-27 12:26:10
unv,Ezek,37,28,11462,2440c9527ac4a66c8fb25875ff68fb24a44298d6,2026-07-27 12:26:12
unv,Ezek,38,23,9348,1e806932092d98f2459b2078676f7aa7e9609df9,2026-07-27 12:26:13
unv,Ezek,39,29,11078,6b787d721058c094d8a9cc0985cb180380172960,2026-07-27 12:26:15
unv,Ezek,40,49,16615,6a32e1ecd856aa46f20603b4628979109ded9552,2026-07-27 12:26:16
unv,Ezek,41,26,8350,4055abb5085c5b86e47c82adb5fb591665cdd963,2026-07-27 12:26:18
unv,Ezek,42,20,6646,42a67c3203ffc0baeffe059022a8add5fce9b00d,2026-07-27 12:26:20
unv,Ezek,43,27,10004,e13f4c8805ae718f45fbb15389b27b157490a29f,2026-07-27 12:26:21
unv,Ezek,44,31,12407,889a2fe4879686d94e5284c13e8be26617a78ea3,2026-07-27 12:26:23
unv,Ezek,45,25,9607,9e2a88f4019ae5752db997f97927cb79b3b6842a,2026-07-27 12:26:24
unv,Ezek,46,24,9701,4110e8c36791f3c869f1eb2210806f3fea986f60,2026-07-27 12:26:26
unv,Ezek,47,23,8936,b003f0d5f927962a98d2ce479130be105ab39ffb,2026-07-27 12:26:28
unv,Ezek,48,35,11734,e751c04603970ffd11dc09b98a565a8774859a49,2026-07-27 12:26:29
unv,Dan,1,21,7594,a9636eadda208e946d9ebd154dc767ab95106535,2026-07-27 12:26:31
unv,Dan,2,49,19595,0cfe4cb0745422baa13da3c119e15e5be9075a60,2026-07-27 12:26:32
unv,Dan,3,30,13553,3ef9663f8bfacf3a223668855c5f4ca48312f7b7,2026-07-27 12:26:34
unv,Dan,4,37,15076,436d9ce84f9994863e6921827ddfe8f10f2d23b4,2026-07-27 12:26:36
unv,Dan,5,31,12751,61c00a6adab1b7b1d6299e6e07c8565e20b9810b,2026-07-27 12:26:37
unv,Dan,6,28,12496,1c6d02e136adb62f56a6609e6fa8c3a0dfb53cba,2026-07-27 12:26:39
unv,Dan,7,28,11316,38bea96d97919885005beec27ab94e4486bf29be,2026-07-27 12:26:40
unv,Dan,8,27,10104,ca3998fd681a88a03b98578e18495328fbaeaecf,2026-07-27 12:26:42
unv,Dan,9,27,11893,f2d08604ab76adce8129be095be90e6ce2c2e1cf,2026-07-27 12:26:43
unv,Dan,10,21,8363,d47540f79f3894e9c6c823421366c195772532fc,2026-07-27 12:26:45
unv,Dan,11,45,17104,c412d6476667eee0edaad7a063e268e926819d21,2026-07-27 12:26:47
unv,Dan,12,13,4942,0b7b51dd43f58c1f7dfb205344e15c90c37bece7,2026-07-27 12:26:48
unv,Hos,1,11,4595,e1a15d537f637e1ee6dd0917030ef368e0d80c3d,2026-07-27 12:26:50
unv,Hos,2,23,8408,23bcb4c48c770fbb7a451396cbaa99a857dc15b6,2026-07-27 12:26:51
unv,Hos,3,5,2111,45a2a53d0693cdc778ce5f638ff22f8d6743f854,2026-07-27 12:26:53
unv,Hos,4,19,6393,3202b5a33e620fbf7d0ea192e9bcb399ec8717b0,2026-07-27 12:26:55
unv,Hos,5,15,5200,ad5997bc86b71174bbc7680b8abedf8c5c173a29,2026-07-27 12:26:56
unv,Hos,6,11,3442,3310718699d57fd70821628e909a308991e7a85f,2026-07-27 12:26:58
unv,Hos,7,16,5464,7655ac0fa05b2eb398b03f76d8a01eacc0e12ff0,2026-07-27 12:27:00
unv,Hos,8,14,4515,1501fbd40f32d3bc05c630eeb4c38bfb96e75c67,2026-07-27 12:27:01
unv,Hos,9,17,6278,aeddd757f8ecf350662214ae5075a006c3400ba9,2026-07-27 12:27:03
unv,Hos,10,15,5753,5b6b5afc12bdd6a84d20a38d0d5bb4f53a2b8563,2026-07-27 12:27:04
unv,Hos,11,12,4345,b2747149bf89be13ac11ef316cddc64e00da5ae6,2026-07-27 12:27:06
unv,Hos,12,14,4319,6f0c199f1292ca96a94c75f8f5c7b8f4106d3ab1,2026-07-27 12:27:07
unv,Hos,13,16,5403,17993399dc956d2d18da17df4de48df04a68edff,2026-07-27 12:27:09
unv,Hos,14,9,3262,a403100d59e1fc707a4dabbb1dba99182317e92f,2026-07-27 12:27:11
unv,Joel,1,20,6458,b1c8776f363cf48553af413f9bbcb6f37845f53b,2026-07-27 12:27:12
unv,Joel,2,32,11759,96a488fdc721e250af0283ddb825eb9af66018dc,2026-07-27 12:27:14
unv,Joel,3,21,7285,4e279430ab295d888f6deaba7b64848648f4f63b,2026-07-27 12:27:15
unv,Amos,1,15,5554,963cc25b7115748d58bfd3ef19b7f293e221c831,2026-07-27 12:27:17
unv,Amos,2,16,5750,59cf141337871f0a4e8f0316deb11a455bf6a01d,2026-07-27 12:27:19
unv,Amos,3,15,5346,ddfd707976e1cc40a0bf7e171f44bdf103245394,2026-07-27 12:27:20
unv,Amos,4,13,5677,d61adacc46c228f176f57b142c42874d5d80e88e,2026-07-27 12:27:22
unv,Amos,5,27,8580,3c2fec0c5ce7363886fe583278f318a930d60100,2026-07-27 12:27:23
unv,Amos,6,14,5038,a4996277cd6f84c54ac1413c4123f37baca5bbb9,2026-07-27 12:27:25
unv,Amos,7,17,6438,9b4fba23194903fb725199461b1ce07a22288c19,2026-07-27 12:27:26
unv,Amos,8,14,5377,e3ed9de80e82be0cd3ea1decb532aadcdd295a39,2026-07-27 12:27:28
unv,Amos,9,15,6594,4eb95fbba633665c193431c0ff3b76135d1fd5e8,2026-07-27 12:27:30
unv,Jon,1,17,6837,87b7c121ddf4e250b6b5d88b6f352a21e8017524,2026-07-27 12:27:31
unv,Jon,2,10,2990,4fff28bd6cd058a24387765b55e312eeef0ce635,2026-07-27 12:27:33
unv,Jon,3,10,3664,4bd631d47ee7cad06a6e5b25e31d72802ca7df4c,2026-07-27 12:27:34
unv,Jon,4,11,4551,08ae01aafbf80c1cf97ffc5f42d9ab9cb5c3a196,2026-07-27 12:27:36
unv,Mic,1,16,5865,3006ca5f6fb053c8af159293a739a2f1572b8672,2026-07-27 12:27:38
unv,Mic,2,13,5170,982e5d43ceae574c9ea22e9411637bb50c5068a6,2026-07-27 12:27:39
unv,Mic,3,12,4659,5c251c23dda1190e482d39306c6de27144796069,2026-07-27 12:27:41
unv,Mic,4,13,5703,97f65414cef829ec59f40cfb70662d0e8eaba2e6,2026-07-27 12:27:42
unv,Mic,5,15,5380,39f2c1dbf2a0d3f4cd79b7b76ce45940377f1bbc,2026-07-27 12:27:44
unv,Mic,6,16,5722,8dee16e7abfae8985e42381ab51877135637b1bc,2026-07-27 12:27:46
unv,Mic,7,20,7199,fc3358e896f9b809a8ee5913bfa162bf06d8b00f,2026-07-27 12:27:47
unv,Nah,1,15,5145,73f0547e67a6158457766c0ab40343b2f59912d4,2026-07-27 12:27:49
unv,Nah,2,13,4516,70206252f581d2f9b8eaa1691a9f4ab8d22d93c1,2026-07-27 12:27:50
unv,Nah,3,19,6491,52fa526b31c6b43b288775d0dcac7a5e7866eb79,2026-07-27 12:27:52
unv,Hab,1,17,5727,ca1814dcfc16c21f3a0c16ff88e3a0ac2ea70cb1,2026-07-27 12:27:54
unv,Hab,2,20,7229,1ae669d44b51d6ed6fcfe2fdef3ea17c0a8ede20,2026-07-27 12:27:55
unv,Hab,3,19,6282,42e759b6f0cc40242d7f0afb92e355dd29241ab7,2026-07-27 12:27:57
unv,Zeph,1,18,6773,56541ccd54c329438a17a5505eb20b43f93a26b0,2026-07-27 12:27:58
unv,Zeph,2,15,5912,ba39ef9348bf7a174ab505454b871923eca24502,2026-07-27 12:28:00
unv,Zeph,3,20,7828,673abb8b99e5862a79292dc514f6850612342e78,2026-07-27 12:28:01
unv,Hag,1,15,5887,27567e0b8ff9f4427e6099c39918c0494b1765d7,2026-07-27 12:28:03
unv,Hag,2,23,8854,5da2ae648912cb7034e4dcb13c5ff4b2899743f1,2026-07-27 12:28:05
unv,Zech,1,21,8404,6b27d3312a65d27f7b71d0f0689d15fd70b1f3ea,2026-07-27 12:28:06
unv,Zech,2,13,4531,d607cef8b95d06797f2e636aed562c864f5e7e7f,2026-07-27 12:28:08
unv,Zech,3,10,4261,b5316c1b1faeb8db124c98af0df24c04b88dba5d,2026-07-27 12:28:09
unv,Zech,4,14,4948,aa8433438993036b28ba26f1488dd66882032e6c,2026-07-27 12:28:11
unv,Zech,5,11,4136,3b3b799d1b0ef651638397b63b54cde952714998,2026-07-27 12:28:13
unv,Zech,6,15,5372,af215f0a6133092c988d7e8b41f30523cd086282,2026-07-27 12:28:14
unv,Zech,7,14,5016,c5b5f68660d59085d3bd29f3aec3e3dce865d5d0,2026-07-27 12:28:16
unv,Zech,8,23,8972,0ac5160b13e6df263fa7a4f3016df95f336ab4d3,2026-07-27 12:28:17
unv,Zech,9,17,6372,540f48028594c2fcbe45353064d2f8091f977aa3,2026-07-27 12:28:19
unv,Zech,10,12,4804,8a144d377ff9f586702f53293096d95f145a8f8e,2026-07-27 12:28:20
unv,Zech,11,17,6732,fe898e94bf43b56924318f0397fa4d656b393e32,2026-07-27 12:28:22
unv,Zech,12,14,5809,5897bf42dc76ae2051b350df54182d074ac5a824,2026-07-27 12:28:24
unv,Zech,13,9,3994,affda067121eb4750b0b187e780f683d06352083,2026-07-27 12:28:25
unv,Zech,14,21,8614,0152fc51d1c725df53ecca342a5d27a8fb80236a,2026-07-27 12:28:27
unv,Mal,1,14,6410,c1e603b219413b9f5128afcd4c3088075d06599b,2026-07-27 12:28:28
unv,Mal,2,17,7268,1b3fe5a5b285393ff7a28fefa47c2431b38f8375,2026-07-27 12:28:30
unv,Mal,3,18,7522,c38345f52f79250894fc4514ae78bf0a320dfdbc,2026-07-27 12:28:32
unv,Mal,4,6,2457,520c78aeed1573a64a3ab4fc258a34170e81b20c,2026-07-27 12:28:33
unv,Matt,1,25,7819,8acca92d6dad9223721c3920b4da6fa6998c0f37,2026-07-27 12:28:35
unv,Matt,2,23,8314,d334ec800f2610c5574e8abc3b6383ac8a6131e6,2026-07-27 12:28:36
unv,Matt,3,17,5867,d20516be3ca2a62dcfc706ba9cf691855babd1a9,2026-07-27 12:28:38
unv,Matt,4,25,8091,9df0fd5923b848c5205003ef0ff9f20d7d92c23b,2026-07-27 12:28:40
unv,Matt,5,48,15067,a790d3a2097f9e1486dc6efc6f1b6b3b4b3483e7,2026-07-27 12:28:41
unv,Matt,6,34,11981,f0add57d415557a69f59868b029843ea7cd3ba0a,2026-07-27 12:28:43
unv,Matt,7,29,9238,acd278200b18e2f8655d27fc2aea6c2c64145a8b,2026-07-27 12:28:44
unv,Matt,8,34,11086,cde610510a5fd85271466a75cb84ba6a603fe71f,2026-07-27 12:28:46
unv,Matt,9,38,12338,350fa7b77658921bb6a71f2a199d2d7b769e0dd4,2026-07-27 12:28:48
unv,Matt,10,42,13312,b5da89fe10c294ac5d18cda517b193e778840d01,2026-07-27 12:28:49
unv,Matt,11,30,9754,4d5b1746e6a913ed79bc995482937267d07d4962,2026-07-27 12:28:51
unv,Matt,12,50,16351,1d18e0e1491b9429198abc27473306265d6333d5,2026-07-27 12:28:52
unv,Matt,13,58,18843,fffd36328c4595db81c3952e892643a50d64324d,2026-07-27 12:28:54
unv,Matt,14,36,10537,1c5951cd226d6d1f11ea8b2d2a8b310a1f2ccd0b,2026-07-27 12:28:56
unv,Matt,15,39,11583,0af01be03c5d93ea880cab4cd2d67e48f6e63994,2026-07-27 12:28:57
unv,Matt,16,28,9675,beccb46976137ba12721a0713efb7d49f461d8f1,2026-07-27 12:28:59
unv,Matt,17,27,9581,26fa4c8d472944729a11e5930328b129152a00df,2026-07-27 12:29:00
unv,Matt,18,35,12176,10ae72edd53a8593eca845b338e2af1203bf3727,2026-07-27 12:29:02
unv,Matt,19,30,10265,ebc3b9fc3b4282b2d9f3fce8ce9d1febdeea0cd3,2026-07-27 12:29:04
unv,Matt,20,34,10712,3e1a9a2cdc4116a5e832b369a54c3eed5ed998dc,2026-07-27 12:29:05
unv,Matt,21,46,16142,8b830f58d2da88c23991de510512830e668a839e,2026-07-27 12:29:07
unv,Matt,22,46,12791,585b30d46484b3e4e177a52055023d90ebf47817,2026-07-27 12:29:08
unv,Matt,23,39,12657,c1a0f75302a93bdfc7750845f60163dcaa480934,2026-07-27 12:29:10
unv,Matt,24,51,15035,5c2b45dc5429db4901fe6abf6f7778a060ee1950,2026-07-27 12:29:12
unv,Matt,25,46,14513,6b9dc40af360ed24a1226c81ed8e77aa800594bd,2026-07-27 12:29:13
unv,Matt,26,75,23711,a1cda0b3bbd040128ed9358a681c8892c0af52e1,2026-07-27 12:29:15
unv,Matt,27,66,19666,b49180044face7eaca7ea2d1daa2ef2242c99e8a,2026-07-27 12:29:16
unv,Matt,28,20,6452,073c6f040bbeb418a60bcd035b942e09ed712a90,2026-07-27 12:29:18
unv,Mark,1,45,13794,f95e12760703e9ad0a2219ab70292c29881dde5c,2026-07-27 12:29:20
unv,Mark,2,28,10806,d7dfa22c0b05493d8fab8a6f52a9a55f79b92557,2026-07-27 12:29:21
unv,Mark,3,35,11100,0c2bb3ab42ea914cd5b4589ba6e491fdc256859d,2026-07-27 12:29:23
unv,Mark,4,41,13781,afbe6855ec36577250c22eb2a14a22de1c846064,2026-07-27 12:29:24
unv,Mark,5,43,13418,948f052f3c75129c1d2abe3120e485dae685dfb6,2026-07-27 12:29:26
unv,Mark,6,56,18382,e78d028484ca2c66d2dbde3468fcc22eb8bb2e31,2026-07-27 12:29:28
unv,Mark,7,37,11267,dd76730348be32806d33fd2055b124bf9fbacf18,2026-07-27 12:29:29
unv,Mark,8,38,12102,00220cf28ff62613fa6ca74293f8843d1bcbdb66,2026-07-27 12:29:31
unv,Mark,9,50,16650,34933a4fa8a25ba6de3260ccc1b9455c877ea190,2026-07-27 12:29:33
unv,Mark,10,52,16993,2f57dd20b1d62b3b1714e13b2f1244055b970199,2026-07-27 12:29:34
unv,Mark,11,33,11259,c4b73134e3e6dd9c3d4c0e18b78db55cf9edd854,2026-07-27 12:29:36
unv,Mark,12,44,14828,773a5d311891c6c6fcc643f805ce48247bef3b79,2026-07-27 12:29:37
unv,Mark,13,37,11672,7c62a528df7d8e12b7df9387b730692d6d6540d3,2026-07-27 12:29:39
unv,Mark,14,72,22975,eff7a3df74fa5a3e6de8a2876be669be49339517,2026-07-27 12:29:40
unv,Mark,15,47,13702,7084cad94cfa3f7cb7f243319725461faf73e31c,2026-07-27 12:29:42
unv,Mark,16,20,6460,b4a208868e40682ba63d2e62f1b1bda173db61d0,2026-07-27 12:29:44
unv,Luke,1,80,22239,c1c3ad5ee8d110eee3881e0c78097ec2bb840f00,2026-07-27 12:29:45
unv,Luke,2,52,15799,bc51e5d9be5ab42221e2e0b9c911258c089bee5d,2026-07-27 12:29:47
unv,Luke,3,38,11811,5a8f671b3358ff376e29b3fb037892cfc3afba6c,2026-07-27 12:29:48
unv,Luke,4,44,14349,e55cc0a5fb20699a0596500d49c50901709d72c7,2026-07-27 12:29:50
unv,Luke,5,39,13813,0910d94b19bd822d99b2e2e2b5d7df1f7c26ef69,2026-07-27 12:29:52
unv,Luke,6,49,17139,b132eeaf113b879f897a512503e2598ec6746075,2026-07-27 12:29:53
unv,Luke,7,50,17437,9f41d7c4a08e624f512b8c35d3b25e1e78e3b4de,2026-07-27 12:29:55
unv,Luke,8,56,20064,5d0e780e5093ef1f93b8bbda18b9c307e587b255,2026-07-27 12:29:57
unv,Luke,9,62,21718,c84fa8218ae3ce09de77da7d6f5acbbc012991dc,2026-07-27 12:29:58
unv,Luke,10,42,14755,50d957715abce311b659c4aa1a3646dd0407e443,2026-07-27 12:30:00
unv,Luke,11,54,18456,800fa92a9a8e2752d11134cb4f3c7bc0d862237a,2026-07-27 12:30:01
unv,Luke,12,59,19580,a87b32ee04253098bf7422b6e818a2c17cc80c79,2026-07-27 12:30:03
unv,Luke,13,35,12558,28721802a866b9e570965d0162bb4c133e6c084d,2026-07-27 12:30:05
unv,Luke,14,35,11773,ffca1aefd686611ca036b2e21eec4a466deafac3,2026-07-27 12:30:06
unv,Luke,15,32,10688,a221c0a2f7d494a35f82ff9a39d6a86dfc3102a2,2026-07-27 12:30:08
unv,Luke,16,31,11005,3984e9c330755b847c4da9faa73c51e32b7f0c01,2026-07-27 12:30:09
unv,Luke,17,37,11522,efe92f6c2277b2337fbd9021ca7a5785f0a1e4bc,2026-07-27 12:30:11
unv,Luke,18,43,13245,96c451896a2e72335c85d6b2aff9edb332d184f7,2026-07-27 12:30:13
unv,Luke,19,48,15041,54698417bdf256bbb1c07fd6bf5aa471adb6e883,2026-07-27 12:30:14
unv,Luke,20,47,13967,b4e20744cdb042c76809f7710a124433966d8548,2026-07-27 12:30:16
unv,Luke,21,38,11507,540954a9bf693c32537b08adf242d51f41e70a3e,2026-07-27 12:30:17
unv,Luke,22,71,21130,729d13c5e3f30076cf256640ff509bfb14aa89fe,2026-07-27 12:30:19
unv,Luke,23,56,16971,1618d51af909905dfd7258c8d9cf67d8f364694d,2026-07-27 12:30:20
unv,Luke,24,53,15975,72ffb98734cfa9a1622ac10c28c87ca485f095c7,2026-07-27 12:30:22
unv,John,1,51,16167,fad9c8ab73f63fbe65e05a09817a16c6d5ee39b7,2026-07-27 12:30:24
unv,John,2,25,7706,dc598f190797c1a5290354e2e5ffae6b6a796eb7,2026-07-27 12:30:25
unv,John,3,36,11688,ec61a678459e9a61b2fde492e5b9b7f049f78c9b,2026-07-27 12:30:27
unv,John,4,54,17191,fb68a97a95e4cae71039bc0297795778b4f6654f,2026-07-27 12:30:29
unv,John,5,47,14898,91f2a48fb418e407ba9c587232f4b2342df0e4f8,2026-07-27 12:30:30
unv,John,6,71,22106,ff016c6259818d9e9830f7ec6f18717577e2b647,2026-07-27 12:30:32
unv,John,7,52,15917,3cd192a67193d715bae02d9d3a5aa4cc3cd19188,2026-07-27 12:30:33
unv,John,8,59,19951,257500080cf2ab611347b6327b56594ed396c970,2026-07-27 12:30:35
unv,John,9,41,13685,c198cdb2531898352abeed10b820cf055e1019ae,2026-07-27 12:30:36
unv,John,10,42,12753,337bfc2c4d37235cfc1b9b8f224a8c4e9aaf448d,2026-07-27 12:30:38
unv,John,11,57,17602,b23706a8cca9f31f236a325ff9a7d1f626e412c0,2026-07-27 12:30:40
unv,John,12,50,16145,199027a67955451dda2fdea0c0949221446ca7bd,2026-07-27 12:30:41
unv,John,13,38,12784,5530298ff49faf7a89c28c2bde7095834df6bc0d,2026-07-27 12:30:43
unv,John,14,31,11039,95567d2f159026227892a6be18b957c2760506d9,2026-07-27 12:30:44
unv,John,15,27,9238,815fef388ba3e67d26b4cf49c75b275d473470e5,2026-07-27 12:30:46
unv,John,16,33,11407,41422e22ef0afa4665a903b76aeafda979a80e1c,2026-07-27 12:30:48
unv,John,17,26,9309,191dac11199ca4670bb816f635b9923166ff7f99,2026-07-27 12:30:49
unv,John,18,40,14190,9272b1319a8e11107a4ff2dfa2c5c34a16930b4c,2026-07-27 12:30:51
unv,John,19,42,15078,7fde391cdc2e10df2eb895b683d0c0524aba3a6e,2026-07-27 12:30:52
unv,John,20,31,11155,23424b8927fbad8a5fc2642f8ce458fe55cf6a7b,2026-07-27 12:30:54
unv,John,21,25,10152,2bb9b4a7a85889d796ebc42c2af10aa5149db646,2026-07-27 12:30:56
unv,Acts,1,26,9482,b9ed7f49d4da341d88dd0a4bcf6c305fbb83675b,2026-07-27 12:30:57
unv,Acts,2,47,15090,29c8b0ef020ae6444b1a2d894de8af9d410e7bf6,2026-07-27 12:30:59
unv,Acts,3,26,8991,5e2f373ef86509c9d61a5a5740010cc606299804,2026-07-27 12:31:00
unv,Acts,4,37,12220,fff53a1941be84cdf092cb527acf1ee0263a6113,2026-07-27 12:31:02
unv,Acts,5,42,14095,4297fea7035f126fbd3a5e936287b63ba154ce62,2026-07-27 12:31:04
unv,Acts,6,15,5069,b82950a43bfd9fb2a2633867b89fa52139917299,2026-07-27 12:31:05
unv,Acts,7,60,20066,9f2f7b0c43d29064ceebe856824758b2b0664e5e,2026-07-27 12:31:07
unv,Acts,8,40,12967,acb71637e275c4faa263944d10dd7fe90c079c85,2026-07-27 12:31:08
unv,Acts,9,43,14784,8ffc62023e2b0cd893ef37c7fdd3465589e3f6a0,2026-07-27 12:31:10
unv,Acts,10,48,15739,3b943e612bd17046b144b836ef075628fba6e1d6,2026-07-27 12:31:12
unv,Acts,11,30,9959,0a00d1f6ff56526ea3be9c79e652fe7fc7a3edf0,2026-07-27 12:31:13
unv,Acts,12,25,9014,382a99a1d1e0e4c0bc5c5ffb1643ed54c48bfbf4,2026-07-27 12:31:15
unv,Acts,13,52,17291,9d8ec7f06c40eb5a7d5e014ee8be551c0c35603f,2026-07-27 12:31:16
unv,Acts,14,28,8982,37d0a82d95c4dc64756e7387b269dad2ccaf7457,2026-07-27 12:31:18
unv,Acts,15,41,13199,378cc1450a2989f2464d8f30d6b363392b325aef,2026-07-27 12:31:20
unv,Acts,16,40,13610,b43bfc1f8ee8bb9ba956513cba7a3e192779c6dc,2026-07-27 12:31:21
unv,Acts,17,34,12201,57cf1fd02ac38626477458e7bface9477b9cf1c9,2026-07-27 12:31:23
unv,Acts,18,28,9511,50c4285a965e0eb2168d0f85bdb3d4c6ed093685,2026-07-27 12:31:25
unv,Acts,19,41,13998,445dfc6b4d69de2b69dbdfcc581fcaacaf94d851,2026-07-27 12:31:26
unv,Acts,20,38,12795,f9238cd154dc96814b7ba2fd764dacf012dbda92,2026-07-27 12:31:28
unv,Acts,21,40,14478,99fc473c978245063cacb31870bc27964258e597,2026-07-27 12:31:29
unv,Acts,22,30,10958,75effdeede6bb7d1f90e72093afee31c662abcf7,2026-07-27 12:31:31
unv,Acts,23,35,12380,3ee073cb76f2b72710f0fcfbd99ca965327f9622,2026-07-27 12:31:32
unv,Acts,24,27,9152,c4992b29b90243b60ac24a87c6745c4cbc39f5aa,2026-07-27 12:31:34
unv,Acts,25,27,10086,5e0e8b63bb546c584abd78bf3f4e23a782887261,2026-07-27 12:31:36
unv,Acts,26,32,11050,516b69bdce2a45d8b7d32a2853d2396d41637f89,2026-07-27 12:31:37
unv,Acts,27,44,14373,33a07fd3364dffa45c9ae4e56969d1e5e2c39f51,2026-07-27 12:31:39
unv,Acts,28,31,11210,46ef715ed15b27da3de623b923ebb4a2cd0b84f0,2026-07-27 12:31:41
unv,Rom,1,32,10285,7d4cf3800769efea0c45b78f2d667d5385fd7a42,2026-07-27 12:31:42
unv,Rom,2,29,8632,d5626869c0993f664c019480de61b0df5f38a2ec,2026-07-27 12:31:44
unv,Rom,3,31,8542,f5c7d948b4156a9079dd60846f8656cca816800d,2026-07-27 12:31:45
unv,Rom,4,25,7798,2512c4ac05bc0753a30774b995adf609a55002ca,2026-07-27 12:31:47
unv,Rom,5,21,7114,43ea4fe14965c5a621d0fc8ff41dbaa5672b2b94,2026-07-27 12:31:48
unv,Rom,6,23,7067,f7a48dc129902be9ea651e09b316f8bdef9b2244,2026-07-27 12:31:50
unv,Rom,7,25,8604,b0cc6b7e87cd430134d4c4495f162c5f8cd66f8c,2026-07-27 12:31:52
unv,Rom,8,39,12344,d48f605ea5ee5de420d38c61960527042006bf34,2026-07-27 12:31:53
unv,Rom,9,33,10257,55e2574169e1e008220bd91899cf081016dc639a,2026-07-27 12:31:55
unv,Rom,10,21,6526,07b801acac7ca7df519976f9a5e304116a3fead3,2026-07-27 12:31:56
unv,Rom,11,36,11055,818bb63ce8a02a18598718b8c167044c7768d47a,2026-07-27 12:31:58
unv,Rom,12,21,6098,eb2792b5998acce165f0e167c57aa1c39b6f24aa,2026-07-27 12:32:00
unv,Rom,13,14,4876,61b0ad3fe216bff1b9e4ba6d86c3e4c43503d437,2026-07-27 12:32:01
unv,Rom,14,23,7306,0528feb6b60c8cafac417b83199f71f800bf84ce,2026-07-27 12:32:03
unv,Rom,15,33,10224,6f3280321484254ef55b9f87e1d73ea5b459cff2,2026-07-27 12:32:04
unv,Rom,16,27,7883,3f5459d298869a73519087666b3235ac5f3d767f,2026-07-27 12:32:06
unv,1 Cor,1,31,9446,c0ef1ab95ad0c002cfd1cbdf32b6267eb57b3696,2026-07-27 12:32:08
unv,1 Cor,2,16,5460,df982f74a25edc4992c65824a199e3540cd5fd58,2026-07-27 12:32:09
unv,1 Cor,3,23,7226,5c666ced99e0464c347dc28d9c437026bf638643,2026-07-27 12:32:11
unv,1 Cor,4,21,7208,e4cfbacbfe36dba25726e1eb650bb119b808491c,2026-07-27 12:32:12
unv,1 Cor,5,13,4434,fa0423cc7c716db1391a9f68fdd48a8be74277e4,2026-07-27 12:32:14
unv,1 Cor,6,20,6603,d9f6619085c68d3e54340b28a25915ae540ba520,2026-07-27 12:32:16
unv,1 Cor,7,40,13455,68070f11d44f244e161fc07cd85c722e010a4375,2026-07-27 12:32:17
unv,1 Cor,8,13,4457,6b5f646967a53d774fc11da425e8dc5915cc39f5,2026-07-27 12:32:19
unv,1 Cor,9,27,9081,579a66f41394a07ec047dbc8761acd36837f3dae,2026-07-27 12:32:20
unv,1 Cor,10,33,9612,63a0c8ea9b96c980fd1d75a0fa227f97aa20a4ca,2026-07-27 12:32:22
unv,1 Cor,11,34,10497,03fb3d4f86efa6d48b0b5c5a02c2b5c9b238ae6f,2026-07-27 12:32:24
unv,1 Cor,12,31,9136,a3e0281d9700e8544d5a658582385a8feec0f5fb,2026-07-27 12:32:25
unv,1 Cor,13,13,4267,1eb8ad591974eb1c22cf0c6e361e03bdd7ce829e,2026-07-27 12:32:27
unv,1 Cor,14,40,12682,ba81162eb594c9c29610b947d98d816930c767f2,2026-07-27 12:32:28
unv,1 Cor,15,58,16946,730742987ca8cf76265b2a568066eaf0ad5fb99e,2026-07-27 12:32:30
unv,1 Cor,16,24,6880,62e40a4c66c2e47b470932fb7f3ed52721af3244,2026-07-27 12:32:32
unv,2 Cor,1,24,8659,32fef84e01ff4210a7b367c3326cb1056df35c86,2026-07-27 12:32:33
unv,2 Cor,2,17,5638,bae3a8822f1e89660f9e0b634fe12a79b5a495d1,2026-07-27 12:32:35
unv,2 Cor,3,18,5678,79ed1252cfc1bc8159d91a5d2a9a8c2826e406f9,2026-07-27 12:32:36
unv,2 Cor,4,18,5961,31ae7a371a4f16e165fb8532449cb2aa6dcd951d,2026-07-27 12:32:38
unv,2 Cor,5,21,6940,e59bcdd32ec6686a60c46f9451ea3c3970542122,2026-07-27 12:32:40
unv,2 Cor,6,18,5764,e044f9cf1834da727d6719e2605fe0261b17a794,2026-07-27 12:32:41
unv,2 Cor,7,16,6307,32a7ad687d6c5c4ba1848843775c77f94e584faf,2026-07-27 12:32:43
unv,2 Cor,8,24,7703,0ef0c5d22ce2228e0f7a14cfc354f0a82ed83432,2026-07-27 12:32:44
unv,2 Cor,9,15,5249,03af39cb58ce806a1089080b36c23266a4468426,2026-07-27 12:32:46
unv,2 Cor,10,18,6251,a70fdaae728c4828be899b47fd9328116f23c11a,2026-07-27 12:32:48
unv,2 Cor,11,33,10445,1d5801889b6a8b27d052da9f3626c57f6c5b9055,2026-07-27 12:32:49
unv,2 Cor,12,21,8323,01e861c3d97ac6d16daeb8cbc1c2cf591fbb4a2a,2026-07-27 12:32:51
unv,2 Cor,13,14,5006,a36a69698a272927faac8b25f855e27fdcb2f7ef,2026-07-27 12:32:52
unv,Gal,1,24,7075,1f425caab9a112bf639ce27f1ec70778475f86a9,2026-07-27 12:32:54
unv,Gal,2,21,7662,f7c4cc883ef090cc8492c29cae280e70c2172f7a,2026-07-27 12:32:56
unv,Gal,3,29,9106,d55b15d8e22693c8c0c5b5a7e0e7477daec5441b,2026-07-27 12:32:57
unv,Gal,4,31,9237,88399e8ab638a28eb1bf7494e3a31c7e20509401,2026-07-27 12:32:59
unv,Gal,5,26,6862,6f0189565b7f481521f43eade7d9e6f0bba762c7,2026-07-27 12:33:00
unv,Gal,6,18,5306,205ef5adad6c75f68f5f858d6a3f5bccd586bed1,2026-07-27 12:33:02
unv,Eph,1,23,7111,7337c2383a3ba6bd7a26299d882b36763c1c7379,2026-07-27 12:33:04
unv,Eph,2,22,6782,2a448067f6fbcb0b4d5370291be99cf135464be7,2026-07-27 12:33:05
unv,Eph,3,21,6302,a8f814217fbbf0170f62cd31c04d597fad98226e,2026-07-27 12:33:07
unv,Eph,4,32,9526,31c76a9039b7908a7b453b08982f7f3797a7abf6,2026-07-27 12:33:08
unv,Eph,5,33,8887,0a5e7637651ed62ac05ffe5d4acc49e7d7ba9a06,2026-07-27 12:33:10
unv,Eph,6,24,7190,cfc1c73999b4f09c98fa0b50392629e42f2fc1bc,2026-07-27 12:33:12
unv,Phil,1,30,9296,21cb0ac144706c11027ac06eb799cbdbd132c8da,2026-07-27 12:33:13
unv,Phil,2,30,8842,f92ed2e54eacff22c7faf5e88fc3932cacc1ffa0,2026-07-27 12:33:15
unv,Phil,3,21,6737,b28c612bb63618f6a64e5329a81231cb8680f7bb,2026-07-27 12:33:16
unv,Phil,4,23,7257,47f2c2a0c6ef802bdabec25217dcba8fe7a6ec4b,2026-07-27 12:33:18
unv,Col,1,29,9493,fbee6aae1997623b781deea93d6eebcfd01d7389,2026-07-27 12:33:20
unv,Col,2,23,7343,f6b913bf2a217a42c3e816a1f929957eff1b8a52,2026-07-27 12:33:21
unv,Col,3,25,7404,4ac793baf474d68659ccbf71df1156bab31bde8f,2026-07-27 12:33:23
unv,Col,4,18,5713,b23e9767d12de1363b9f802203606290b1e6ef59,2026-07-27 12:33:24
unv,1 Thess,1,10,4074,3849895da3664a0e0d65ac8d431ddd5ef3ea82bd,2026-07-27 12:33:26
unv,1 Thess,2,20,7409,f312837016220773c11a328d7a0976382d8ee3b0,2026-07-27 12:33:28
unv,1 Thess,3,13,4774,42c87af2c27fdb5f3f19118e1570ff0c0c390d60,2026-07-27 12:33:29
unv,1 Thess,4,18,6142,b6d65e0270f189799c2052b19cad3c8effa90260,2026-07-27 12:33:31
unv,1 Thess,5,28,7165,72bd3260a0e83f20c757d31e3ea518975a21e7f7,2026-07-27 12:33:32
unv,2 Thess,1,12,4308,dfc2fe0d7184e06bc94fd8cf46b03b64d3525d19,2026-07-27 12:33:34
unv,2 Thess,2,17,5881,65eda08d858132f4be549fa0c566538417da9dea,2026-07-27 12:33:36
unv,2 Thess,3,18,5566,9ede7ec34b611b80a9622ecc02fcc97ea755e109,2026-07-27 12:33:37
unv,1 Tim,1,20,6400,fa8711737551956af18bf7c025d9fe6dd442d644,2026-07-27 12:33:39
unv,1 Tim,2,15,4184,788f8e613e219b5e5a340ff613a77c9ddfe6274a,2026-07-27 12:33:40
unv,1 Tim,3,16,4817,124befee3f333fd50a568ab5cd1d5836c058c380,2026-07-27 12:33:42
unv,1 Tim,4,16,4787,cbf87a1dbdfc50efb60ea0c387f86a0eb48a820d,2026-07-27 12:33:44
unv,1 Tim,5,25,7319,8f20bcabc033411250d1a3062205c2b7ab70d920,2026-07-27 12:33:45
unv,1 Tim,6,21,6959,2380a7043e00a15b19c672598c122f56b2c7bd3d,2026-07-27 12:33:47
unv,2 Tim,1,18,6182,e0d9615cbe407aa35e45fae84194a77b6cf3ccc6,2026-07-27 12:33:48
unv,2 Tim,2,26,7616,a80f10be694337a581d000ce0170ffce9a19ebba,2026-07-27 12:33:50
unv,2 Tim,3,17,5126,996621f2aa8cd072524c4e93d8916959c07e51cc,2026-07-27 12:33:52
unv,2 Tim,4,22,6651,0ec201c66601a17c00c76e5e757c37fc2ffb98fe,2026-07-27 12:33:53
unv,Titus,1,16,5197,6220dec44debf9e907aa5f1ddc607aa6e0fbfa56,2026-07-27 12:33:55
unv,Titus,2,15,4125,9ee517e095f6833418f236d9f55e594e4ff11650,2026-07-27 12:33:56
unv,Titus,3,15,4903,b0c3c1b20cda184c706400d762ab9ef7e042bd89,2026-07-27 12:33:58
unv,Philem,1,25,6897,0363dd68b62909d2fcc77dfde8d589f03db4aeb1,2026-07-27 12:34:00
unv,Heb,1,14,4681,636484518159615cef536483e597f59938883881,2026-07-27 12:34:01
unv,Heb,2,18,6106,78266df9f3047685e004a2660f7c2a10b3e21900,2026-07-27 12:34:03
unv,Heb,3,19,5432,c1af374b6733fbb3e97dd2e5640d46a0b515193e,2026-07-27 12:34:04
unv,Heb,4,16,5634,0f056bd2b1d040717f33e8c989994248b73d8b91,2026-07-27 12:34:06
unv,Heb,5,14,4462,28fe11640a7f0e88fd56cbbb14957b87c0fa33ee,2026-07-27 12:34:08
unv,Heb,6,20,6023,100eb8fef39625dddf7d15c07e4c8c37548e3ecf,2026-07-27 12:34:09
unv,Heb,7,28,8946,bae6edd8e881ed4b1e7b5d9a83ebbb188fa06414,2026-07-27 12:34:11
unv,Heb,8,13,5024,5c1a1a3223d8e0760201a9b6c8b372f7e15b05c7,2026-07-27 12:34:12
unv,Heb,9,28,9079,ac21407cafd68bd4e03f69d8b0eabf81cd155482,2026-07-27 12:34:14
unv,Heb,10,39,11029,43e1a31b66e8730acab7542f302553988bba672f,2026-07-27 12:34:16
unv,Heb,11,40,12867,a7054a347c838d889ab435a45622f154a9c96007,2026-07-27 12:34:17
unv,Heb,12,29,9612,63ae94b13314d95c1e26eb5343e4663e456a71e3,2026-07-27 12:34:19
unv,Heb,13,25,7615,564cc3f28a668ef4a92ea73f1ae71b1baaebe6ad,2026-07-27 12:34:20
unv,James,1,27,8134,70d8504d3bfef9cbd402920894e24235542ea228,2026-07-27 12:34:22
unv,James,2,26,8192,b00b3f5443b87d63ec7c5c6883a316a78bb39591,2026-07-27 12:34:24
unv,James,3,18,5659,0ac43acbcbf757bdf327b09a05308ccc4fae217c,2026-07-27 12:34:25
unv,James,4,17,5846,0e617d34890d33547a40ff626519598ea04e65a8,2026-07-27 12:34:27
unv,James,5,20,6734,e2d0c0d309cc43c14491ae779b6cc5aa5937d1a4,2026-07-27 12:34:28
unv,1 Pet,1,25,8757,99d2fd3b0c9436b452e1dfbc5d6e71433c0412c8,2026-07-27 12:34:30
unv,1 Pet,2,25,8223,9f28230af88c448128a05779769698b8f6480064,2026-07-27 12:34:32
unv,1 Pet,3,22,7498,96b5f0d555370954b63656c233c619c453953142,2026-07-27 12:34:33
unv,1 Pet,4,19,6077,b4be7724178ba59865f784b7ec4213de22cf303e,2026-07-27 12:34:35
unv,1 Pet,5,14,4834,98d726dc806fb2debbbb8e3684e406eaba6cdee4,2026-07-27 12:34:36
unv,2 Pet,1,21,7326,863a20a7e8eec272285414d9e5bbfef911036fe8,2026-07-27 12:34:38
unv,2 Pet,2,22,7871,02969186a9ec8122cecaeda5bbbe7f6b489423db,2026-07-27 12:34:40
unv,2 Pet,3,18,6539,e008484f9a0a13024c4a2d6f996ca76b30fbb619,2026-07-27 12:34:41
unv,1 John,1,10,3884,78599754d2d5fedbea70a19caa95a16fdde89dd7,2026-07-27 12:34:43
unv,1 John,2,29,10800,a3bc27aadea3cfcd6b2cc1852fb207d4d363c174,2026-07-27 12:34:44
unv,1 John,3,24,8518,8a61ffcaf9ad223c8f769a9df26d3409cdb0a7d4,2026-07-27 12:34:46
unv,1 John,4,21,7781,e06eb1da506e794a52a17fb22d0457c0f975ff27,2026-07-27 12:34:48
unv,1 John,5,21,7372,a1d8ca64be7d78fd321c20f4bcd17ecd8eac28fe,2026-07-27 12:34:49
unv,2 John,1,13,4700,eb7ce42a65839e87884456f876363c0278596813,2026-07-27 12:34:51
unv,Jude,1,25,9128,db4da43942a79d0af6736b1c09de4f1025d0efe2,2026-07-27 12:34:52
unv,Rev,1,20,7727,9a4cb590bf69eb898a93c18afb7e75ab88554aa5,2026-07-27 12:34:54
unv,Rev,2,29,10988,5627a3300fea20dfc2a08e0148be0ac7657d789b,2026-07-27 12:34:56
unv,Rev,3,22,9225,085eacafddc4f48753cd559e89c1e337cd1ad7c2,2026-07-27 12:34:57
unv,Rev,4,11,4691,d3fa6d869a0d60b0a6082d71e43f69e17d78a32f,2026-07-27 12:34:59
unv,Rev,5,14,5476,994a4c95f5a4153ab69a20f91fb3ea0c5586ea0c,2026-07-27 12:35:01
unv,Rev,6,17,6864,45b514d5f918efb152e04069826ffa1a545d8c39,2026-07-27 12:35:02
unv,Rev,7,17,6475,8816f038bed5bcdcc4312705ab6792b3a945a4fd,2026-07-27 12:35:04
unv,Rev,8,13,5007,c47f2de3f3b1f76b8ff51d85ad9a75910827919d,2026-07-27 12:35:05
unv,Rev,9,21,7558,6ec80c0e7cf76448d1e77fb37274b853f0340d85,2026-07-27 12:35:07
unv,Rev,10,11,4678,6fa64bd162ce905c06c2009e374419cb6fa8180d,2026-07-27 12:35:09
unv,Rev,11,19,7818,f622771fe4325f6415ef56e031d4e8ddd5618d63,2026-07-27 12:35:10
unv,Rev,12,18,6812,9e4cfbbfdb6459d01f2d1c5819ba62b4128343e0,2026-07-27 12:35:12
unv,Rev,13,18,6955,01a276c0bb212871a4c19ae5131af81234e7682e,2026-07-27 12:35:13
unv,Rev,14,20,8439,5badf0a65ed7f00cbdb712e48f26af6fb733f3aa,2026-07-27 12:35:15
unv,Rev,15,8,3438,83bb2bfd40910d4580415990c4d7898ebed5a60c,2026-07-27 12:35:17
unv,Rev,16,21,7436,ed74b318ca69935e729aabcde65e1546a6a0cf4e,2026-07-27 12:35:18
unv,Rev,17,18,7366,4104677015bf7da226d97845225a5f8b1b9acc34,2026-07-27 12:35:20
unv,Rev,18,24,10281,81c0a2ec14498f87bef36fad02bbd19c12008bcc,2026-07-27 12:35:21
unv,Rev,19,21,8340,6ff580f7b139aec916b8638a4e2dffdcb59444b2,2026-07-27 12:35:23
unv,Rev,20,15,6215,7a1f7f4990a9d30d524899cba1fa3a66fbbcf447,2026-07-27 12:35:25
unv,Rev,21,27,9702,e07a889b46becb13aed035e84d47b869a720a6c3,2026-07-27 12:35:27
unv,Rev,22,21,7425,fc32d76784c211f348aa2a92fbfde55aaaafd560,2026-07-27 12:35:29
kjv,Gen,1,31,11138,329379f5ff504252dc9afb8a44011de35e75fa28,2026-07-27 12:35:31
kjv,Gen,2,25,8434,49a63fbecf70f78c606e43a427253f44e2f429e1,2026-07-27 12:35:33
kjv,Gen,3,24,8747,168e02638a34ef7d47707de1b40267ab21d67116,2026-07-27 12:35:34
kjv,Gen,4,26,9028,3ddc98d61f5bf6cdc3727715379be29bde3c9495,2026-07-27 12:35:36
kjv,Gen,5,32,8702,5b707b7be710f172beed575e16184ec4622ac5c4,2026-07-27 12:35:38
kjv,Gen,6,22,7553,d6f765f8ef6c2610c627fca6a96312100b018f2e,2026-07-27 12:35:40
kjv,Gen,7,24,7648,893cad211d71f6ec18118ba49a519e5dc73fddb5,2026-07-27 12:35:42
kjv,Gen,8,22,7768,480c9fe2a16a9f14efec19e14a692354847e3cb6,2026-07-27 12:35:44
kjv,Gen,9,29,8375,3ebad984d369e4221f9847288a7f97ba3b40ed15,2026-07-27 12:35:46
kjv,Gen,10,32,7619,0268a4dffc694178ca93bbdedd62aab6d66b4d0c,2026-07-27 12:35:48
kjv,Gen,11,32,9475,bead3b7a60a1beaa5da5dbc2c23590ce4d189fb4,2026-07-27 12:35:49
kjv,Gen,12,20,6719,8fe36879fc79334365087b9a6df4c69e4db51d66,2026-07-27 12:35:51
kjv,Gen,13,18,5768,f9a5632657acc7c74bbfc3898aacc32df6eebf98,2026-07-27 12:35:53
kjv,Gen,14,24,8232,79330d149249cf899c0737ea1e349be3fdf03acc,2026-07-27 12:35:55
kjv,Gen,15,21,6204,48c253a7f7d2d100a1bf3a554189de16b60e559b,2026-07-27 12:35:57
kjv,Gen,16,16,5642,e8aa17403e058b23a678d21fac5d26e98c366fc6,2026-07-27 12:35:58
kjv,Gen,17,27,8721,f91a0c83611655147aaabcbd9e609d064c05bc48,2026-07-27 12:36:00
kjv,Gen,18,33,11158,8710ff0103e27343f778159e66aa866d47bb1832,2026-07-27 12:36:02
kjv,Gen,19,38,13677,ba2513e122386265caf8f7d7e40726374a103e59,2026-07-27 12:36:04
kjv,Gen,20,18,6438,56a21a662d9aa54ba9bcb54defc19231ef2b27d8,2026-07-27 12:36:06
kjv,Gen,21,34,10324,e23119282989da9b7758b4a4f4df48e85690e599,2026-07-27 12:36:08
kjv,Gen,22,24,8282,78fa50e4ce07310d5d976a6ebdfe7a730cee21e6,2026-07-27 12:36:09
kjv,Gen,23,20,6924,0180850defddf656b6d74111b7ffa37a0fab0770,2026-07-27 12:36:11
kjv,Gen,24,67,22958,bc15789f85905eee248c8531688b5498d8a0f9be,2026-07-27 12:36:13
kjv,Gen,25,34,10063,f715e686db60aee705a2acdbe428bd80d5b66fff,2026-07-27 12:36:15
kjv,Gen,26,35,11699,e7e1567a7ac63fea9ee49f1d50112a1557750d87,2026-07-27 12:36:17
kjv,Gen,27,46,15950,6055e4d11e7815a2cb840fae9215633818cebbfb,2026-07-27 12:36:19
kjv,Gen,28,22,7823,228050742b88668989f62d17a01de67f4f1f3198,2026-07-27 12:36:21
kjv,Gen,29,35,11442,f6bf624b1ca4c6f40460f36593250f0cbf690303,2026-07-27 12:36:22
kjv,Gen,30,43,14141,0aa8698b951f0464777573817fa185c480f588d7,2026-07-27 12:36:24
kjv,Gen,31,55,18488,08c6e52453dc5ebf9537b5b54ebabb4b59aab1c3,2026-07-27 12:36:26
kjv,Gen,32,32,10633,5077614214d2820c6018a2b7221c14e2639f79a9,2026-07-27 12:36:28
kjv,Gen,33,20,7053,e31a3b3502ef7d9137ce4981767a6882e30e3a2f,2026-07-27 12:36:30
kjv,Gen,34,31,10043,edaf59b69ba25f9ef40ed4f7373f214af2658d73,2026-07-27 12:36:32
kjv,Gen,35,29,9003,d8a76dcd3b9504ac4aa86c8348c16b4cf9f684f6,2026-07-27 12:36:33
kjv,Gen,36,43,12154,fbd71452f9e8ea1b160d7087b17d68228cc9a9ac,2026-07-27 12:36:35
kjv,Gen,37,36,12540,d90dcf5c7eec3423429b07ff0073c4437b5b7922,2026-07-27 12:36:37
kjv,Gen,38,30,10624,753067383faf419dfb83aa927c1fd051da1fa706,2026-07-27 12:36:39
kjv,Gen,39,23,7965,727773ff7b69276535d0de41a5e099628c395ad3,2026-07-27 12:36:41
kjv,Gen,40,23,7880,dc2f6ec697f16041a819c96a0a22708464cdd4e7,2026-07-27 12:36:43
kjv,Gen,41,57,18812,03544c71876f3a23598d6577a17768d2093fa55a,2026-07-27 12:36:44
kjv,Gen,42,38,12573,df0ef68310c0c7c95e6af7c2cf19e1ff0f86ee95,2026-07-27 12:36:46
kjv,Gen,43,34,12363,f8e06e3b143ab7c7ff8f8f4fc252673e4ded58d2,2026-07-27 12:36:48
kjv,Gen,44,34,10896,867bfdd3e27bc01377af88fc94e7d72392b131c6,2026-07-27 12:36:50
kjv,Gen,45,28,9644,5045202295ed71a5805f9e0574b3b28e9d3465c6,2026-07-27 12:36:52
kjv,Gen,46,34,10518,a365474c89dd6d7ef44fb820e3dc190e0c7bcfc3,2026-07-27 12:36:54
kjv,Gen,47,31,11944,754aa5321a8410cd9fe318436ec86935ff5ae9a1,2026-07-27 12:36:55
kjv,Gen,48,22,8123,b84007fdd96bb7738d9d6be90769aa92f350ee9b,2026-07-27 12:36:57
kjv,Gen,49,33,10273,b9e74e235f95eb4aacd03dcc1b0b070dea109235,2026-07-27 12:36:59
kjv,Gen,50,26,9074,875de7b9f931bcfc474a1ca2d6dc0fc6f097424e,2026-07-27 12:37:01
kjv,Ex,1,22,6443,8c525d8208f293ac5e538ca54230d784ce10fa50,2026-07-27 12:37:03
kjv,Ex,2,25,8793,b11a7d6bd53df88ed61157a3728c3e7b5d648995,2026-07-27 12:37:04
kjv,Ex,3,22,9089,166f099d5d683dd535e4085cd29ad14f66784e9a,2026-07-27 12:37:06
kjv,Ex,4,31,10894,407e52edb75464fb69165be130558ab9d4c9f118,2026-07-27 12:37:08
kjv,Ex,5,23,8181,e3244cf69ddd10d041a8cfcc71ce3dc4c0c05aa6,2026-07-27 12:37:10
kjv,Ex,6,30,9524,592bf4623c891c10d6a546eca2f8e4cc65eb3da0,2026-07-27 12:37:12
kjv,Ex,7,25,8765,163708297ab9e5800abe7a8b12e5ef6c99572011,2026-07-27 12:37:14
kjv,Ex,8,32,11613,2817b02c4cc98cf71abf0286547f1c2a0e55cee9,2026-07-27 12:37:15
kjv,Ex,9,35,11899,8a4b8a0c2534505750ea993597a17d415673101f,2026-07-27 12:37:17
kjv,Ex,10,29,10836,edcacc1fb8c6c3bf48d692aeac1039ddaaa074de,2026-07-27 12:37:19
kjv,Ex,11,10,4006,9b618bf9630a64c80c8cf1d6d98819fc12fd8fc5,2026-07-27 12:37:21
kjv,Ex,12,51,17847,a02edd544dc4e477c80d4bb8d4d28668ccbe6cfe,2026-07-27 12:37:23
kjv,Ex,13,22,8040,6339d8807fd7ccf48a5c89ba10759ae30af8fc49,2026-07-27 12:37:25
kjv,Ex,14,31,11625,69a6c1149c43e3aea0f06a27a7fb1ef92278924c,2026-07-27 12:37:26
kjv,Ex,15,27,9324,b46571091ef09772b1eefa2f06f5947f7949cb66,2026-07-27 12:37:28
kjv,Ex,16,36,13029,f30605921ef14c433ed1d7b8eb640f086c7cc8ba,2026-07-27 12:37:30
kjv,Ex,17,16,6243,291efb14591f38f44211c440c7260dbddfe4dde8,2026-07-27 12:37:32
kjv,Ex,18,27,9643,cabf6728d95fdcda80bcc1c03ecebcdfa54b84f5,2026-07-27 12:37:34
kjv,Ex,19,25,8927,39b374b02151ea70a0f97a9c04b39e7cd615cb7d,2026-07-27 12:37:35
kjv,Ex,20,26,7303,f9cb1dcb3b79f1a2aae9e7aabafb2a8b058de62d,2026-07-27 12:37:37
kjv,Ex,21,36,11066,1a8a18dc96b59bf34c60936ed8461b7c398a8354,2026-07-27 12:37:39
kjv,Ex,22,31,9763,551883bb881afbf9ebbd35da66ad59664fbce14b,2026-07-27 12:37:41
kjv,Ex,23,33,10639,c757c443caf2764ad8f0e57cf1c29e1733337524,2026-07-27 12:37:43
kjv,Ex,24,18,6118,581cfb538f25a65103994ea72e05ae45d978bab1,2026-07-27 12:37:45
kjv,Ex,25,40,11852,7ab778c50a87a515a9489e2c3dc44158f0db7ae2,2026-07-27 12:37:46
kjv,Ex,26,37,12335,b26408530c48c983fac317d7c19165fe7498cac9,2026-07-27 12:37:48
kjv,Ex,27,21,7172,d3ae548f0d6bd6521054c2dbb8596cfaf7132123,2026-07-27 12:37:50
kjv,Ex,28,43,15048,63b2689d1d9e4b414399d99eef1b0fa6f3db1b12,2026-07-27 12:37:52
kjv,Ex,29,46,15831,8ac2cae0c928494bd8cbcf129c1cbcf6df7bef3d,2026-07-27 12:37:54
kjv,Ex,30,38,12431,3de3e57405d0b4c34b32eabe90864ac2c84f347b,2026-07-27 12:37:56
kjv,Ex,31,18,5731,890c60b8ff99352bc186376906df66a1d568bb08,2026-07-27 12:37:57
kjv,Ex,32,35,13482,2035941c776c3ca1559b39d0661ebff9217ed903,2026-07-27 12:37:59
kjv,Ex,33,23,8426,4c6e94e450b2cbf43c7e49bebd85484cd5eaa8d1,2026-07-27 12:38:01
kjv,Ex,34,35,12568,a03d77d1c778802ed25afe4ee7f5abaa68e0c58a,2026-07-27 12:38:03
kjv,Ex,35,35,10520,a1bfaa6f478e40b36429928dbf8efa4937f09cbb,2026-07-27 12:38:05
kjv,Ex,36,38,12470,391cce1c797f1e6575f7422a249506155e466c9b,2026-07-27 12:38:07
kjv,Ex,37,29,9186,a53e42b7214f078194e30fb3b0c7a0e390be9419,2026-07-27 12:38:08
kjv,Ex,38,31,10627,1313605773b1f7c4d26bd1f11797865e68bd65db,2026-07-27 12:38:10
kjv,Ex,39,43,13488,836045e01aea8ea055d1687af311cf714650c906,2026-07-27 12:38:12
kjv,Ex,40,38,10715,b1ed5d790464ce77510d7379d81861d2483f1a39,2026-07-27 12:38:14
kjv,Lev,1,17,6151,c21e14e4f2a8f7caaca29ed38a60b4f68569fb04,2026-07-27 12:38:16
kjv,Lev,2,16,5694,d7f457185d3293b4c3dcc840be741b6ddd97096a,2026-07-27 12:38:17
kjv,Lev,3,17,5920,beaa074d3edf8ba60ed799460fd9b34752b73b54,2026-07-27 12:38:19
kjv,Lev,4,35,13241,e19c73e235cc9770af2f969f4223a2c6f201a989,2026-07-27 12:38:21
kjv,Lev,5,19,8030,97429c4451358420b319321a15471decb9d93912,2026-07-27 12:38:23
kjv,Lev,6,30,10617,c85a91740b2d9a26bf9cd76236d4efc72fc279b0,2026-07-27 12:38:25
kjv,Lev,7,38,12470,fe9d38c408cf429371cef0ff1225b3289305f9c9,2026-07-27 12:38:27
kjv,Lev,8,36,12366,0af6acd40e2a6189ff2c860ab05ea3662911f092,2026-07-27 12:38:28
kjv,Lev,9,24,8026,b01fd236b616003b9b7914524b7c0f0c572c3e5b,2026-07-27 12:38:30
kjv,Lev,10,20,7715,b539ac86ab91f37e262639f3765047a91016cd54,2026-07-27 12:38:32
kjv,Lev,11,47,13846,bb2a3b0de33a07e50bebab8f6aecb9be5969f2ab,2026-07-27 12:38:34
kjv,Lev,12,8,3292,53f5605481355cc6ee0f97aa8bca1bbb0c7ba829,2026-07-27 12:38:36
kjv,Lev,13,59,21472,72fedf2139fcb9eefe86dfb43bb4f257db4c915b,2026-07-27 12:38:38
kjv,Lev,14,57,20182,7dd24169f738dc652355d8d3c437e707767fd7a3,2026-07-27 12:38:39
kjv,Lev,15,33,11378,b41a2f1b5ea44b3c0db8ac0ef0b163ce8485be0a,2026-07-27 12:38:41
kjv,Lev,16,34,13441,9b3e1d0e7334e6b268cdeef216b467a26607adc1,2026-07-27 12:38:43
kjv,Lev,17,16,6531,dfac44379c3689522d9deb8e51998c788a2bf00d,2026-07-27 12:38:45
kjv,Lev,18,30,8872,a32e71144f40abcaf3b34149221176172a6f0819,2026-07-27 12:38:47
kjv,Lev,19,37,11388,7a5b6de0f511625a2c7cf292333eb34d5a4dc9b5,2026-07-27 12:38:49
kjv,Lev,20,27,10093,c69ca98d77a76df7783a3a76b043cf11cbacf513,2026-07-27 12:38:50
kjv,Lev,21,24,7290,d5fb24365c1ce37835f6344f50e9b4a9259cf89c,2026-07-27 12:38:52
kjv,Lev,22,33,10773,423c2340d3f520470236dab469411c00b0536fae,2026-07-27 12:38:54
kjv,Lev,23,44,14979,95438d66e3c47e5b81c71b8310a5853e26b73cd7,2026-07-27 12:38:56
kjv,Lev,24,23,7347,59ecf92cbf493d5e370d060554944eef30189878,2026-07-27 12:38:58
kjv,Lev,25,55,18234,2a8c955c895ca309f21bbeec207f5dc1d0a0e4ee,2026-07-27 12:39:00
kjv,Lev,26,46,15099,695fb0296a099bd8a20cc35ad6b4296f1347b4b0,2026-07-27 12:39:02
kjv,Lev,27,34,11241,a140e73d59887885837c82ace762145a11107589,2026-07-27 12:39:03
kjv,Num,1,54,16464,0c3fc0374023228fe29cf53e72670372e0e3f6d2,2026-07-27 12:39:05
kjv,Num,2,34,10430,ccf84a1433e28b301f3bd3fdaba8dd16e5c78447,2026-07-27 12:39:07
kjv,Num,3,51,15901,87bb558fae5754bfd487559e5ad70dbe6ec4053d,2026-07-27 12:39:09
kjv,Num,4,49,16850,73bf84f5f9452d1767505d3822392cf750dccafe,2026-07-27 12:39:11
kjv,Num,5,31,11080,c0a81dea0b19a4b6f477361e14816ebf8ef89ebd,2026-07-27 12:39:13
kjv,Num,6,27,9336,ef06c92baa530b54a40da6781e21933dc37f0607,2026-07-27 12:39:14
kjv,Num,7,89,26345,e7493263f539ebb8875b6c049ec9a4dfffb3bab4,2026-07-27 12:39:16
kjv,Num,8,26,9167,be0ad91e37a1a0377f22133d0daed299054af9c2,2026-07-27 12:39:18
kjv,Num,9,23,8602,1b510e11e582c63392e475dade759d977eacddd4,2026-07-27 12:39:20
kjv,Num,10,36,10914,9a294c8558d0fe85f9b33c708f4c14d8fecbe16c,2026-07-27 12:39:22
kjv,Num,11,35,13363,2c8a5801bdd6a44807113daf4cbd6fcff04f57b7,2026-07-27 12:39:24
kjv,Num,12,16,5177,2ae4e486e4abd223bc1d2f688ce0f4400a4cfc5f,2026-07-27 12:39:25
kjv,Num,13,33,9765,39e52fd425d56b4964e26f6fb7bb569d09f80591,2026-07-27 12:39:27
kjv,Num,14,45,15037,899fde4ef6595922ec7ab2a3c0c938bd6e007143,2026-07-27 12:39:29
kjv,Num,15,41,13105,53898db630fcd93cfcdc8f09ded3f31fb94fb8f4,2026-07-27 12:39:31
kjv,Num,16,50,16917,f3917fb77ac05c8d4d059c757711d204cfa33ffb,2026-07-27 12:39:33
kjv,Num,17,13,4548,36edc342e70c49e1c768de4a5989254b4eb3943c,2026-07-27 12:39:35
kjv,Num,18,32,12229,a727d525221bc0ae69b51653809383139a031af6,2026-07-27 12:39:37
kjv,Num,19,22,8404,74f13e289e155de80286771fcb02be341e5a3963,2026-07-27 12:39:38
kjv,Num,20,29,10070,39aeac3aa8e99160300ac37adc4bb7d9c385d266,2026-07-27 12:39:40
kjv,Num,21,35,12179,48560d27742681d38912c3da828ecfee7c7f78ff,2026-07-27 12:39:42
kjv,Num,22,41,15167,e74f2f2071a5912418f2c3bf697e3137954fed09,2026-07-27 12:39:44
kjv,Num,23,30,9854,491df26a191501f4847f04a9f7c80474fae1bed0,2026-07-27 12:39:46
kjv,Num,24,25,8983,dfbe8a5f1dab85def0922aae20cb3243176f0a18,2026-07-27 12:39:48
kjv,Num,25,18,5925,a1968348b27039e8bf6ab1b8155dbac431e2ea0b,2026-07-27 12:39:49
kjv,Num,26,65,19402,b0629ba05fe775630a9ee633e4eed694bdad028a,2026-07-27 12:39:51
kjv,Num,27,23,7591,e2a5305ec7598a49cc4627e3633d51f0f9f7a986,2026-07-27 12:39:53
kjv,Num,28,31,9733,6ba0968b6184b5086704d5380735f862e98fbfc3,2026-07-27 12:39:55
kjv,Num,29,40,12027,a59dcbb31b043d7c2d575aaa4f1928b1c19d89eb,2026-07-27 12:39:57
kjv,Num,30,16,6049,c917f396c794fe127d0aa074f5fbcd0880cd716c,2026-07-27 12:39:59
kjv,Num,31,54,16436,e787613ef767fec37fbe64f3307afa7f8240dc4f,2026-07-27 12:40:00
kjv,Num,32,42,13437,2a1588e56ed9f3f384bb43e523e0bff4fb196032,2026-07-27 12:40:02
kjv,Num,33,56,14033,2b1bfd5843a04072510db046bef05f7fe84c0bb8,2026-07-27 12:40:04
kjv,Num,34,29,8041,e022ee64d39d12aa5928cf9daf391e5e9710c13c,2026-07-27 12:40:06
kjv,Num,35,34,12164,2cb0123f4f335d36b281491094a43e388e27c54f,2026-07-27 12:40:08
kjv,Num,36,13,5528,f6f097d08d8e05ba3f63559ef3bce46a558cd87b,2026-07-27 12:40:10
kjv,Deut,1,46,15914,f925b9f0a815447343ad76298da173da4eb43c42,2026-07-27 12:40:12
kjv,Deut,2,37,13003,47e6f2a78d2716919ccae948e14461b68d14e1b4,2026-07-27 12:40:13
kjv,Deut,3,29,10170,cd13f8c0e1f01033e6157432249ad8b08bf2dd46,2026-07-27 12:40:15
kjv,Deut,4,49,18122,d5baffd4474a063e407ebd82c01a930bcd5a0587,2026-07-27 12:40:17
kjv,Deut,5,33,11005,2d12c0ccbc7dbcfdbde25dbc07528cebd04fc6d8,2026-07-27 12:40:19
kjv,Deut,6,25,8064,825e79c455e1ca2aee73854b0fcd3f1070f48d40,2026-07-27 12:40:21
kjv,Deut,7,26,10036,1be16ca03e4f7345bbc31b1a2b3580c916ae73d1,2026-07-27 12:40:23
kjv,Deut,8,20,7175,e23ed2b1105e2e9f8769887662e8483c150df3c3,2026-07-27 12:40:25
kjv,Deut,9,29,11637,ce11e1c7fd9e84ad138cedb76bd1075be334c011,2026-07-27 12:40:26
kjv,Deut,10,22,7541,59e96ab1f428dd0fb8a2615f8fb6c12247d8ecbb,2026-07-27 12:40:28
kjv,Deut,11,32,11307,69ffded406e9c840e1b208e27157460c168a845d,2026-07-27 12:40:30
kjv,Deut,12,32,12275,c7f32b123c438163cdf79a38ce28161158df73c6,2026-07-27 12:40:32
kjv,Deut,13,18,7529,8b9ff610bf80369e70e4cd3882e3b9a1614fdbcc,2026-07-27 12:40:34
kjv,Deut,14,29,8590,05d0a0e0a707161c7ee7d21324e394a45d86328e,2026-07-27 12:40:36
kjv,Deut,15,23,8444,96912d5a6fc85f293d3abc48499ea0c40a117b9f,2026-07-27 12:40:37
kjv,Deut,16,22,8720,745cf186a1ee1e9961c416b5ee3612994336aadc,2026-07-27 12:40:39
kjv,Deut,17,20,8267,8dc91122765bc4492ddec80c7a02dc31d8709f45,2026-07-27 12:40:41
kjv,Deut,18,22,7370,ab380fbf768eb677c22367c7fcd5f81fdc0c097d,2026-07-27 12:40:43
kjv,Deut,19,21,8091,4c38755244ab134486194d5d56c9a9ee8c703770,2026-07-27 12:40:45
kjv,Deut,20,20,8066,a6b49f91011e0b1ba3cf0e2d39126d1001757d78,2026-07-27 12:40:46
kjv,Deut,21,23,8833,9d3b2c6af28be82cc479a1f7a3bb01a0b1012773,2026-07-27 12:40:48
kjv,Deut,22,30,10730,08ef0ec3044ef8cba14f44c89bd5231e4110e8c4,2026-07-27 12:40:50
kjv,Deut,23,25,8356,fbabf2f83220bf4ea23172c6e6a179081690e3cc,2026-07-27 12:40:52
kjv,Deut,24,22,8372,358172c553b79fbffaf6b1d63bb2e8a4158a50dc,2026-07-27 12:40:54
kjv,Deut,25,19,6995,5ce413fe17a2e0141d2267ed1996713f035a5fff,2026-07-27 12:40:56
kjv,Deut,26,19,7808,64b62eecafcff46bb560d9c266f6e82864a353fc,2026-07-27 12:40:58
kjv,Deut,27,26,8186,7b6ed2661dec89c4a3abd503a9853c2f86709300,2026-07-27 12:40:59
kjv,Deut,28,68,24761,f5a4ee162828c115e240f578640c667deefdebde,2026-07-27 12:41:01
kjv,Deut,29,29,10447,ca80593c0d323d019181e10f9633a81aade77f3b,2026-07-27 12:41:03
kjv,Deut,30,20,7670,833572317354b0a39eda5205ff3dc9e6f823feaa,2026-07-27 12:41:05
kjv,Deut,31,30,12153,3d19980877a58c38365920aa16af136b1a1dfa45,2026-07-27 12:41:07
kjv,Deut,32,52,17327,aa16bd9172abd1a5e264012c62fe1d0cbc256971,2026-07-27 12:41:09
kjv,Deut,33,29,10328,8150cbdad387560a175c805272a42b80a7394f80,2026-07-27 12:41:11
kjv,Deut,34,12,4092,488808b81891b8318e68e68b7ddd689eca051de6,2026-07-27 12:41:12
kjv,Josh,1,18,7194,ca4bfb25f1de462a3c470a9e51b8f879ac2bea45,2026-07-27 12:41:14
kjv,Josh,2,24,9308,85b5f67322622eb23d4c9e0026e6525d3c5977bb,2026-07-27 12:41:16
kjv,Josh,3,17,6997,6d3bef9aa9fa48f4626fd06295080d4eebe91999,2026-07-27 12:41:18
kjv,Josh,4,24,8961,ef23c90b138ed5ce859e07ce3c2ff9350ed0b54b,2026-07-27 12:41:20
kjv,Josh,5,15,6710,b7fec8044385eded0db7f26d171e32f417217414,2026-07-27 12:41:22
kjv,Josh,6,27,11469,a5ca303ac2609c4b0eccef6b54b1296e2c1e6eb7,2026-07-27 12:41:23
kjv,Josh,7,26,11502,f5eefb13c10b365d5c63eb8071f119d7274e21f9,2026-07-27 12:41:25
kjv,Josh,8,35,14297,7318c54f891d6c51529bfceec2bdf7323a2ad237,2026-07-27 12:41:27
kjv,Josh,9,27,9921,457ba54ea90f95bb260edbfb5906b228c415587d,2026-07-27 12:41:29
kjv,Josh,10,43,16825,8a2d1031a0916f96cbcc6bff40680348daee8de6,2026-07-27 12:41:31
kjv,Josh,11,23,9001,da2f8556db856549ec1f13f9d2da5090960e012a,2026-07-27 12:41:33
kjv,Josh,12,24,6646,4a043e7337aa4688016218ac47fccd8615a7a6ab,2026-07-27 12:41:34
kjv,Josh,13,33,10865,26c2592207d976f5190d69c97356d3bad1302565,2026-07-27 12:41:36
kjv,Josh,14,15,6064,c6a59b901fc1ab2a410f0f1467112b55288e304a,2026-07-27 12:41:38
kjv,Josh,15,63,15239,bb2c05d1f50f090ac31af567fec23c58a2c460e9,2026-07-27 12:41:40
kjv,Josh,16,10,3394,98c5aac7bc2b0137195176ea490e32e2f1491c67,2026-07-27 12:41:42
kjv,Josh,17,18,7921,d0b346b4ae4d9c295dfa12413163f72d49211318,2026-07-27 12:41:44
kjv,Josh,18,28,9876,1ce3806d99e7a74981133550362f9bee91d2b619,2026-07-27 12:41:45
kjv,Josh,19,51,13367,0ae0b70946784e017b6b691987cf7b67de2da8ad,2026-07-27 12:41:47
kjv,Josh,20,9,3943,5dcfb91120d83d2fad57203efb222c33fc663945,2026-07-27 12:41:49
kjv,Josh,21,45,13191,66c457b2b452bf6b2b38bb1e515bcedcbf1f67eb,2026-07-27 12:41:51
kjv,Josh,22,34,15346,5b7a57270b423cf96a0ba9da7fca30076dd2c438,2026-07-27 12:41:53
kjv,Josh,23,16,6804,2b5ceb7ade2181c2f9e46451cfc7ad2a780e3078,2026-07-27 12:41:55
kjv,Josh,24,33,12698,9ecefa4232b23a03aa6305f31db8442752195c38,2026-07-27 12:41:57
kjv,Judg,1,36,12670,0ef02975af12bc5d846f116fd0b4b5b4646921ae,2026-07-27 12:41:58
kjv,Judg,2,23,8845,bd436f91743e8917d780428f3ff490cb8e6add81,2026-07-27 12:42:00
kjv,Judg,3,31,11338,c25d501f6d0f63f074e33eefbbbdca350d1c0242,2026-07-27 12:42:02
kjv,Judg,4,24,9672,069a0a2f5a53486da675f4ad6e70c7e9f527e898,2026-07-27 12:42:04
kjv,Judg,5,31,10934,35aa119d27910d828bd55b71279aef55bb60e008,2026-07-27 12:42:06
kjv,Judg,6,40,15835,3ac1072825d2c315b5c7a3e89d5b749919a3f874,2026-07-27 12:42:08
kjv,Judg,7,25,11542,519ff7f375ec9582fe13949b75a39947f30dbbd7,2026-07-27 12:42:09
kjv,Judg,8,35,12787,d21c2379aa15a57b1f1fc9c97e3126cd27a56aed,2026-07-27 12:42:11
kjv,Judg,9,57,21215,8f7507a301999b9b34ed3e8fdb4224eee0df4e71,2026-07-27 12:42:13
kjv,Judg,10,18,6508,937fa325ceb93cc58ef0818733f948d134483ecc,2026-07-27 12:42:15
kjv,Judg,11,40,15681,9b647c8ca095592ae501f7058fe4df5f04f6350e,2026-07-27 12:42:17
kjv,Judg,12,15,5544,395044cc5d9ecd3a40a0230ceb3ad0b97ad10cac,2026-07-27 12:42:19
kjv,Judg,13,25,9499,ad293781a0b1051f768631739f6c858a581dac23,2026-07-27 12:42:21
kjv,Judg,14,20,8458,42cb2d7d46d5c09562ca2eb0ae38f2a38277368b,2026-07-27 12:42:22
kjv,Judg,15,20,8363,210f9d409e6a1b3ffb597c3faeade0fdb3c9b2f4,2026-07-27 12:42:24
kjv,Judg,16,31,13690,502467efbe3551c47c67c559392a4dc99dcca2d6,2026-07-27 12:42:26
kjv,Judg,17,13,4884,cf38af77caeac163feab6bc40ba2ea989e2e7ea9,2026-07-27 12:42:28
kjv,Judg,18,31,12532,8ee4056d28af9a54269e687e684ae9b91101c8e2,2026-07-27 12:42:30
kjv,Judg,19,30,13386,60525110188198bf3dd995902d49e60c339ae8b1,2026-07-27 12:42:32
kjv,Judg,20,48,19042,2a2bc6aa2718475eeab1f5f23ee857d24e9f690d,2026-07-27 12:42:33
kjv,Judg,21,25,9568,cff517ef580e8075c8861c69b184d3abff3315ce,2026-07-27 12:42:35
kjv,Ruth,1,22,8172,995ea807775afaf9a94fa4a125de9813565570e5,2026-07-27 12:42:37
kjv,Ruth,2,23,9494,5536cefc6fc062b643f6fff3f43b2cceedb51a18,2026-07-27 12:42:39
kjv,Ruth,3,18,6608,3877574dc8dabb9194c601aebbca698dd5062266,2026-07-27 12:42:41
kjv,Ruth,4,22,8406,a733cf08cfe7828b1fdcdbb51a16478d79943093,2026-07-27 12:42:42
kjv,1 Sam,1,28,10491,01872d83f7cc743811a71d920e94475e17c19955,2026-07-27 12:42:44
kjv,1 Sam,2,36,14058,578e263c5dc0329a660ee9bf70395e146345b983,2026-07-27 12:42:46
kjv,1 Sam,3,21,7699,dbdd5141742f486fb4635a3d70a02a262eab44c6,2026-07-27 12:42:48
kjv,1 Sam,4,22,9559,3ee87c3f4ff0ff57871e41e37bf63e50ea1d8f76,2026-07-27 12:42:50
kjv,1 Sam,5,12,5346,f762f6aff1a2b3fc7412ad18601fd2e488a368cd,2026-07-27 12:42:52
kjv,1 Sam,6,21,9249,8e82d20133ebae3a0c63ceeaca1a324f8d35ff86,2026-07-27 12:42:54
kjv,1 Sam,7,17,6843,9bd81864c3ef4e57925ccef04e8848dd7d62aa70,2026-07-27 12:42:55
kjv,1 Sam,8,22,7158,c100af2395b96938045489ab4fe0121d396c9f0b,2026-07-27 12:42:57
kjv,1 Sam,9,27,12235,0f6aa74bad6edfac596b40ea311c87e9a1fbe20b,2026-07-27 12:42:59
kjv,1 Sam,10,27,10977,3e784cbe8a492aa0ba3b797d3f66c16a27a041fa,2026-07-27 12:43:01
kjv,1 Sam,11,15,6351,a671efbaf8b5b7d11e17cf12e2bf05092f37e94f,2026-07-27 12:43:03
kjv,1 Sam,12,25,9639,ea0b8a08b4963f6158492eed1fb2135a0b1a366a,2026-07-27 12:43:04
kjv,1 Sam,13,23,9486,13bc319b403dc88f18174ab6fbf8127b46f34351,2026-07-27 12:43:06
kjv,1 Sam,14,52,20916,9e39782a645b38ae27805392e8cb0fb9bdd14a2f,2026-07-27 12:43:08
kjv,1 Sam,15,35,12938,ac6ef909170cb492d33af72e98decaa206af2a72,2026-07-27 12:43:10
kjv,1 Sam,16,23,9230,b602f563c7201ce3080b41a9b689d92fd7351ece,2026-07-27 12:43:12
kjv,1 Sam,17,58,22452,3c22c8559b8178081836c71b18c9457c785526d2,2026-07-27 12:43:14
kjv,1 Sam,18,30,11150,8fb4d2c073c0e9b1f2d5bbcf862f27b8c5a6d86d,2026-07-27 12:43:15
kjv,1 Sam,19,24,9464,ccce547476b61cefc791308e93880c7087c2d798,2026-07-27 12:43:17
kjv,1 Sam,20,42,16825,02fe2a196ccf57ccabd7e89f2d0f9c6af2ff171d,2026-07-27 12:43:19
kjv,1 Sam,21,15,6437,09b9982649477810b61e6fda60c855a66690130d,2026-07-27 12:43:21
kjv,1 Sam,22,23,9613,827576b15dc8bbb23fd400ff920a3ccc2b218c8e,2026-07-27 12:43:23
kjv,1 Sam,23,29,11267,2e1e0048616233b8b2b4e479ff7c31a281420934,2026-07-27 12:43:25
kjv,1 Sam,24,22,8459,4c69f73513cf2cb49e5e5507b12f9478ad2eea4c,2026-07-27 12:43:26
kjv,1 Sam,25,44,18195,2674ce0f4f802e2275dfebdc01afc165e4a77549,2026-07-27 12:43:28
kjv,1 Sam,26,25,10823,265636bb8011577ffd83bdf331d29c50101e7f87,2026-07-27 12:43:30
kjv,1 Sam,27,12,5171,cf06f4ab5cd9ddd95f2c9187555a6667c8ce189d,2026-07-27 12:43:32
kjv,1 Sam,28,25,10460,038d9ef9efa7fc9faeacb260816680132b5b6362,2026-07-27 12:43:34
kjv,1 Sam,29,11,5119,c547591e95f12efb8e0af15f520d68805c7ad83c,2026-07-27 12:43:36
kjv,1 Sam,30,31,12048,218a7fffb8ebcea1c65d46bf2bb711781967688b,2026-07-27 12:43:37
kjv,1 Sam,31,13,5154,83455fd912917d944caaae21bd133835d6a79cac,2026-07-27 12:43:39
kjv,2 Sam,1,27,9284,8f248d49d13c8573b0e3ab1c16a84c6941e999a3,2026-07-27 12:43:41
kjv,2 Sam,2,32,12203,828c810f90bfc6f997eea287992ba17ae4a6dccc,2026-07-27 12:43:43
kjv,2 Sam,3,39,15027,97dad2a2cb32c8189c0c516333111f8fd8d08555,2026-07-27 12:43:45
kjv,2 Sam,4,12,5628,75b0fb7bf7bc6aca1d2dd1e7d567ed5b8a0e2d93,2026-07-27 12:43:47
kjv,2 Sam,5,25,8854,ce7eca0468f28ad19307f7940c447e6d23420be5,2026-07-27 12:43:49
kjv,2 Sam,6,23,9340,e8ff916f51e68aa592e65b75c072d7983a68d37a,2026-07-27 12:43:50
kjv,2 Sam,7,29,10588,b5946479cec4911ae00e1edf134c79c3a0fdd2c1,2026-07-27 12:43:52
kjv,2 Sam,8,18,6850,2396dbbdc061d54239389cba93095613cbf7ed7b,2026-07-27 12:43:54
kjv,2 Sam,9,13,5206,6c1ec89afc9e0464682401bbcd72cf5ad63e59a7,2026-07-27 12:43:56
kjv,2 Sam,10,19,8072,9aa3914a651cca5da31638bd3b302c5e5a1dc169,2026-07-27 12:43:58
kjv,2 Sam,11,27,10869,f366e9618ddef6d7ce873272244a439830a214ad,2026-07-27 12:43:59
kjv,2 Sam,12,31,12694,029bd7f7e93a5883a022542be7102113651ae4ec,2026-07-27 12:44:01
kjv,2 Sam,13,39,15377,bfaf095c1ce3c11205c31c477b90fdec2a324777,2026-07-27 12:44:03
kjv,2 Sam,14,33,13990,a82cfe96837e2a5ce1bbbd2ab822dafd3751197d,2026-07-27 12:44:05
kjv,2 Sam,15,37,14302,6bcf5a7060156fd357006337d8fed87f0a41134f,2026-07-27 12:44:07
kjv,2 Sam,16,23,9216,2ea51f973f8dfc3dc4bd8004895ad324f749921d,2026-07-27 12:44:09
kjv,2 Sam,17,29,12184,a4ffad9dcbfeaee238efa2a2b2fbac8317803542,2026-07-27 12:44:11
kjv,2 Sam,18,33,14526,a7017ed1adcfd426780fc9a9a020df2b5fa82589,2026-07-27 12:44:13
kjv,2 Sam,19,43,17835,ebd20d16c91fc6df348cfc53ba30e5cc03dd7505,2026-07-27 12:44:14
kjv,2 Sam,20,26,11203,b7ed3040b0bfafc4c71727b8fa5bd049a9d5055b,2026-07-27 12:44:16
kjv,2 Sam,21,22,10073,4646a6eea7ebaaee2f1a0f8ace9234c1ec18bb55,2026-07-27 12:44:18
kjv,2 Sam,22,51,13687,eac476e62916b37ec343e905a706fa2c50b8fb81,2026-07-27 12:44:20
kjv,2 Sam,23,39,12482,6ff049c6f63e1a684e6757c1d99966e9f403ca17,2026-07-27 12:44:22
kjv,2 Sam,24,25,10733,a34c7b94fdbf35f38bb30eac80c55fc37b45948e,2026-07-27 12:44:24
kjv,1 Kin,1,53,19758,27dc977ec8136c1c8579d0bae5e34eb5f79162ad,2026-07-27 12:44:25
kjv,1 Kin,2,46,18670,940191c3af5088780eab7c89cccb25bcbdc190e2,2026-07-27 12:44:27
kjv,1 Kin,3,28,10876,c962050998a90477e8d42d289acbd79172fbb7f6,2026-07-27 12:44:29
kjv,1 Kin,4,34,10154,7fc14caa8090ae94997559a47a33a1c822682227,2026-07-27 12:44:31
kjv,1 Kin,5,18,7169,721faa96299afaf8397c4ee9a94bb464b3292910,2026-07-27 12:44:33
kjv,1 Kin,6,38,14157,838f6c43e0354443a6a5dd5167e06989c386009f,2026-07-27 12:44:35
kjv,1 Kin,7,51,19604,b0431af45fdc6212a0be94eec6da764322bcdf6f,2026-07-27 12:44:37
kjv,1 Kin,8,66,26425,a49e80356b2708bde1f60940daf45ebbf81b8385,2026-07-27 12:44:38
kjv,1 Kin,9,28,10654,dbec8235099da8b1573aa9db7f9b063041697169,2026-07-27 12:44:40
kjv,1 Kin,10,29,11525,fc92a3475b4e584727a1e152ad870201f43be6de,2026-07-27 12:44:42
kjv,1 Kin,11,43,16069,69bc7993fdb89b329b079ff4ea85c288d224e75f,2026-07-27 12:44:44
kjv,1 Kin,12,33,13373,ef47da2c6862ec2102d300e654a094bc14f49817,2026-07-27 12:44:46
kjv,1 Kin,13,34,13772,3f1567c795abdde74bbfdeba975f53d848f02e16,2026-07-27 12:44:48
kjv,1 Kin,14,31,12468,fe608aad8ca7c3b23d20294cd930768501ffc8a9,2026-07-27 12:44:49
kjv,1 Kin,15,34,12165,ddbdd1bd8cae400a02201244c5c4dd0865a9d24a,2026-07-27 12:44:51
kjv,1 Kin,16,34,12870,0d9c2b5652f2f92e003842447c5e2d231572de4e,2026-07-27 12:44:53
kjv,1 Kin,17,24,8742,a036103689fb03978f99750a6805b433f953069b,2026-07-27 12:44:55
kjv,1 Kin,18,46,18270,299cd760d475186bf20e82fdb9271f24b436f45c,2026-07-27 12:44:57
kjv,1 Kin,19,21,9174,65655a193eb66dc4fed63266b4aea47823af6ce7,2026-07-27 12:44:59
kjv,1 Kin,20,43,18534,2ae1d338784ff364a7b7cbdf916ece6def02b659,2026-07-27 12:45:01
kjv,1 Kin,21,29,11566,552098f2323690d603d865b405f01e8adca46a66,2026-07-27 12:45:02
kjv,1 Kin,22,53,19649,56c897f6eed6ba6c7c6a241369c1161db7b693cc,2026-07-27 12:45:04
kjv,2 Kin,1,18,8216,81750d9f8a16431077442aec0162941cdfebffb4,2026-07-27 12:45:06
kjv,2 Kin,2,25,10372,77386a8321da6cc457d7d12ca73d7a31b846f276,2026-07-27 12:45:08
kjv,2 Kin,3,27,10755,7bbc2d9c40da434311c1270104c8c004bdc6ecf5,2026-07-27 12:45:10
kjv,2 Kin,4,44,16903,6f9d80b24c32fc03a9508b8f26a6c24761597999,2026-07-27 12:45:12
kjv,2 Kin,5,27,12500,e7fad3a14812c641fe80d757804d258ca1c5b023,2026-07-27 12:45:13
kjv,2 Kin,6,33,12751,e019c1ce48efe628ddd4bdc6cf97a033f06f8a4e,2026-07-27 12:45:15
kjv,2 Kin,7,20,9643,9e07c2c9d1fa1005898aee1e371d765ba19a576b,2026-07-27 12:45:17
kjv,2 Kin,8,29,12204,3285b03d3db90c313c6f79ca38aaf432ecc48ba4,2026-07-27 12:45:19
kjv,2 Kin,9,37,15591,4e56b2b297bf5d12f2fbaff0a58e370c0d4a1cb8,2026-07-27 12:45:21
kjv,2 Kin,10,36,15393,e35856ac0c1cc05af495bd0e02cc5de886501741,2026-07-27 12:45:23
kjv,2 Kin,11,21,9160,74d22d74dd6ea5544e924824ba7868cbdecdffe5,2026-07-27 12:45:25
kjv,2 Kin,12,21,9089,22223961c0b3505033e44098b4be53b4f76ca138,2026-07-27 12:45:26
kjv,2 Kin,13,25,10358,5c7a5de20bb83fa96cdb8f8a9b1ffa95d71eeda3,2026-07-27 12:45:28
kjv,2 Kin,14,29,11254,a189331e09a50496c454fbbf5472a146843bac33,2026-07-27 12:45:30
kjv,2 Kin,15,38,13845,082b0e2c9eb085802a4d26900ee30877c1883d2f,2026-07-27 12:45:32
kjv,2 Kin,16,20,8372,117f243506a309e9291e80264ed03a724b4ded21,2026-07-27 12:45:34
kjv,2 Kin,17,41,15766,fe6c001fe0b6b1ee73d0d85036dccdf8765b5460,2026-07-27 12:45:36
kjv,2 Kin,18,37,15624,9069c95b02ace471525a25d9acd9d1ec0c041459,2026-07-27 12:45:38
kjv,2 Kin,19,37,14831,2f6db4d8d4dfcba3b7f228f097df3968e22dc1ce,2026-07-27 12:45:39
kjv,2 Kin,20,21,8526,ac521fd4b375c65666bcc0da3421f22c7a4bcf15,2026-07-27 12:45:41
kjv,2 Kin,21,26,9626,49c0b3ad72052a789fb9d95cb62cd762004b4add,2026-07-27 12:45:43
kjv,2 Kin,22,20,8873,ee7ba174e9a2916499207a0bb5c2cc4676ebf611,2026-07-27 12:45:45
kjv,2 Kin,23,37,17631,7f4da9a20f73f382c8e182c7279c68bfbd7ae5ef,2026-07-27 12:45:47
kjv,2 Kin,24,20,7681,c480b184a7eaf169ab06d54b547531a0fefd589e,2026-07-27 12:45:49
kjv,2 Kin,25,30,12276,653025fd66e790493123e87a3a8a7aa0fc575361,2026-07-27 12:45:50
kjv,1 Chr,1,54,11803,2772647bddbd4ec67c55fc48d490f86cd8cc10f9,2026-07-27 12:45:52
kjv,1 Chr,2,55,13864,c7c2c9fb860183e68d684702cf43fc4b278c7fa0,2026-07-27 12:45:54
kjv,1 Chr,3,24,6145,19325d2f097fb2c7501f8fc967a5d3e485faebd3,2026-07-27 12:45:56
kjv,1 Chr,4,43,12919,747ee128389f64f770dcb14acbf4557879e3e051,2026-07-27 12:45:58
kjv,1 Chr,5,26,8951,c51cffcd832b646fbe48cde96ccbf88ad2aa3e58,2026-07-27 12:46:00
kjv,1 Chr,6,81,19601,039011be3786f7777e51901d643191af4776eda3,2026-07-27 12:46:02
kjv,1 Chr,7,40,11744,a84934e5022a703e4bad83b8c93db05de76628b8,2026-07-27 12:46:03
kjv,1 Chr,8,40,8731,b9e530ee65049aeb7ccb642d40f8ccd48edfc1d1,2026-07-27 12:46:05
kjv,1 Chr,9,44,13339,d5c99566b12ebb81d6bf034367dea91804892e4b,2026-07-27 12:46:07
kjv,1 Chr,10,14,5342,85a8919563044fdb4a8d01cfcc6cf74e054ff4de,2026-07-27 12:46:09
kjv,1 Chr,11,47,14293,e440d837ef5e212bed8d3e0730376c6e318c5f01,2026-07-27 12:46:11
kjv,1 Chr,12,40,13898,d1c12f314df715cf253469ba53ab4b22ad2ddca1,2026-07-27 12:46:13
kjv,1 Chr,13,14,5330,c9d3ec732408b75621da7e074814b3fc40c610aa,2026-07-27 12:46:14
kjv,1 Chr,14,17,5301,384822557dc3b3f3e3a38cb399cf56e313fc3586,2026-07-27 12:46:16
kjv,1 Chr,15,29,9719,b4f4d78d68f02317642179c3646874c8c1b5d4eb,2026-07-27 12:46:18
kjv,1 Chr,16,43,12099,a3df6360fc0e71b41827e09e4a80103a346f8610,2026-07-27 12:46:20
kjv,1 Chr,17,27,9632,fe4d89097d8304f34209171632221ed7b3c134cd,2026-07-27 12:46:22
kjv,1 Chr,18,17,6407,bc3d57966c50891787d18faeef0b3401b32608ed,2026-07-27 12:46:24
kjv,1 Chr,19,19,8282,0126a6e1ebfc3b947ce3f21d3019c2b4e911e139,2026-07-27 12:46:25
kjv,1 Chr,20,8,4011,90322ac7d84a6f4e9216983688105f7e6e4b4d74,2026-07-27 12:46:27
kjv,1 Chr,21,30,12105,bd9826f4eb0ada5d6641b583e50ffb6557a6de4a,2026-07-27 12:46:29
kjv,1 Chr,22,19,7571,47d1a1a599343284167b0bf494f551fd107fb39e,2026-07-27 12:46:31
kjv,1 Chr,23,32,9736,09311612ad0e76f929a0490c4e6a2c25efe5a646,2026-07-27 12:46:33
kjv,1 Chr,24,31,8074,bb0baf9cc3f84ad7e9389763bee53ce6f0b58311,2026-07-27 12:46:35
kjv,1 Chr,25,31,8768,b9e944f71f3848385b360718045dfd8f40708725,2026-07-27 12:46:36
kjv,1 Chr,26,32,10285,3a0fa264b99349e9aedcc6bc27f9cf87c3bc3a14,2026-07-27 12:46:38
kjv,1 Chr,27,34,11174,6233f9994df494c8f45bc2050de877e68224ded4,2026-07-27 12:46:40
kjv,1 Chr,28,21,9584,9396e2727ac2555efef2e695422c190554a80b13,2026-07-27 12:46:42
kjv,1 Chr,29,30,12239,1c48b693e70f152fe9139ccc21e424e06f6aca0e,2026-07-27 12:46:44
kjv,2 Chr,1,17,6750,97b377261ddac3c038bbb6f1e80de13cfdc7ba46,2026-07-27 12:46:46
kjv,2 Chr,2,18,8298,ee33170ed5905a4eccea7ddffa9f6632592ff91f,2026-07-27 12:46:47
kjv,2 Chr,3,17,6766,d4bdad2ebac554e207649e25a334bec92d6e9fb0,2026-07-27 12:46:49
kjv,2 Chr,4,22,8187,09051123ce7a859744d7335b57d3a0691cccbeb8,2026-07-27 12:46:51
kjv,2 Chr,5,14,6155,4fd97aee04b028c093d54844efe61c04d78d3df7,2026-07-27 12:46:53
kjv,2 Chr,6,42,17686,3f2ef7adba7b020d3843f9f293d7e071cb795a64,2026-07-27 12:46:55
kjv,2 Chr,7,22,9361,46e4d818dbcf4d9359c4f023560006dd5ff7b009,2026-07-27 12:46:57
kjv,2 Chr,8,18,6903,482d77e7e478139b7533dbd149c32e7b93a3b21b,2026-07-27 12:46:58
kjv,2 Chr,9,31,11755,e5f755dd3dbe8c57a896bf650945ce357d34fa80,2026-07-27 12:47:00
kjv,2 Chr,10,19,7343,0e45236ebef9a7ccdd941cd15b7e3f37335619f4,2026-07-27 12:47:02
kjv,2 Chr,11,23,7172,eb084f7bcc5ccab4722c8062ab01eaff25d3f3da,2026-07-27 12:47:04
kjv,2 Chr,12,16,6539,2200f5bfd1680958b8f8b7363b3c6a401318aaea,2026-07-27 12:47:06
kjv,2 Chr,13,22,8499,2902e89c3d183840bdb6a8ae390b97dcbda3e75f,2026-07-27 12:47:07
kjv,2 Chr,14,15,5846,58b849fd32b29b6eaf0693f365c1d5d10721b0b3,2026-07-27 12:47:09
kjv,2 Chr,15,19,6590,953072fb78221b196df87ed99feee39569657e19,2026-07-27 12:47:11
kjv,2 Chr,16,14,6094,836b5af06a818084217c2b1a3866dc2f39fb0bfc,2026-07-27 12:47:13
kjv,2 Chr,17,19,6364,09fb99393f2d5100abf399578d9b099d4afb4b90,2026-07-27 12:47:15
kjv,2 Chr,18,34,13749,3636bdf53fc6ec9cf9857425eda854387c38d0fc,2026-07-27 12:47:17
kjv,2 Chr,19,11,4631,09eae233690143d4c2cd557cd0858f49ae6065a0,2026-07-27 12:47:18
kjv,2 Chr,20,37,15021,5159c0d06cbfcb4cb16900e1d8ccfbdfc51fa8f2,2026-07-27 12:47:20
kjv,2 Chr,21,20,7882,b24703511224234fe1a89892377a2fdcab5c1d7c,2026-07-27 12:47:22
kjv,2 Chr,22,12,5735,39632bc2d8e50bc0e7fea72259929d5a6cc955a4,2026-07-27 12:47:24
kjv,2 Chr,23,21,9416,367316e7521db62cebb4629d034c7adddd802022,2026-07-27 12:47:26
kjv,2 Chr,24,27,11699,3a9ff43626a938cb0892bc8d924c8dfe8ec8bf1e,2026-07-27 12:47:28
kjv,2 Chr,25,28,12571,721ffbaa96bf2740bb381780899f9c921b99d360,2026-07-27 12:47:29
kjv,2 Chr,26,23,9621,ca8ef86f57c4129a8dd49e81101d2e7ea375f194,2026-07-27 12:47:31
kjv,2 Chr,27,9,3379,33a77eb837b04ff51683d6fa44aa836f88e9a9ab,2026-07-27 12:47:33
kjv,2 Chr,28,27,11155,c6a1e1893d7eff84a57b46a96188bda12d4b5226,2026-07-27 12:47:35
kjv,2 Chr,29,36,14858,a779aabface64dfb021cf8b1342f64248235288c,2026-07-27 12:47:37
kjv,2 Chr,30,27,11538,bf61bf1e3d4133f66e8d3618fb38135531d88665,2026-07-27 12:47:39
kjv,2 Chr,31,21,9502,54202c60163e6fad157dce03d8cd51888bbb1400,2026-07-27 12:47:40
kjv,2 Chr,32,33,13819,66de8308bb97fa74ac20d57f4e673c64403fd24f,2026-07-27 12:47:42
kjv,2 Chr,33,25,9896,30f4764268107d3d14ab3c875d408302b2b4f2c3,2026-07-27 12:47:44
kjv,2 Chr,34,33,15333,a294d1f5c97eff94a369f52322f6dedd4ac084c8,2026-07-27 12:47:46
kjv,2 Chr,35,27,11797,41fabb4830d9be19b4eca4c23844a758b2358170,2026-07-27 12:47:48
kjv,2 Chr,36,23,9661,26a973cdc0ccc58fba7aee4a434debb274496ef3,2026-07-27 12:47:50
kjv,Ezra,1,11,4738,f5be9b931fd92bd4ad89be3cfbe58e2b5583d290,2026-07-27 12:47:51
kjv,Ezra,2,70,16326,c8d6be10b99aee5068313dd71c7408db29b981f4,2026-07-27 12:47:53
kjv,Ezra,3,13,6810,83ebe96338e510e315ae8541bf1f7c120b0968c4,2026-07-27 12:47:55
kjv,Ezra,4,24,10892,689afe419be38a761d86f56bd6dc12d9a7ed8020,2026-07-27 12:47:57
kjv,Ezra,5,17,7914,fd1c5d484320897f546a06656990ddb42cda8b9b,2026-07-27 12:47:59
kjv,Ezra,6,22,10343,3d0d1fdac4c56f648b8a37fcf932c0e4cd15375a,2026-07-27 12:48:01
kjv,Ezra,7,28,11010,1fa8da934301190406f166b023ac91ca2c3f6421,2026-07-27 12:48:02
kjv,Ezra,8,36,12248,7e9662bf2c9238e2b121cf246f116873bd22ee15,2026-07-27 12:48:04
kjv,Ezra,9,15,7327,9bb788fa5a24b8df2d1686fce8db9d3a37d388bd,2026-07-27 12:48:06
kjv,Ezra,10,44,13173,b3717d81877ed592b6128d7f6f984bc87525a3f9,2026-07-27 12:48:08
kjv,Neh,1,11,4757,93da4abea15d90700aa8ff2c8383b5e03a935f81,2026-07-27 12:48:10
kjv,Neh,2,20,8346,a669714a268e8bb7e8c26d3472b8cc5cec59ce7a,2026-07-27 12:48:12
kjv,Neh,3,32,11754,60ef57a969f55d09f576eb89eba5cfd9b66d0f73,2026-07-27 12:48:13
kjv,Neh,4,23,8989,08c25a495afb5664d2a2f196406ffc41de02a2aa,2026-07-27 12:48:15
kjv,Neh,5,19,7661,e47e8c3a3085844ea9f18acf766964f75bf94220,2026-07-27 12:48:17
kjv,Neh,6,19,7485,6cd54534c5e4658e3b0f22e31dd51969e98b8594,2026-07-27 12:48:19
kjv,Neh,7,73,18052,f7baf1b93436d02147e8d0216fb475ece8726437,2026-07-27 12:48:21
kjv,Neh,8,18,8706,abdde0b2bb31898c087a5f8385f822f1ac184f07,2026-07-27 12:48:23
kjv,Neh,9,38,16814,41e589f6ba5fb4db8e6ada68527ea4dfcdfd4bfa,2026-07-27 12:48:25
kjv,Neh,10,39,9527,8581bb3a9279724aecb6134d2a2c95cd268dcfdb,2026-07-27 12:48:26
kjv,Neh,11,36,10759,b1a128cf6b8b1454b7d22e40f96f0ba80ec3e9fb,2026-07-27 12:48:28
kjv,Neh,12,47,13653,9b717934cae21a70d9714207760c78011a0d4271,2026-07-27 12:48:30
kjv,Neh,13,31,12490,de9792339b29d3ce260651c2d5c55f929de6940c,2026-07-27 12:48:32
kjv,Esth,1,22,9582,debaeadfcbe46e9813baefff87b0044d1fda29a4,2026-07-27 12:48:34
kjv,Esth,2,23,10408,95d50c4cd7a0cd0d6ae9e245181891b5d2e84b65,2026-07-27 12:48:36
kjv,Esth,3,15,7145,98242f0e8cfe06c7be9f9e433711c4e4b8555395,2026-07-27 12:48:37
kjv,Esth,4,17,6895,70ab8aa7ef5e9a91442babfe862c44aac47e4c35,2026-07-27 12:48:39
kjv,Esth,5,14,6058,706baaa44d3d8b48afd4a1850d358ca7bedd2eee,2026-07-27 12:48:41
kjv,Esth,6,14,6594,95037dd347f3290aae60bd5c07e5ba17829864ed,2026-07-27 12:48:43
kjv,Esth,7,10,4661,4f21bc4ffd97082794b328500b51e8f1ed2f773b,2026-07-27 12:48:45
kjv,Esth,8,17,8237,9968ff4f041dc8d33c8587c3a5a489d2eb884e5f,2026-07-27 12:48:46
kjv,Esth,9,32,12749,8a3eb27e5e6d6dcdf99e214a46a6ded494c88c89,2026-07-27 12:48:48
kjv,Esth,10,3,1354,90bec15ac7583312bcdc2f874ce9d44422628863,2026-07-27 12:48:50
kjv,Job,1,22,8660,f2dcf63dba136a815e905068d44ee157502d32f6,2026-07-27 12:48:52
kjv,Job,2,13,4977,da88cbfbba28f4e7850c3167689107a3f50546ba,2026-07-27 12:48:54
kjv,Job,3,26,6477,1a1046ec537677231ff9ffb7f9f5bac42eeda071,2026-07-27 12:48:56
kjv,Job,4,21,5390,9df45cad62b3b6fea05640602e4658dac363eb20,2026-07-27 12:48:57
kjv,Job,5,27,7040,3c80a1a4ba370d2272b3aa909ad56fa5efa85a62,2026-07-27 12:48:59
kjv,Job,6,30,7404,a3ec89ef94a2072dc19b18a3059f2f45eeb7b2d8,2026-07-27 12:49:01
kjv,Job,7,21,5509,7903038525e5b20063593c7ad0fc00330fe0f0cc,2026-07-27 12:49:03
kjv,Job,8,22,5352,244b4116c69591858b4924075ee29228aaa78a13,2026-07-27 12:49:05
kjv,Job,9,35,8303,af7c323db5c6bd16f04bb7529d004d570f701732,2026-07-27 12:49:07
kjv,Job,10,22,5754,edc3130f29f0fc37ec980dda6ba1e6343b1442a2,2026-07-27 12:49:08
kjv,Job,11,20,5288,b0ab7ce865881a23d6dc55339532089b7b24cc1d,2026-07-27 12:49:10
kjv,Job,12,25,6320,e5e79d5ef518bb91bcbd03dfabccdddb498c1a17,2026-07-27 12:49:12
kjv,Job,13,28,6206,f511e49fbd8f4d80f961146643a3e9061efa6463,2026-07-27 12:49:14
kjv,Job,14,22,5857,7749b8c8e71ea62dddcae75d79fd00cbbbd65461,2026-07-27 12:49:16
kjv,Job,15,35,8389,9cb98ef2a40cffa796477444e2f778bb2a33af0b,2026-07-27 12:49:17
kjv,Job,16,22,5588,9d71c75c8cdcf672277382782868904258f9ae8d,2026-07-27 12:49:19
kjv,Job,17,16,4008,c4bd9db21290dafc13b01c253fc01148d126e627,2026-07-27 12:49:21
kjv,Job,18,21,5082,eefe8a2503ebb8a1c9f3f17fb87a11f7d7f6c418,2026-07-27 12:49:23
kjv,Job,19,29,7337,f0ec46b452c22ea59311ccda1a5dc4b82e511a16,2026-07-27 12:49:25
kjv,Job,20,29,7623,41aa7e7ff5f9b461f60f935ea0a976d027d5540a,2026-07-27 12:49:26
kjv,Job,21,34,8205,8786064f158c7f1950753a37e57c47cf4d6e255c,2026-07-27 12:49:28
kjv,Job,22,30,7592,796a6ec1791e20b035850449a4d2823adc7e2ca1,2026-07-27 12:49:30
kjv,Job,23,17,4221,9d3f0238961e0911f21c9cc67ce924316c84a567,2026-07-27 12:49:32
kjv,Job,24,25,7065,58d3efb299b40b0737f49ec8ce91edc2ffecc2c4,2026-07-27 12:49:34
kjv,Job,25,6,1415,30800eaaf59cc245dec8ff24758563ef81da3156,2026-07-27 12:49:36
kjv,Job,26,14,3384,b9ca27ab39c6c64d2c0d70df0cee833128e0385f,2026-07-27 12:49:37
kjv,Job,27,23,5631,7c2818e2bf38db23a64f6dff64d2cd29c44bf8a2,2026-07-27 12:49:39
kjv,Job,28,28,6765,a97bd21e9af3b7d034ba7a35c8cbde18d209d9dd,2026-07-27 12:49:41
kjv,Job,29,25,6110,dfa972c509a29f45e22e08f409bb5ed3d3183c50,2026-07-27 12:49:43
kjv,Job,30,31,7759,30bc9aa92f30fdf222c9896d1807c300a31f6615,2026-07-27 12:49:45
kjv,Job,31,40,10017,c682d37b7fe780efbcdd50df1420d3b6277c5485,2026-07-27 12:49:46
kjv,Job,32,22,6013,2e4e6290482fdc765dd1c2915eed788d5cd25acd,2026-07-27 12:49:48
kjv,Job,33,33,8162,de2b276e992a81afd1689ecd9078db09f1c515e6,2026-07-27 12:49:50
kjv,Job,34,37,9316,e819a6f4d3e26aa2f0105fceb12b43b3c7a98175,2026-07-27 12:49:52
kjv,Job,35,16,3986,924b79f60c357b2cbdbc702158e59189e54f8908,2026-07-27 12:49:54
kjv,Job,36,33,7971,7707cb2661b9391c701f9ed40d9bdc56ddc31de7,2026-07-27 12:49:56
kjv,Job,37,24,6184,f4d484f6ab4a0ae5d0066dcde72d0fb5c461fdf9,2026-07-27 12:49:57
kjv,Job,38,41,10060,5c90bfedfda7c5d496766723a74ac3aab5d39c7c,2026-07-27 12:49:59
kjv,Job,39,30,7386,474654acbe4ab89742c3ff55b13d532e705bf135,2026-07-27 12:50:01
kjv,Job,40,24,5594,0a449fbc70dec140f50231e2ff3bba20c24c77c2,2026-07-27 12:50:03
kjv,Job,41,34,7854,314cee1bf6e5146804db207a15133c21569adb10,2026-07-27 12:50:05
kjv,Job,42,17,5904,2cb202bd4ccbbce4986733a870f88041e0e974e5,2026-07-27 12:50:07
kjv,Ps,1,6,1887,c7dd902dd7469236a2b9dc4f4dc0e4c01dd60c0c,2026-07-27 12:50:08
kjv,Ps,2,12,3239,719c8170017f2f97d4ecf114aef18ee3f4ad4e4e,2026-07-27 12:50:10
kjv,Ps,3,8,2206,0495d622c8f88ca4233d8bc17a383971a46144bd,2026-07-27 12:50:12
kjv,Ps,4,8,2547,0ff68ea89adffd38ef894bff46dd5bb36b87ab36,2026-07-27 12:50:14
kjv,Ps,5,12,4008,354cdc99ca25307b83c57a601ab5f67dabf9d9ae,2026-07-27 12:50:16
kjv,Ps,6,10,2660,c1c845933fe6575e0176795ef70b0c723e5e85c5,2026-07-27 12:50:18
kjv,Ps,7,17,4925,75b9169a91d9d91f3a847162842e4a287311973d,2026-07-27 12:50:19
kjv,Ps,8,9,2492,ce0e2bd7458f9fce7651afee18959dbbd1dfe3be,2026-07-27 12:50:21
kjv,Ps,9,20,5743,9f07c726a40e55bea7bcbd908721a3027f729308,2026-07-27 12:50:23
kjv,Ps,10,18,5722,b4a45cd1925c32872fa17c7a4ebe6d0e4d0f9019,2026-07-27 12:50:25
kjv,Ps,11,7,2234,70f20f2663b4d6910a875f6cde5406284e3f2b1c,2026-07-27 12:50:26
kjv,Ps,12,8,2726,52d50effca1a557c2822c4dca9c78b1d633582d1,2026-07-27 12:50:28
kjv,Ps,13,6,1761,86fef83f084e66c074243f1c317c240b9f555a97,2026-07-27 12:50:29
kjv,Ps,14,7,2405,7619b6c1042566acaf7a598e3e9267fbcafd4773,2026-07-27 12:50:31
kjv,Ps,15,5,1759,a8b512f5e7880bd5fabfe1147e80d6a6198bea45,2026-07-27 12:50:33
kjv,Ps,16,11,3101,d3f43e9a8d50e5b35ba0950e15676821f5fb795c,2026-07-27 12:50:34
kjv,Ps,17,15,4957,170c1dd2dcf91a4aac10209acade30a6bfba82e3,2026-07-27 12:50:36
kjv,Ps,18,50,13519,bf813ffde629509220106e93146bdeb0dc1167ab,2026-07-27 12:50:38
kjv,Ps,19,14,4355,a74de75b14bb1a848cc004a2175c4261bb3c36ee,2026-07-27 12:50:39
kjv,Ps,20,9,2622,de95b6818ab82e81e608111fce1617d40a1a01c3,2026-07-27 12:50:41
kjv,Ps,21,13,3731,438770e2925fecc216bbd0c0fcd762a43b55d18b,2026-07-27 12:50:42
kjv,Ps,22,31,8342,75c7f191e1a2a36a150c3a8506373974c17f5c27,2026-07-27 12:50:44
kjv,Ps,23,6,1923,33a99656a4c6617b5a900e7571856c8f6370521a,2026-07-27 12:50:46
kjv,Ps,24,10,2696,6f039fb5202c8e10301763abe3b8f77f08763739,2026-07-27 12:50:47
kjv,Ps,25,22,5153,eb4e255eb0dce9e8f726c4afc358f913e67ebc46,2026-07-27 12:50:49
kjv,Ps,26,12,3001,84a308b075ddafe14d23412b3440760bf0d873f0,2026-07-27 12:50:50
kjv,Ps,27,14,4686,15f1155ee3a9f022a119fdfd4f07bd804f675f14,2026-07-27 12:50:52
kjv,Ps,28,9,2964,08152c35a11f2835393468aad60623a6991fccf1,2026-07-27 12:50:54
kjv,Ps,29,11,3191,e53639fe9c8ab825485da89f9b4fea4b3a55a372,2026-07-27 12:50:55
kjv,Ps,30,12,3528,c24ca0bf585091a18412950a21b6f307389cfd01,2026-07-27 12:50:57
kjv,Ps,31,24,6875,e64485a81079dedef58f96c5c7b1c878c886cdc3,2026-07-27 12:50:58
kjv,Ps,32,11,3507,cb6def6556057c42ee72c36ce6a5faf1a4fcee72,2026-07-27 12:51:00
kjv,Ps,33,22,5170,849262e420106766748de87b9b8b7b5f92c13c5a,2026-07-27 12:51:02
kjv,Ps,34,22,5620,d1f8eddbd536c2db7794a569cd000d8f690d4248,2026-07-27 12:51:03
kjv,Ps,35,28,8185,e88c6519aa6d2f729d755d887f2fa54aca995fa0,2026-07-27 12:51:05
kjv,Ps,36,12,3553,0a8fa4a88d6da578cc942c2de4a5ad3f817d233d,2026-07-27 12:51:06
kjv,Ps,37,40,10340,5f998fe8552436ae58a05bfd3d16ec2be924e378,2026-07-27 12:51:08
kjv,Ps,38,22,5600,b13bce7586dcc587e757060d1a959eaa32250395,2026-07-27 12:51:10
kjv,Ps,39,13,4049,543efb03b8993a97d201314f54956b84c9ee59c3,2026-07-27 12:51:11
kjv,Ps,40,17,5706,215d09809975b6afa52225ef9d4855d2bb5b4682,2026-07-27 12:51:13
kjv,Ps,41,13,3875,d3ea46ef70cf541d26d2ee156f1fcdf5eec1d9f6,2026-07-27 12:51:14
kjv,Ps,42,11,3900,64a94825718df8637cb60ce0b0935a9fa328d984,2026-07-27 12:51:16
kjv,Ps,43,5,1852,9435fcc8bb2c1141dad9dbd91eef47ad171b7cf3,2026-07-27 12:51:17
kjv,Ps,44,26,6490,5e2cbc5aae7d5111c34f83ed8f13e6dbc3bd6408,2026-07-27 12:51:19
kjv,Ps,45,17,5064,b6c2606c797669fbbdbd75031df8c87a41ab0e36,2026-07-27 12:51:21
kjv,Ps,46,11,3330,7d9736e075537c4afef53c6ab3b235e375cd6835,2026-07-27 12:51:22
kjv,Ps,47,9,2513,37c3547c99ab5b01324f56811930465759bcfc05,2026-07-27 12:51:24
kjv,Ps,48,14,3592,4786e4c6bb6b6938114471bc52bc5b4b78cb82a0,2026-07-27 12:51:25
kjv,Ps,49,20,5509,8d16007625a237b274165cf71b790b0650131ed7,2026-07-27 12:51:27
kjv,Ps,50,23,5946,b7b3977e15bd261bd37667ce55f805a33003ea84,2026-07-27 12:51:29
kjv,Ps,51,19,5180,c439ecd1d2ef72a90e4c8fc78fe83e5726bfa27d,2026-07-27 12:51:30
kjv,Ps,52,9,3017,55c6876ad5c3c4017b918106144e9c2151d4e48a,2026-07-27 12:51:32
kjv,Ps,53,6,2468,12570452c6711fb3093951372f516bd6501e6645,2026-07-27 12:51:33
kjv,Ps,54,7,2187,65fd931a8748fa2bb9d537069863ea62d1881642,2026-07-27 12:51:35
kjv,Ps,55,23,6573,00293118c8584ad6bb1849779deea521d45fc546,2026-07-27 12:51:37
kjv,Ps,56,13,3551,e47a07dbd4e480d2b3c1292e8208d9e0f852a6b8,2026-07-27 12:51:38
kjv,Ps,57,11,3555,2689a321af57aa9e78daad1265783b4dbdceeba6,2026-07-27 12:51:40
kjv,Ps,58,11,3543,717dfed672898ee7857c72b5eee6577e80689d93,2026-07-27 12:51:41
kjv,Ps,59,17,5198,387ee236d705ceecccd4de6146bdf5a8f7d4fa7b,2026-07-27 12:51:43
kjv,Ps,60,12,3727,3f5d98a4d88bd1848d72dfb16591a9029fd4f31e,2026-07-27 12:51:45
kjv,Ps,61,8,2316,75d64fc23054fc214fec78f139171e31f8a279ad,2026-07-27 12:51:46
kjv,Ps,62,12,3533,b56968109e081de58f9b4f6c7c2bae4578bae01e,2026-07-27 12:51:48
kjv,Ps,63,11,3079,e2294643f5c13d1edd3bef22a3dfe4305175dffc,2026-07-27 12:51:49
kjv,Ps,64,10,3114,75c0c235a73537348b90aae7cdd1f9a8062ef39d,2026-07-27 12:51:51
kjv,Ps,65,13,4275,285eb8ce79cd78a6d97788a5e3913552ab95c43c,2026-07-27 12:51:53
kjv,Ps,66,20,5196,4e55f5bd4f12bc017b07c0dd8b6d26e644a1d96a,2026-07-27 12:51:54
kjv,Ps,67,7,1972,9c83c7e6c58fd181161cd020ac48c54b235f6b90,2026-07-27 12:51:56
kjv,Ps,68,35,10617,5aa2bb47b1a144221279440aefe0147727e0d1f2,2026-07-27 12:51:57
kjv,Ps,69,36,9645,d0b4a7e740c3ceb107ba4d33714461cc9901c9d7,2026-07-27 12:51:59
kjv,Ps,70,5,1719,e7eabc781a8b383fd7b6dba58b954e7ee78f1786,2026-07-27 12:52:01
kjv,Ps,71,24,6559,0ebaadee76126f2b89a1a54fcc7c45c28135dfd7,2026-07-27 12:52:02
kjv,Ps,72,20,5433,2d1e6bcb18bd4a1b4f752597db7da3ce35d4e902,2026-07-27 12:52:04
kjv,Ps,73,28,6747,9670e48197736d91817fba4f6533e2829fb9ddda,2026-07-27 12:52:05
kjv,Ps,74,23,6452,1391fc03ecef4596431a6f2c37984ba117297820,2026-07-27 12:52:07
kjv,Ps,75,10,2960,3f12c9dbd273af6f982ac8fa0e9a59f0f1ee49e0,2026-07-27 12:52:09
kjv,Ps,76,12,3101,96f5e7c336cd7d3be7da60112f60c2e5d836ad20,2026-07-27 12:52:10
kjv,Ps,77,20,5176,d6be78b49d258cb031f386b5b505cabbeaa013ca,2026-07-27 12:52:12
kjv,Ps,78,72,18255,add82cb12e6ba9ca64ff9bd346e08033706af23f,2026-07-27 12:52:13
kjv,Ps,79,13,4074,58ff6e03c4c6fad6c279b0875132998869cd7fb0,2026-07-27 12:52:15
kjv,Ps,80,19,4939,ac02d4a778a6f0506a30ee6d4a64c23f0bfaa7b7,2026-07-27 12:52:17
kjv,Ps,81,16,4425,e71a13e02061f8c2c0ff721b9fd696e6176ef6dd,2026-07-27 12:52:18
kjv,Ps,82,8,2086,51719bc56c620d2c7e86b571a5724599850371bc,2026-07-27 12:52:20
kjv,Ps,83,18,4252,984bde4e248f8e14c46e9ee3af5e2613f0de0c7b,2026-07-27 12:52:21
kjv,Ps,84,12,3652,98713c50ca3e44027a7382f75da70a0a86505712,2026-07-27 12:52:23
kjv,Ps,85,13,3394,95861ed6e60d42453d1758cbee54037fd3cc9c71,2026-07-27 12:52:24
kjv,Ps,86,17,4532,cc036dc487721beb34702c214d4c5b2300a8354e,2026-07-27 12:52:26
kjv,Ps,87,7,1893,4c4a86e201a4bba5a2df7a3432693e70881ea94a,2026-07-27 12:52:28
kjv,Ps,88,18,4734,01d8a6c7dd82d09bb35148ef6469216743b43c71,2026-07-27 12:52:29
kjv,Ps,89,52,12747,ae36cdb48783d264377d701203da5189141dcdef,2026-07-27 12:52:31
kjv,Ps,90,17,4861,4188f6ffea42ec50198a2952bc9a733f940ed788,2026-07-27 12:52:32
kjv,Ps,91,16,4007,d99470e8bcb9d4696c26dce3d850239c230c7234,2026-07-27 12:52:34
kjv,Ps,92,15,3915,456fe52d4f2291377480c45ca801933b2664778f,2026-07-27 12:52:36
kjv,Ps,93,5,1634,22d9e7231c5dc71f53d96b98e4bcea7e2875e3d6,2026-07-27 12:52:37
kjv,Ps,94,23,5485,4d272a227166874742462f976d25770e4db1b339,2026-07-27 12:52:39
kjv,Ps,95,11,3023,9638f96a0fa6a9c59b0592612d2f31a7921f59d6,2026-07-27 12:52:40
kjv,Ps,96,13,3540,aae79f900ceed59cfcb7f5d6038c0bd71c787d27,2026-07-27 12:52:42
kjv,Ps,97,12,3175,411fcacf18c3b6f3b529e9657d2ffa13c4998c87,2026-07-27 12:52:44
kjv,Ps,98,9,2592,ddfb1f34ff43e6487d2b7592b86be1651f965a1c,2026-07-27 12:52:45
kjv,Ps,99,9,2590,509250fe8d1e89646def32f440c6ae9d760a2800,2026-07-27 12:52:47
kjv,Ps,100,5,1617,5a1cef463b96efb86ea4519f6c143ef19139161e,2026-07-27 12:52:48
kjv,Ps,101,8,2595,fc79460ed1f595fd03a307ebaf1f5a04481ad8d8,2026-07-27 12:52:50
kjv,Ps,102,28,6850,0b973e30a0469cfbbcfb09ee8d56291b720ae33c,2026-07-27 12:52:52
kjv,Ps,103,22,5354,636f64955fd22b7aa0cf83297ce34406c31fe838,2026-07-27 12:52:53
kjv,Ps,104,35,9044,6b833dc331a6fd0db72d5b22227fccdd8a7fe7cc,2026-07-27 12:52:55
kjv,Ps,105,45,9970,221907243751efc1a90e02628434fba9e19e0545,2026-07-27 12:52:56
kjv,Ps,106,48,11621,677deb8fd209fbcb963422eb37df379e6a3f0f10,2026-07-27 12:52:58
kjv,Ps,107,43,10295,df691f72c6972cf4d2eb9c74b536e3d19270778a,2026-07-27 12:53:00
kjv,Ps,108,13,3232,f1fac2a69eb93887d34b312c8a85b08cf299ca20,2026-07-27 12:53:01
kjv,Ps,109,31,7634,c4d58c37055b2e387215688f968551f4f51e39b9,2026-07-27 12:53:03
kjv,Ps,110,7,2171,42e20542c371ee74199f204ae456c7fd788ee2a3,2026-07-27 12:53:04
kjv,Ps,111,10,2870,07869b0eed2cec3b38107fd579f9756dcef8f6c2,2026-07-27 12:53:06
kjv,Ps,112,10,2819,64aa4ebb0bd237c7a71aa5a64796e44e52ddd4df,2026-07-27 12:53:08
kjv,Ps,113,9,2305,1e4e543dad369bc4e9d911dbc8e473f67e8dcd4f,2026-07-27 12:53:09
kjv,Ps,114,8,1897,3a69806213ca4ebb1d1eb6ed6e22d4d7ff7ecd85,2026-07-27 12:53:11
kjv,Ps,115,18,4002,4412a3962eaee7a42df289056a7da04f614b7882,2026-07-27 12:53:12
kjv,Ps,116,19,4255,b28e5179621d8c1c2e6535839abf78f77b4c3888,2026-07-27 12:53:14
kjv,Ps,117,2,669,8b50faaec0d4db18396d2a02c32356473e5ab82e,2026-07-27 12:53:16
kjv,Ps,118,29,6706,364a8d9b98b587048eda329498b2697f0e75415c,2026-07-27 12:53:17
kjv,Ps,119,176,38134,8ac13b6097ef1e37aafd5376eba9df941d678148,2026-07-27 12:53:19
kjv,Ps,120,7,1859,306c4a3298d4c14ab64f1551cb246d38c333d575,2026-07-27 12:53:20
kjv,Ps,121,8,1984,104bf5034e750643fe3b9758365be32a985fea67,2026-07-27 12:53:22
kjv,Ps,122,9,2111,7c98ebead5a7b4727b0e8f3da50e493a1d726160,2026-07-27 12:53:24
kjv,Ps,123,4,1392,e9e6b95f1a20dcfae65a27031054ae95852a5ace,2026-07-27 12:53:25
kjv,Ps,124,8,1926,f1fa417ccc430b72a839da06701e378e37702776,2026-07-27 12:53:27
kjv,Ps,125,5,1690,f4407052a13c7839b403117cfbb0038e4d8b2204,2026-07-27 12:53:28
kjv,Ps,126,6,1880,04b9388572ced574f35ab2f6930ef869169c116d,2026-07-27 12:53:30
kjv,Ps,127,5,1903,df7589de99bb181727838dc821dbffdbf27f5d5f,2026-07-27 12:53:32
kjv,Ps,128,6,1619,18359cd066d0e30abef2abff13a6460f8c8da89c,2026-07-27 12:53:33
kjv,Ps,129,8,2034,561354a43d9f8fa1cdb5f0a855314b32f2af7a20,2026-07-27 12:53:35
kjv,Ps,130,8,1932,13badd1012bea76ea169d59ebbc7fc184dbf9656,2026-07-27 12:53:36
kjv,Ps,131,3,1163,1aa48b80468ddd2ec4aee0482a64f08583ce1481,2026-07-27 12:53:38
kjv,Ps,132,18,4303,7a3a17ae8c4a5bd6c260b134bf51c2cc45b5ba61,2026-07-27 12:53:40
kjv,Ps,133,3,1203,50411566526b429694abcc44b00dd636fa38ca4c,2026-07-27 12:53:41
kjv,Ps,134,3,950,19095b1f565e2f301527504d592a85d270d1e811,2026-07-27 12:53:43
kjv,Ps,135,21,5000,c1885095e46ccc946f890b53cf5eeddda7262b8c,2026-07-27 12:53:44
kjv,Ps,136,26,5479,56a72e9ced6cbad7ab89b735e12ad7f3a039fd8f,2026-07-27 12:53:46
kjv,Ps,137,9,2781,a7c6aad01fbde370d64b26b49fff327235fff108,2026-07-27 12:53:47
kjv,Ps,138,8,2430,624f2baf8bae6bb5f6e0fb1ad8fee71a7db83723,2026-07-27 12:53:49
kjv,Ps,139,24,6228,58b5ee8e2b5a0ae0ffc0ae1d7387db75cc74e34e,2026-07-27 12:53:51
kjv,Ps,140,13,3874,6aa5496a8cdade6b2aabe1287c6ba6494dde8cb5,2026-07-27 12:53:52
kjv,Ps,141,10,3182,d7612dc1f409b7c55343cdd6c19de383f7e0b074,2026-07-27 12:53:54
kjv,Ps,142,7,2453,9756894c89db9aedb4f258c605f9a8f5d02021d5,2026-07-27 12:53:55
kjv,Ps,143,12,3605,b512dd100e2b03d52dbe006e8b9b843de2974313,2026-07-27 12:53:57
kjv,Ps,144,15,4691,57460c0991660e81d036ce22eccd8c15290667e1,2026-07-27 12:53:59
kjv,Ps,145,21,5191,7ff76a5517a1673aa01ca3b01c4d033476546949,2026-07-27 12:54:00
kjv,Ps,146,10,2776,7bb2ee0223b3bcef67ece8f2a7981220c268776f,2026-07-27 12:54:02
kjv,Ps,147,20,4954,f2faddbe659033a7135ac4d003d88a07f77bf3d8,2026-07-27 12:54:03
kjv,Ps,148,14,3306,339bd37f61d2aba429da0064a3629d50ecc136e0,2026-07-27 12:54:05
kjv,Ps,149,9,2400,185e01d428860c0fd3f41e9acb31633efaa9f21a,2026-07-27 12:54:07
kjv,Ps,150,6,1614,684dfbfe422d2d786b3b928769318d53b42bde3c,2026-07-27 12:54:08
kjv,Prov,1,33,7988,6b6fa8c3e4296130ddfc088988876996cf284f81,2026-07-27 12:54:10
kjv,Prov,2,22,5043,3f10d78674786f147ea0a42c67dadf5247bb4e83,2026-07-27 12:54:11
kjv,Prov,3,35,8218,50c95bc3d6d4da1c20c6ef7ca3767d7377a1a12d,2026-07-27 12:54:13
kjv,Prov,4,27,6529,ed018d7d1c91d84efd5f52e10c1b0cf40fd8534b,2026-07-27 12:54:15
kjv,Prov,5,23,5405,95700271119da241a3d138f722c61a8fe2eca6c3,2026-07-27 12:54:16
kjv,Prov,6,35,8695,ed96fd0b5c1ace1216c7fc3cf9ca6a80817a8e11,2026-07-27 12:54:18
kjv,Prov,7,27,6420,ec9d13948f280454df50f96aa3022646df6b2315,2026-07-27 12:54:19
kjv,Prov,8,36,8528,9b51a5b247e8fc5aa039ad9ca98ad4f0bd3cc582,2026-07-27 12:54:21
kjv,Prov,9,18,4500,3e218a9fdbb923090ed5394c5acf34153f3f757e,2026-07-27 12:54:23
kjv,Prov,10,32,8323,05127159ed6253ac8d626ec7ae2ce53ecbf02b70,2026-07-27 12:54:24
kjv,Prov,11,31,8496,cee5327c47cf0cc5c8c2ac05afec5dc4c7a52d90,2026-07-27 12:54:26
kjv,Prov,12,28,7447,dded92eccf04ef3b420586be09613c6f517f63a7,2026-07-27 12:54:27
kjv,Prov,13,25,6768,eaf9817881d4baee8376b1a319fcb56d27d53fcd,2026-07-27 12:54:29
kjv,Prov,14,35,8800,1206c405bf4093c1300cd73bf22fab7ac6ebf254,2026-07-27 12:54:31
kjv,Prov,15,33,8736,e1328fa86c0b10eba22136f449716d05bc0e5f0b,2026-07-27 12:54:32
kjv,Prov,16,33,8531,ec207c3eae6a914b0c94b25cdd6da8ba11aa9441,2026-07-27 12:54:34
kjv,Prov,17,28,7786,7763b35c3969747aded7380acf43dd507af2d1f0,2026-07-27 12:54:35
kjv,Prov,18,24,6320,f190bd7a13f362e556a1fe9d6b3476acc9c5dd76,2026-07-27 12:54:37
kjv,Prov,19,29,7979,2c9a05effb1da328bc7adb6a64caaea696db887d,2026-07-27 12:54:39
kjv,Prov,20,30,7913,7fb973536bb5bd78a23d731a3e0a3bbe055b1b20,2026-07-27 12:54:40
kjv,Prov,21,31,8304,8597ee1e987e833afa8d7b0d4a20211e6d589068,2026-07-27 12:54:42
kjv,Prov,22,29,7843,ecc9467353bc5fcae8bc07729c655eb70751709f,2026-07-27 12:54:43
kjv,Prov,23,35,8702,70e06f8f33346613c90b77b077ab40fa63faa166,2026-07-27 12:54:45
kjv,Prov,24,34,9013,a484a20d9d1429c5f367807a3b79aea1b40f8593,2026-07-27 12:54:47
kjv,Prov,25,28,7847,3fec7b7b28fd3c39201d06ecb079e7587b193dfe,2026-07-27 12:54:48
kjv,Prov,26,28,7538,0c6be22612895624d84d530642e6be4041b93480,2026-07-27 12:54:50
kjv,Prov,27,27,7406,93dd1b3465d80991df959592473747280b717b46,2026-07-27 12:54:51
kjv,Prov,28,28,8252,5839eb73d4e2585917771923c00e75fc6682e545,2026-07-27 12:54:53
kjv,Prov,29,27,7242,896965bc774f3ae36bd161c2d9ffdffd13f03ac1,2026-07-27 12:54:55
kjv,Prov,30,33,9235,a10f052a7efa50a9f373582510712143b7016dfc,2026-07-27 12:54:56
kjv,Prov,31,31,7429,89cac91bbca738a8c39e75cf393dc00453b60838,2026-07-27 12:54:58
kjv,Eccl,1,18,5570,1c2cc6a80b9692527068ab906878c2d25f10f409,2026-07-27 12:54:59
kjv,Eccl,2,26,9420,f533df331f42493126b27faeae533899fa494700,2026-07-27 12:55:01
kjv,Eccl,3,22,6866,67bbd99e605d5d396c39152f1d81441fab5a6c5d,2026-07-27 12:55:03
kjv,Eccl,4,16,5170,c0ed02f09e3eb81a23f768e293693aecfb9fe2e0,2026-07-27 12:55:04
kjv,Eccl,5,20,7138,89aa6c0bbcf359629523134c063a84725a475564,2026-07-27 12:55:06
kjv,Eccl,6,12,4040,140bae43934efd0838d7aabf57226248e045b357,2026-07-27 12:55:07
kjv,Eccl,7,29,8735,350d3b8fe4534910e0c147561ad17e264beff925,2026-07-27 12:55:09
kjv,Eccl,8,17,6418,6231151904a5e4549e2ba84a539c934222596c10,2026-07-27 12:55:11
kjv,Eccl,9,18,6819,29b702fd1fd79cdbb82ccc42e694131dea610243,2026-07-27 12:55:12
kjv,Eccl,10,20,5977,eb69367afdf8cde35557f27d55d7dc39eda92b4f,2026-07-27 12:55:14
kjv,Eccl,11,10,3630,416991e87200fefe0147f63b068e784f9ec4196b,2026-07-27 12:55:15
kjv,Eccl,12,14,5296,57f0698b63a4947b746c44e86aab72e34bffaf83,2026-07-27 12:55:17
kjv,Song,1,17,4743,ace90b7ed05ece6121e6a3876db48d2d52c6218f,2026-07-27 12:55:19
kjv,Song,2,17,5085,df1a23cc0f845b56af0ab537be50287c1413817e,2026-07-27 12:55:20
kjv,Song,3,11,3763,d3e015cef23328cc64ba07ff2d1da47307ca28d8,2026-07-27 12:55:22
kjv,Song,4,16,5168,d7c56e366a15b8f72b198627ab5d5c150afe10d2,2026-07-27 12:55:23
kjv,Song,5,16,5812,56bc07d900dc9353b76067567a77f307ff29f50f,2026-07-27 12:55:25
kjv,Song,6,13,4065,93f629bb81aa9f27e148589ba7d161c53b6c0f22,2026-07-27 12:55:27
kjv,Song,7,13,4047,d009154bb994961058e9a6e4ab58ae1a4f6f50f8,2026-07-27 12:55:29
kjv,Song,8,14,4787,56b826896ebfdfc0d6b32f7611933c1c1639a4e9,2026-07-27 12:55:31
kjv,Is,1,31,10486,03e30429cd9d0ddcc397dbb188ebfbc8d23c0e8e,2026-07-27 12:55:33
kjv,Is,2,22,7221,a69d5fde1a334b68050fd1d312a6ea62fe0b107f,2026-07-27 12:55:34
kjv,Is,3,26,8238,50fa349e0c0314ac2c8ff342abc1e2edd2ff026c,2026-07-27 12:55:36
kjv,Is,4,6,2708,23e1284726d21255242ea2eeba4d1e7201cb41ac,2026-07-27 12:55:38
kjv,Is,5,30,11342,5611b90ffe64925f6211e2b4cd23f8577bbdc17c,2026-07-27 12:55:40
kjv,Is,6,13,5283,ab8f6196abd9b242ccb76415901794c6b0259015,2026-07-27 12:55:42
kjv,Is,7,25,8884,68991f23d6128824479280ae931f899a8af9bd3f,2026-07-27 12:55:44
kjv,Is,8,22,7521,5981b5152f296a96e39570442df0248262216881,2026-07-27 12:55:45
kjv,Is,9,21,7941,5c8e0ee967567014044eaa44f43aea92a4170cac,2026-07-27 12:55:47
kjv,Is,10,34,11891,0ac6b335f537948e5225e2409e24fcd54dbc2362,2026-07-27 12:55:49
kjv,Is,11,16,6369,2bfa343b8f9a7fbd5b39dfd5a1741304f33ea1a0,2026-07-27 12:55:51
kjv,Is,12,6,2022,b33df0f8c573590913c508f743383c7e1c0deaf8,2026-07-27 12:55:53
kjv,Is,13,22,7567,d540f08b8a7cb510e9f083060dac7355299e9af6,2026-07-27 12:55:55
kjv,Is,14,32,11134,41432d66babaf0a7c8f3d13b0f42714f71da13e2,2026-07-27 12:55:57
kjv,Is,15,9,3650,5e121353329e4d5a70b9789a2e2c347362c443b5,2026-07-27 12:55:58
kjv,Is,16,14,5675,32896ccee407da30acd6843fe8a6a9465cc373ca,2026-07-27 12:56:00
kjv,Is,17,14,5369,7597194cd875e80a98776a8d194ad9a456013c49,2026-07-27 12:56:02
kjv,Is,18,7,3486,ac8788c066788d7759d02cd00468868a191e9c99,2026-07-27 12:56:04
kjv,Is,19,25,9249,326bc9158ed7b692a99aa45f62bc6d705490f9fc,2026-07-27 12:56:06
kjv,Is,20,6,2554,a17ace0e119b5d646dc6e500afbe7f2e932ce350,2026-07-27 12:56:08
kjv,Is,21,17,6009,ecdc9c583bcfab03a796a4f51bc8895f5dbbf46c,2026-07-27 12:56:09
kjv,Is,22,25,8738,f4618fc3ab9aedd777c5e38f5708482924682f65,2026-07-27 12:56:11
kjv,Is,23,18,6488,a73d6236a676446b186273437564cd83f9cc83ae,2026-07-27 12:56:13
kjv,Is,24,23,8083,3c205d1bd7420966e8cc5430a9dc7f552f4bf1c7,2026-07-27 12:56:15
kjv,Is,25,12,4659,6a2d431e588fc323d6315454df933a4ecba8e775,2026-07-27 12:56:17
kjv,Is,26,21,7334,930e35dea0ef6d8dfa9487a6d1f87afc38ce735e,2026-07-27 12:56:19
kjv,Is,27,13,5114,dab55d6ff2b4a526066e3e766fcab030892fa818,2026-07-27 12:56:20
kjv,Is,28,29,10812,2d298a4513743ef6d71cbf76603dd41dab4bc431,2026-07-27 12:56:22
kjv,Is,29,24,9157,8d8626cfcca034135379177a76e7919fe6fb10cb,2026-07-27 12:56:24
kjv,Is,30,33,13265,9b887d4ff0fe3f7ddd983415f34b3645eee3d86d,2026-07-27 12:56:26
kjv,Is,31,9,4171,76eb74ca96431c13fbf5e827c4e8978b8ef36a89,2026-07-27 12:56:28
kjv,Is,32,20,6304,fc9c57321bcf9f246bf7087ceb9805868e2b192b,2026-07-27 12:56:29
kjv,Is,33,24,8587,e47bd978ff719f048a615fbde2a66108a4bc71a4,2026-07-27 12:56:31
kjv,Is,34,17,6441,330461a191f64d852baf02896c35382b0e980143,2026-07-27 12:56:33
kjv,Is,35,10,3768,4225f537b41349073954e359169aee59a03383e0,2026-07-27 12:56:35
kjv,Is,36,22,8666,96dceccad7ce8e0629d5b016ab06e731a0295c55,2026-07-27 12:56:37
kjv,Is,37,38,14705,879f8f584d63cc0fb1541d3fb84d0d80193f2e57,2026-07-27 12:56:39
kjv,Is,38,22,7538,e3e128687a51d3ae6f762f7d47f519f2bbe476cd,2026-07-27 12:56:40
kjv,Is,39,8,3402,9178bcfcc9fc578ea1c0e76e5735b8b3ce99a824,2026-07-27 12:56:42
kjv,Is,40,31,10959,78839af5494bc8cf572c8593ff3ca1ac5b1e2657,2026-07-27 12:56:44
kjv,Is,41,29,10769,f15e4b52d9432887f2cea60bcaa2376301cf07fe,2026-07-27 12:56:46
kjv,Is,42,25,8978,d3301025833ee50998b166f98fa55b2827feb2a9,2026-07-27 12:56:48
kjv,Is,43,28,9141,237b31d62b9dedf111d9621c29f26a92637281a9,2026-07-27 12:56:49
kjv,Is,44,28,11286,ebfcaae919abd2b710cd9830b098bba46adb718d,2026-07-27 12:56:51
kjv,Is,45,25,9610,5ce4cd84433c69ec202ff572eecd2f7a5135b0a6,2026-07-27 12:56:53
kjv,Is,46,13,4556,7827bae073726e116634e44ff9def4cc9347578a,2026-07-27 12:56:55
kjv,Is,47,15,6127,b8278c2f8b610478af971970cb464afe7d9b53fe,2026-07-27 12:56:57
kjv,Is,48,22,7652,562ce040d0e2922482822bfd3d124676dac9961e,2026-07-27 12:56:59
kjv,Is,49,26,10604,2ca72d03d46d4b2aad7df2a5e1d04a3755c1eba0,2026-07-27 12:57:00
kjv,Is,50,11,4492,26c4e7c4bcef376debf5de16eebcda52b0811f6a,2026-07-27 12:57:02
kjv,Is,51,23,9317,c1c20b8cc768c1732969dc53033b3581a5dd5c0a,2026-07-27 12:57:04
kjv,Is,52,15,5440,e7eec1c9e86a6bae82b788f9da197e2c90cccac3,2026-07-27 12:57:06
kjv,Is,53,12,5154,5eaca277c9ed63d3785d8ce3158855e025812015,2026-07-27 12:57:08
kjv,Is,54,17,6224,ebc0e3e66761ede6bbe2dca5ff3ed30650f5d836,2026-07-27 12:57:10
kjv,Is,55,13,5019,1ae9fc0c5ab13541d2a62a2efb7ce936bdacce6b,2026-07-27 12:57:11
kjv,Is,56,12,4966,10f49be90726e6aea705ea4b53211181ebea2875,2026-07-27 12:57:13
kjv,Is,57,21,7737,d1b3b79d1858cd67181a90ea97a96910adf9fcf1,2026-07-27 12:57:15
kjv,Is,58,14,6701,1dde991f7c2ea79951bcb6f0395317af0ad23919,2026-07-27 12:57:17
kjv,Is,59,21,8145,14ddeb0667831abede9a2b4d37c87a027c4ea021,2026-07-27 12:57:19
kjv,Is,60,22,8185,bbdcfe1a4a1c01eec400aed67e4247aef3f5427d,2026-07-27 12:57:21
kjv,Is,61,11,4761,39eb914f5924c7e6ad421369b37ab25578e29be3,2026-07-27 12:57:22
kjv,Is,62,12,4814,d768db186729363fe89adec57e6929145ad07e02,2026-07-27 12:57:24
kjv,Is,63,19,6895,a60ba692d36bae1604dcb3c0335a5912365363a9,2026-07-27 12:57:26
kjv,Is,64,12,4201,7314570d80db092c1e8f62a7a4e5a377fb7b5ec1,2026-07-27 12:57:28
kjv,Is,65,25,9509,a4957ac00ad59283f8299c00e1a1dcdbdf528115,2026-07-27 12:57:30
kjv,Is,66,24,10011,8aea70d80b8f527740c3e8317f058e1168b8eb00,2026-07-27 12:57:31
kjv,Jer,1,19,6621,788a1d33890a7f0698aa266ad03cce639ebc09b2,2026-07-27 12:57:33
kjv,Jer,2,37,13438,a1cfd625133dd7f55b12e8457371fbd3eb6ca45a,2026-07-27 12:57:35
kjv,Jer,3,25,10220,ed22d6307def256100ebac33d55a4da825cf6c3f,2026-07-27 12:57:37
kjv,Jer,4,31,11220,1fc9e7a970221a9994fb7c353a949af5b47c6bd9,2026-07-27 12:57:39
kjv,Jer,5,31,11213,88133d0c4d0bb5c3f978f917dce7d8b437a21fbf,2026-07-27 12:57:41
kjv,Jer,6,30,10919,e725f095673a9d9b3a413fab9de583e013eca26f,2026-07-27 12:57:42
kjv,Jer,7,34,12068,3f8d422469401c4575c0068f3dfdcbac01751dfe,2026-07-27 12:57:44
kjv,Jer,8,22,8859,a47519fc8d75db539893bcb51de2847614c4f970,2026-07-27 12:57:46
kjv,Jer,9,26,10262,f926c5266d9bc906e4be4b4a17a99568667fa8f0,2026-07-27 12:57:48
kjv,Jer,10,25,8708,8be1f507fb8dbf21190e8e6dde4fe2e0f3b785eb,2026-07-27 12:57:50
kjv,Jer,11,23,9359,ab5169e5fdaa391d1fdfc95a39c244e470f93af2,2026-07-27 12:57:51
kjv,Jer,12,17,7075,28447bda46dd2f1825de44c8dbc52107fc6c645c,2026-07-27 12:57:53
kjv,Jer,13,27,9611,ed5d5ac5d0dc739eb6b60ae60377a984f258bd92,2026-07-27 12:57:55
kjv,Jer,14,22,8582,17046b1ba4bc4eea599a43255ee2fefa4a858b64,2026-07-27 12:57:57
kjv,Jer,15,21,8586,ae07390b0a35d2b76f904644c401e7f3951cb471,2026-07-27 12:57:59
kjv,Jer,16,21,8256,c09e31e6d2e34f1e13186339df194530b0339acb,2026-07-27 12:58:00
kjv,Jer,17,27,10317,8a0cffd1e2f4a98c5db6ee8b581d5d2b681dff12,2026-07-27 12:58:02
kjv,Jer,18,23,8685,86720b5d51affa5311e343cfe91c6fca80047dd5,2026-07-27 12:58:04
kjv,Jer,19,15,6495,e197dad642ae2b69d8a23d560272203759267263,2026-07-27 12:58:06
kjv,Jer,20,18,7303,45c06945873c36bea521c3917ca56865392432f2,2026-07-27 12:58:08
kjv,Jer,21,14,5948,916ff674265a033a630bcc96519f2d9054c6fa11,2026-07-27 12:58:10
kjv,Jer,22,30,10968,de68736a91de95ec5e74b9ce95dfe2f3433cce97,2026-07-27 12:58:11
kjv,Jer,23,40,14830,86090e0d3557beeccf6a352c11de99380cb5e3cf,2026-07-27 12:58:13
kjv,Jer,24,10,4320,a2eff7b034824fc8ea449be7b2dbf2aeb7508a31,2026-07-27 12:58:15
kjv,Jer,25,38,13984,0f8b0faa09dc1b4dcfdd376cb450a365114dabc7,2026-07-27 12:58:17
kjv,Jer,26,24,9706,e036f513091754b8103947327d9e2cb095595b1b,2026-07-27 12:58:19
kjv,Jer,27,22,8960,57cbd05bb24a72eb071f47b18923731437ed32f0,2026-07-27 12:58:21
kjv,Jer,28,17,6786,5c6fd91fdfd8a7b694388c9bbdd0816a41e7d687,2026-07-27 12:58:22
kjv,Jer,29,32,12310,66c8ede1bed4413118982c2bbdb313887ac57c26,2026-07-27 12:58:24
kjv,Jer,30,24,8802,9c80537cdbd42564011c1c7d734abf32a7756244,2026-07-27 12:58:26
kjv,Jer,31,40,15814,fb4ec1858819ec431555dcc9e9261614bd0276bb,2026-07-27 12:58:28
kjv,Jer,32,44,17140,5ebc87c6b307d2795d1f4d9d6e45a72e8574c506,2026-07-27 12:58:30
kjv,Jer,33,26,9979,56aac08acf6741605adb54f32bb95474b6b0ce71,2026-07-27 12:58:32
kjv,Jer,34,22,9856,259a57d9c257d7c52ab11c1e2c93ae0536f12780,2026-07-27 12:58:33
kjv,Jer,35,19,8067,ebc2aea04ac3a5c31d385da08189c0987d68cff6,2026-07-27 12:58:35
kjv,Jer,36,32,13303,efbb6e24c99ee226fa473714c02041b126ced017,2026-07-27 12:58:37
kjv,Jer,37,21,8144,6984922ee8b56a77f8cc0cea611d6d5c06e8fea3,2026-07-27 12:58:39
kjv,Jer,38,28,11929,0d132851ed79088aba05f9233abcf6265a2d3204,2026-07-27 12:58:41
kjv,Jer,39,18,7370,5b29d18de02d1c3ae728395b0223e9c2170f2621,2026-07-27 12:58:43
kjv,Jer,40,16,8152,1ae665eac645a74004abb089ecca1c81e6b2faa6,2026-07-27 12:58:44
kjv,Jer,41,18,8087,9068b2825f966f763e85a8d54223e002241016e3,2026-07-27 12:58:46
kjv,Jer,42,22,8976,b66212f4b862c4c6b8f17fef9f1795a43b4aac99,2026-07-27 12:58:48
kjv,Jer,43,13,5492,454ad6507dce9286bda672c99de5966d428cea26,2026-07-27 12:58:50
kjv,Jer,44,30,14149,c576cb5ac62ab89e2bd0fbfc76c502c2e022d2fa,2026-07-27 12:58:52
kjv,Jer,45,5,1988,2a27323fedfc36aed92ab51a3e4ff0c6aee6050e,2026-07-27 12:58:53
kjv,Jer,46,28,10878,1f0d0ef045c04167791f98c7847e7ecccf6ed9b7,2026-07-27 12:58:55
kjv,Jer,47,7,2944,15cafd29976cabcadbcc6a456b2248d591d240d8,2026-07-27 12:58:57
kjv,Jer,48,47,15768,2780740e00bdc9803863585f4f77b18436587479,2026-07-27 12:58:59
kjv,Jer,49,39,15230,1aaa8976a79a6679ccd4b32944ffa0cdaf172a75,2026-07-27 12:59:01
kjv,Jer,50,46,18190,55de8c3cfea1165759506e3c862258ccbbfbdea9,2026-07-27 12:59:03
kjv,Jer,51,64,23727,696bc8f6bdcd8abe953740ef936bd727b48d5d8f,2026-07-27 12:59:05
kjv,Jer,52,34,13741,e483b3363de78fda1cc7790ad92c87cb8f494f22,2026-07-27 12:59:07
kjv,Lam,1,22,10008,0182cd3bc23f9efebebad4aa5d580985a09ec546,2026-07-27 12:59:08
kjv,Lam,2,22,10690,53e4f8fa46069de1ea312a1b8bb1a14536d8c6e7,2026-07-27 12:59:10
kjv,Lam,3,66,13570,6c4aeb36dd3e4621ab2851848440425d3cd7e577,2026-07-27 12:59:12
kjv,Lam,4,22,8011,8a1663aa6e554636ff83cf97cab01d9d923593a3,2026-07-27 12:59:14
kjv,Lam,5,22,4974,4de69d11d7c2f5227fb755efbadf5db1dfdc63ae,2026-07-27 12:59:16
kjv,Ezek,1,28,10477,25939b6b33a6645aa38538e450111f7422c7aa69,2026-07-27 12:59:17
kjv,Ezek,2,10,3632,0ef0111485cbb2d0f070f637dcbf97e7f07ef6a5,2026-07-27 12:59:19
kjv,Ezek,3,27,10195,0f0c059ffeade0b7040e23f295774c5335830dae,2026-07-27 12:59:21
kjv,Ezek,4,17,6570,db6e3c8c7abf83d8808a1ccd2576000874570288,2026-07-27 12:59:23
kjv,Ezek,5,17,7070,51a70228d514b9a272fa9b822bcf9c2395d27cd2,2026-07-27 12:59:25
kjv,Ezek,6,14,5647,545a4d719eacc824eed075e5f5451828c3ef136b,2026-07-27 12:59:27
kjv,Ezek,7,27,10006,36393883b997f88d6ac8e578489d1476caad4ba8,2026-07-27 12:59:28
kjv,Ezek,8,18,7569,8d155e2b47b7bccd32ca37d7108ab85d50cfd5db,2026-07-27 12:59:30
kjv,Ezek,9,11,5296,ed06f52d0109795a5144fcf898912c99155abadf,2026-07-27 12:59:32
kjv,Ezek,10,22,8301,188976d9000a9d94a4487cbd8835200438b39615,2026-07-27 12:59:34
kjv,Ezek,11,25,8634,5bc60c5aa70e81a2dc8863d1bbb59b9a2b78e780,2026-07-27 12:59:36
kjv,Ezek,12,28,9937,b620a48dd47ec20e138a9c8565fffc2f623d6a13,2026-07-27 12:59:37
kjv,Ezek,13,23,9402,bab8155c2ad01e2a3d00c9aee7d079c8216f6165,2026-07-27 12:59:39
kjv,Ezek,14,23,9011,764b4dd17cfc9ac2230b0c9c79391633903b4595,2026-07-27 12:59:41
kjv,Ezek,15,8,2731,bf2f1e706e3f7e6f19d317b6c87cfc1e833b13b2,2026-07-27 12:59:43
kjv,Ezek,16,63,22962,b797457abcb9b39803dfb446a354b5fc61dbc902,2026-07-27 12:59:45
kjv,Ezek,17,24,9645,285f2f18668af606f19b709cb102c6a55f5d44fa,2026-07-27 12:59:47
kjv,Ezek,18,32,12124,5be38394c27697822b15d7d74f9bb65c9c8ab107,2026-07-27 12:59:48
kjv,Ezek,19,14,4771,2bd45420b1fde4eb508682b8694ef0201236dabf,2026-07-27 12:59:50
kjv,Ezek,20,49,18701,fa25a3d29ab19340f58284513fbbc5c276b9f78e,2026-07-27 12:59:52
kjv,Ezek,21,32,12524,9d8a278ce1714d7d9782c86aaa8efe2716e2e39e,2026-07-27 12:59:54
kjv,Ezek,22,31,10986,e11e3c6dddbbf3814107a4dfdbd2e829d2c0e703,2026-07-27 12:59:56
kjv,Ezek,23,49,17387,63444645f6e0742c2ad5c7dabd89dbf3773da280,2026-07-27 12:59:58
kjv,Ezek,24,27,9420,263a531b77aa4ef923ebba29c3311d98ea81e2d0,2026-07-27 12:59:59
kjv,Ezek,25,17,6787,4472b15ff7fed5e0b3521f530a7e84ef14aeb116,2026-07-27 13:00:01
kjv,Ezek,26,21,8541,060e0abbc0cbcb4cfa94defb411a42cc806bf27c,2026-07-27 13:00:03
kjv,Ezek,27,36,12376,e3f90ed25d795bb9d35424cf5b5484902ffad62c,2026-07-27 13:00:05
kjv,Ezek,28,26,9808,dfd2c9ea98d3f6119c407860c47a2f2f62d2b00b,2026-07-27 13:00:07
kjv,Ezek,29,21,8548,d1826a593fb1bcf031835590ad4b3ec8bfa8f575,2026-07-27 13:00:09
kjv,Ezek,30,26,9453,5b521877576312ae124a23c1f30909f5569fe053,2026-07-27 13:00:10
kjv,Ezek,31,18,7851,fa890cbe8eaca6850373be3f23b474441d32d8ba,2026-07-27 13:00:12
kjv,Ezek,32,32,12737,91b1949313bcae092b04d8f122cf616443e02906,2026-07-27 13:00:14
kjv,Ezek,33,33,13283,89ec86b91bfe5f262ad8f86b33972cc17f4e3757,2026-07-27 13:00:16
kjv,Ezek,34,31,11598,1b2185c11335da095755c8e9fa14aaecc07e7d04,2026-07-27 13:00:18
kjv,Ezek,35,15,5346,b53b0b110a046792d44382e1d56b2d156b91eaff,2026-07-27 13:00:20
kjv,Ezek,36,38,14039,42a1d6710878bb8c7228cf93d482f94f1c6c83e7,2026-07-27 13:00:21
kjv,Ezek,37,28,10183,25c6c586b28e045a86502cda9d909a5b944dc0ea,2026-07-27 13:00:23
kjv,Ezek,38,23,9354,5bde4788a90c0761adf36c93f4e09550a97d5ca5,2026-07-27 13:00:25
kjv,Ezek,39,29,11555,deec753ec7058780e6b011d7091d7cd386ced3f2,2026-07-27 13:00:27
kjv,Ezek,40,49,18382,571f0fbb42c0831630223025f72d6241af6e0f06,2026-07-27 13:00:29
kjv,Ezek,41,26,9985,2d16264e94a673ec0f9c86faaa5e97e5ec3649be,2026-07-27 13:00:31
kjv,Ezek,42,20,7574,a65d9aca7db703fdf0b827374710164867dc675a,2026-07-27 13:00:32
kjv,Ezek,43,27,10954,4db5a56186d0cca72e6e3b68119e03da21aa3fe8,2026-07-27 13:00:34
kjv,Ezek,44,31,12312,06a23696a2f5e180aa5968ff43c5b58dbb8692b5,2026-07-27 13:00:36
kjv,Ezek,45,25,10236,e2f776f93be53b109fab08b6bee2a3f228586fb6,2026-07-27 13:00:38
kjv,Ezek,46,24,10116,e1af09602fd95a3e3e7e68b964e1e8f0678fa5da,2026-07-27 13:00:40
kjv,Ezek,47,23,9731,bb235a184034f2575376bdd09839716b93d63c18,2026-07-27 13:00:41
kjv,Ezek,48,35,12876,30997c2ef4f999bd046a5090359857129480b112,2026-07-27 13:00:43
kjv,Dan,1,21,7826,c9eb9ee8f2635ec71fa1d23fcda5ea531347b15f,2026-07-27 13:00:45
kjv,Dan,2,49,21292,7b967644acb5cf86699adcc991934040ee00ce37,2026-07-27 13:00:47
kjv,Dan,3,30,14818,d93aa6b9873034865f7006098dbe81749a29750d,2026-07-27 13:00:49
kjv,Dan,4,37,16223,9b2f661d0b00aff0b25f953baa27ed1ee253319a,2026-07-27 13:00:51
kjv,Dan,5,31,14134,27d32fd67624cd7a3918099f5d7406ec746487ad,2026-07-27 13:00:53
kjv,Dan,6,28,12732,62c379dd391ed06fc5df21c4189833c04f462f25,2026-07-27 13:00:54
kjv,Dan,7,28,12585,83fcaa769cd89b816d3cf69c80d36f4f4bd348e5,2026-07-27 13:00:56
kjv,Dan,8,27,10834,d723ed25d71a78e48d5e0c1e6dd08e76c44aa8f8,2026-07-27 13:00:58
kjv,Dan,9,27,12377,092c90dfe3980f5ac05850d43f8e4dc345a8f336,2026-07-27 13:01:00
kjv,Dan,10,21,8238,60146dccf74d11e52d4816c7884ab178340734b5,2026-07-27 13:01:02
kjv,Dan,11,45,19305,984c34954cf71149e61fc0e791a5c4c84ae8dcbf,2026-07-27 13:01:04
kjv,Dan,12,13,5225,212895d71f95ee1c2006a9454e60922ae00bbe35,2026-07-27 13:01:05
kjv,Hos,1,11,4548,9c962e632308060bf6774ec0fe85d323ee8311df,2026-07-27 13:01:07
kjv,Hos,2,23,8247,56d3ef9ca5ea1ecd3a834bc26ed6aa35f0fb8bb0,2026-07-27 13:01:09
kjv,Hos,3,5,2156,3d8efcdd2ebb9c3b26565c344519457bc372ab02,2026-07-27 13:01:11
kjv,Hos,4,19,6491,d5f04f61c8a9f0747aa0ac20da805c41675e2783,2026-07-27 13:01:13
kjv,Hos,5,15,5164,d8113a853eb321569b6c6e1793b318b3d725b9cc,2026-07-27 13:01:15
kjv,Hos,6,11,3577,9485542553c4bf1e3fc67ea04549bdd063577409,2026-07-27 13:01:16
kjv,Hos,7,16,5529,4d2a1da02fce2aab36666df96ba97061d385a625,2026-07-27 13:01:18
kjv,Hos,8,14,4613,35474d6ea9418277c3f51c21e7a664c00fbe3ca4,2026-07-27 13:01:20
kjv,Hos,9,17,6328,01547644892b400ac782b0455edd86030c3214e1,2026-07-27 13:01:22
kjv,Hos,10,15,6032,9a83b84f84239c0c4670fca9dc356e2243cc6463,2026-07-27 13:01:24
kjv,Hos,11,12,4054,81137beb9cce4038d3cd5bce79ce5196390d2d9a,2026-07-27 13:01:26
kjv,Hos,12,14,4595,32fcbfc9e899ddeb2b787c0b0a19197f8af56948,2026-07-27 13:01:27
kjv,Hos,13,16,5581,2f9fe9b0e386e7f632af718ee2adb5ee03dd7813,2026-07-27 13:01:29
kjv,Hos,14,9,3190,3fac4615febe95f67d8b3307a5d8e102183a546f,2026-07-27 13:01:31
kjv,Joel,1,20,6748,9c54bdb1d54b1cda57c057df31cf9608d0ae708a,2026-07-27 13:01:33
kjv,Joel,2,32,12051,7f1922a6a06a0a5df439211b6e6137901b0fb686,2026-07-27 13:01:35
kjv,Joel,3,21,7560,108d6d4400a215c5101e603f591b2dcfd81dd563,2026-07-27 13:01:37
kjv,Amos,1,15,6119,9bc97f4c9983a0c6a9b92c3b10c649c91fbfc927,2026-07-27 13:01:38
kjv,Amos,2,16,5845,abefd66c1d86da041a32aef6846392a4f91e559a,2026-07-27 13:01:40
kjv,Amos,3,15,5407,1be981faa66ecdbc753c1a3ea409183d13513dea,2026-07-27 13:01:42
kjv,Amos,4,13,5783,20a645bea70b9e808490fdadb29608e2eb6ab64a,2026-07-27 13:01:44
kjv,Amos,5,27,8706,b370521bea06bc201e405c4f288f7f1e22cb1114,2026-07-27 13:01:46
kjv,Amos,6,14,5377,4d52ab893d813da41d83f3965b114163c7467a52,2026-07-27 13:01:47
kjv,Amos,7,17,6262,9fc12b43cfcc3a3ec9258dc5dc543952a69ad8a2,2026-07-27 13:01:49
kjv,Amos,8,14,5242,e8556f3b6ea21c5e0f9f2fbf94638927e0077073,2026-07-27 13:01:51
kjv,Amos,9,15,6710,e670da09816ae14063d6136ab71dd49c63b7a6f3,2026-07-27 13:01:53
kjv,Jon,1,17,6769,c1cc05c4a1f326b9061ba5b652654e8648091eac,2026-07-27 13:01:55
kjv,Jon,2,10,3085,9caf5574743b4e067d9eac0f4717e9b3e864cb9e,2026-07-27 13:01:57
kjv,Jon,3,10,3654,c4e4f21deb0d99786eae25489792e91b1a096258,2026-07-27 13:01:58
kjv,Jon,4,11,4481,46b2a90e2822baefa75ed6b359b206d541e6269c,2026-07-27 13:02:00
kjv,Mic,1,16,6343,aece3e34a59da0985934206ba40dd3d27912bad5,2026-07-27 13:02:02
kjv,Mic,2,13,5414,fa6f38ed776f5f959a30adbfd4dd3b596d925f29,2026-07-27 13:02:04
kjv,Mic,3,12,4487,debcb01fc46a3901ae080fd8c8f6777523e2bd37,2026-07-27 13:02:06
kjv,Mic,4,13,5522,0cfb0ee40adb079ed8ec90afa510f190e98e3639,2026-07-27 13:02:07
kjv,Mic,5,15,5453,bd3da62b1b54bae794ddaa53f8fa6cc438639276,2026-07-27 13:02:09
kjv,Mic,6,16,6018,126698fc006d50e0cd7a8a6c8f5b21391fa01fa0,2026-07-27 13:02:11
kjv,Mic,7,20,7508,1871e48c27a222ab2d2da04dc1acbae0ddd0f842,2026-07-27 13:02:13
kjv,Nah,1,15,5562,e076760fe14cb20202800facf782aacd294fd286,2026-07-27 13:02:15
kjv,Nah,2,13,5369,80c9ff1d17b82c8dab90c4da796622222e3ffa8d,2026-07-27 13:02:17
kjv,Nah,3,19,7054,a5e88fc92c36c67d32761e06a7535f913fa9a6d9,2026-07-27 13:02:18
kjv,Hab,1,17,6264,6283bb442cf46aa50c026a3e83d50c245505e1c7,2026-07-27 13:02:20
kjv,Hab,2,20,7573,322c19fd56e6d3d6a9b28dcdb0ced773308c2f1a,2026-07-27 13:02:22
kjv,Hab,3,19,7187,12d0427974c9adf30b6e81eb9a1f8a9db57ddf73,2026-07-27 13:02:24
kjv,Zeph,1,18,6937,f5c4045bde1d062710600a5aa7fa78c7e4dd4400,2026-07-27 13:02:26
kjv,Zeph,2,15,6016,3a06e1c419b22b58277d395faccd36708d291fd8,2026-07-27 13:02:27
kjv,Zeph,3,20,7854,6956a83a7f1024b6d5bab893c64275d3841f8499,2026-07-27 13:02:29
kjv,Hag,1,15,5873,58b4253d5c4987f6b0319467272faa3563b496d2,2026-07-27 13:02:31
kjv,Hag,2,23,8367,f1b24854a66dbfc3c6291c5576255afca41dad9b,2026-07-27 13:02:33
kjv,Zech,1,21,7964,5e255ea0cfa9c8dc5730392b61fb58bf5dbc5db9,2026-07-27 13:02:35
kjv,Zech,2,13,4214,fe2aa744935b0f6cc73208f56119675c59c3c08d,2026-07-27 13:02:37
kjv,Zech,3,10,4037,c2fb3be52cbe7b2c5865bc7e89bd661df8a6524e,2026-07-27 13:02:38
kjv,Zech,4,14,5033,1f31dbb6d704394715fa63fd7417adaac32c6cea,2026-07-27 13:02:40
kjv,Zech,5,11,4207,a220bd459499d9bd9bff85036ebf560cc44239ea,2026-07-27 13:02:42
kjv,Zech,6,15,5439,551f1f2a79bb6f4769a768f4f477b17e9dfeb203,2026-07-27 13:02:44
kjv,Zech,7,14,5271,48ed611a60a865c75509b7dc46b4436ba909d789,2026-07-27 13:02:46
kjv,Zech,8,23,8905,9d9d913c66fc276cc10dead94dea103cbec3f700,2026-07-27 13:02:48
kjv,Zech,9,17,6461,64d9a91ba220c81e02a01cc0ba585d148fb2bb41,2026-07-27 13:02:49
kjv,Zech,10,12,5003,bf2dd3d7d27ae6c168ae78d6469bf81ea16e3572,2026-07-27 13:02:51
kjv,Zech,11,17,6838,e14434e5179a3c8c9638a367cb14d5c7f72bde21,2026-07-27 13:02:53
kjv,Zech,12,14,5786,8545fb86c9d5849d4928e01283eb46aa6e361c92,2026-07-27 13:02:55
kjv,Zech,13,9,4057,432972362df4b8aed2953892f721f0970b14503d,2026-07-27 13:02:57
kjv,Zech,14,21,9042,f5e81f86a55ff1ab4fdbade20c43d0077f7ae9ea,2026-07-27 13:02:59
kjv,Mal,1,14,6282,33291a4bef434bc7e764b59d0d0241d2aa544ee5,2026-07-27 13:03:00
kjv,Mal,2,17,7047,0996e8e59af921b3538d11b97432819c0c233af6,2026-07-27 13:03:02
kjv,Mal,3,18,7124,f015c5d46ce2c6c219f27796e3395523f76222e1,2026-07-27 13:03:04
kjv,Mal,4,6,2317,555d3117aa29e6c0c58aabdc69ba7467f1a35170,2026-07-27 13:03:06
kjv,Matt,1,25,8317,20f214104b2611c69576e980b4c3c4cbd19f9573,2026-07-27 13:03:08
kjv,Matt,2,23,9262,37f1a4cc793e678bbdf30bd2f6b5dcc1130fe2d1,2026-07-27 13:03:10
kjv,Matt,3,17,6242,b22ebd27c0f4f16b0e3e0c5ce99551b24badbfcc,2026-07-27 13:03:11
kjv,Matt,4,25,8775,c0eff6fb9612fd9786151f6d0209ab68e5988b4e,2026-07-27 13:03:13
kjv,Matt,5,48,16758,838f97849112a9a748573b1cc11fd457a0d69c37,2026-07-27 13:03:15
kjv,Matt,6,34,12659,2d761628a42a724c1c90caa7c747200d93fef6ff,2026-07-27 13:03:17
kjv,Matt,7,29,9861,8927c51f0636e3770f44032a6b00d5635d656d4a,2026-07-27 13:03:19
kjv,Matt,8,34,12047,981f3bf78a4f26b38567d22b7628439a8a1ba9bc,2026-07-27 13:03:20
kjv,Matt,9,38,13343,1f5ea4c82d9a2b380c07774e478e69e8bdc0b1dc,2026-07-27 13:03:22
kjv,Matt,10,42,14476,bef50c9e8367d4f2d46d26e826506e666786f9b6,2026-07-27 13:03:24
kjv,Matt,11,30,10368,cbc62c0e64114eedf9d4c14269149ea80964ec0b,2026-07-27 13:03:26
kjv,Matt,12,50,17916,85470fad747af34fb8d6de958aaca4ffc038f6ae,2026-07-27 13:03:28
kjv,Matt,13,58,21084,8032b1f54a27b688d0f78d4e1dd5dfa3b215399d,2026-07-27 13:03:30
kjv,Matt,14,36,11650,03fd5e6b5049c278a2e6ee3c60010bb8001db9ae,2026-07-27 13:03:32
kjv,Matt,15,39,12697,5e2d1bb281510a2f3d281bf7f3be6010cea4aa0c,2026-07-27 13:03:34
kjv,Matt,16,28,10380,a41cfddcec75deb2f05f204e43d73bafe4336701,2026-07-27 13:03:35
kjv,Matt,17,27,10180,8801977fde594f5ac918e52e6b4e04e845ec5b78,2026-07-27 13:03:37
kjv,Matt,18,35,13547,55d099441ac9579e99d8027d49b6f1dc42b5c462,2026-07-27 13:03:39
kjv,Matt,19,30,11331,0c289c8e5f54168602a5bbf042a43ed21232420d,2026-07-27 13:03:41
kjv,Matt,20,34,12050,62d59876cb590d8c717e036695c256ed2b56d19d,2026-07-27 13:03:43
kjv,Matt,21,46,17172,144abd1e093dde72825c890a0cd46b750548ceaf,2026-07-27 13:03:45
kjv,Matt,22,46,13807,26c7eb91204b63a78d9866108cc4ebd8f7b65645,2026-07-27 13:03:46
kjv,Matt,23,39,13409,680f8d73685d5acb7777e054217f2b79337c7f02,2026-07-27 13:03:48
kjv,Matt,24,51,16416,fd92126425a4c9b57dbe12c0b90397c5ae4c9a62,2026-07-27 13:03:50
kjv,Matt,25,46,15812,82f9266452ebf902bcb7575ee89b5334206a24f2,2026-07-27 13:03:52
kjv,Matt,26,75,25640,09ac2492589890f3a0864194b020500b4c60e216,2026-07-27 13:03:54
kjv,Matt,27,66,21366,fab7882c04207ebd8c392aa0e678c8aabbc46b2c,2026-07-27 13:03:56
kjv,Matt,28,20,6971,a72f1b6d5148c4311941fc85c24953ded580f213,2026-07-27 13:03:58
kjv,Mark,1,45,14745,12c38d5a94315d17d8ae3dbfe0c394b780ecd14e,2026-07-27 13:04:00
kjv,Mark,2,28,10822,47dbd67192f6e31a34cc30ccf5e102b27632a3d8,2026-07-27 13:04:01
kjv,Mark,3,35,11069,a3c05ee0a6609082e34fcdd16c2085f6754bd3ba,2026-07-27 13:04:03
kjv,Mark,4,41,14074,ba05b1400e27ac0649c5f6dec6caf4e902ba65b9,2026-07-27 13:04:05
kjv,Mark,5,43,14553,1ee61d26976b88165610c3d8b918d1acd34418ef,2026-07-27 13:04:07
kjv,Mark,6,56,20622,769c82f12b314ed16d77cf784cbc728c1b6674cc,2026-07-27 13:04:09
kjv,Mark,7,37,12684,e69ad321b4866349576e2079f8997ae1f283b59b,2026-07-27 13:04:11
kjv,Mark,8,38,13067,5da460dd357908f052e6794289db585fc2ca6d9d,2026-07-27 13:04:12
kjv,Mark,9,50,18327,cfde66d692246bcef27e8c7019ae38dd008afe2b,2026-07-27 13:04:14
kjv,Mark,10,52,18678,e2c3ed8d1334fc1eeb666746698a1b59b0016d56,2026-07-27 13:04:16
kjv,Mark,11,33,12226,a8aa7855b5fb68ca80b1c21e422a339c68590995,2026-07-27 13:04:18
kjv,Mark,12,44,16486,540535a3457585e9080df1f20db1baeb39e2739e,2026-07-27 13:04:20
kjv,Mark,13,37,12939,46e62b4029a22e993c1fce23985c9b0fdb4ad889,2026-07-27 13:04:22
kjv,Mark,14,72,24787,5a483553f4ef24d0e90a3b18c46ae81255d38e9e,2026-07-27 13:04:24
kjv,Mark,15,47,14816,d77d6df0c877eaaffb4fac3f14602ac8cf5c3669,2026-07-27 13:04:26
kjv,Mark,16,20,6877,63a3de80731ea774df28bf1ec493bc9ec47ad1b7,2026-07-27 13:04:27
kjv,Luke,1,80,24509,e707ef521f3b92661008bc5daf85c5c0e412d795,2026-07-27 13:04:29
kjv,Luke,2,52,17232,216c645981babaf84a98a40a60c813f3d67d2bca,2026-07-27 13:04:31
kjv,Luke,3,38,13167,cb5561a74373ccd8113cdb7d0c38d7e24bf2617d,2026-07-27 13:04:33
kjv,Luke,4,44,15697,5ccc4677c9221c6316dda2b89da39d67084d17c0,2026-07-27 13:04:35
kjv,Luke,5,39,14744,b0b2f06c85a14fb2dfecd3ab5276d9c94b837e18,2026-07-27 13:04:37
kjv,Luke,6,49,18400,d823ab042e3de8d9418b0b355ba8c2c375447063,2026-07-27 13:04:39
kjv,Luke,7,50,18607,d79ce297ed67b6ee536b2c959c0772c9f2ee88d3,2026-07-27 13:04:41
kjv,Luke,8,56,21825,9ca7cd330263135de4ca0a6d4f8ffb3c1bbd8013,2026-07-27 13:04:42
kjv,Luke,9,62,22928,f3f116a21af6a78e9d525741fbe2ee52018f6c40,2026-07-27 13:04:44
kjv,Luke,10,42,15796,b72e8a7ef95643cc89db39069fde66f6e3aba3f8,2026-07-27 13:04:46
kjv,Luke,11,54,20188,9d5c84ce7fe450d3b725a895a0c07c4535841109,2026-07-27 13:04:48
kjv,Luke,12,59,21395,ffaca63e8d2e4e802d319c2a7558c52cfcd1288b,2026-07-27 13:04:50
kjv,Luke,13,35,13534,6617bd58148d98580b755946078e5fd2466e6863,2026-07-27 13:04:52
kjv,Luke,14,35,12646,ec875afd04ce5f7d26375530d6fd27848e7951fa,2026-07-27 13:04:54
kjv,Luke,15,32,11527,867bce782d0b108e8a4d8b38d9b01a8829b0d333,2026-07-27 13:04:55
kjv,Luke,16,31,11817,80eaff7fbc0e656cd388408d67325bc5ba00e20e,2026-07-27 13:04:57
kjv,Luke,17,37,12669,968f3e9e346891fb16f3d5ef30920da61a6611d9,2026-07-27 13:04:59
kjv,Luke,18,43,14166,ff17d22b4420ceca7a84afbce536dfe302cf929f,2026-07-27 13:05:01
kjv,Luke,19,48,16620,3994b7398223c176bf871b16e246c1c6e602414c,2026-07-27 13:05:03
kjv,Luke,20,47,15180,f76f482cccaab1af5b42cd9af752bee50b209f2b,2026-07-27 13:05:05
kjv,Luke,21,38,12498,bba3d90c52fa68f3207e45b382df10dfba94978c,2026-07-27 13:05:07
kjv,Luke,22,71,22394,ba1a79922e7a614b74da204cf7c2af57b0093226,2026-07-27 13:05:08
kjv,Luke,23,56,18204,767e1f8e1cbf50a090e1d5c0b9d8093e529b23d4,2026-07-27 13:05:10
kjv,Luke,24,53,17083,53c85ca0b6856d553fe42b871d4994b8f19e375a,2026-07-27 13:05:12
kjv,John,1,51,16752,32f33e937dc862803bcbf110e2d8cada415d39ad,2026-07-27 13:05:14
kjv,John,2,25,8244,3e777b58bea147ec435a80d2787dc719f8076a25,2026-07-27 13:05:16
kjv,John,3,36,12632,45a2f7763f8d6fd1a0ba9d8a70d71cd9f72be097,2026-07-27 13:05:18
kjv,John,4,54,18224,68c40622fd9604bebf43adf42f9b8fd08e4914bc,2026-07-27 13:05:20
kjv,John,5,47,16035,b7088f5ac089ec88bdcd779a38cd3dad3253847c,2026-07-27 13:05:22
kjv,John,6,71,24027,6ae7b35bbf97a5ebf55f238ea145c8a417a7578e,2026-07-27 13:05:24
kjv,John,7,53,17107,01a75f476a2d194d54bdc315fb53f0dd49f2d2f9,2026-07-27 13:05:25
kjv,John,8,59,20955,2774de1ceb2e8cdf4c5474b1f2cec94f3a9b56b2,2026-07-27 13:05:27
kjv,John,9,41,14289,62edc9f26dee6cdd9f576cf29186bfca1369267d,2026-07-27 13:05:28
kjv,John,10,42,13550,b362d774be035d1a3785ddf440f5c9c6f9e0ba96,2026-07-27 13:05:30
kjv,John,11,57,18851,42294d298ee474e04b2384ef46acdec63b790778,2026-07-27 13:05:32
kjv,John,12,50,17175,e0a0b6fa7cd28d6f2dd83e5b49d0d3b24fec789b,2026-07-27 13:05:33
kjv,John,13,38,13315,29c18174a006413323bdfae44b693b1c809c5272,2026-07-27 13:05:35
kjv,John,14,31,11385,ff0329f967d4a3535f05dd6476f9db4a19016517,2026-07-27 13:05:36
kjv,John,15,27,9748,10ff10635632e8c70b99fd5d2cbf74ef8608c5d7,2026-07-27 13:05:38
kjv,John,16,33,12307,f2f5a3b566992e46fd1fdaf862a9b2b0c481245d,2026-07-27 13:05:40
kjv,John,17,26,9733,5d3bb2e23f3d715222281e81ac880102a51d8f92,2026-07-27 13:05:41
kjv,John,18,40,15067,2ae97a9826ff88f0d0475ad8d083211cb066d2ba,2026-07-27 13:05:43
kjv,John,19,42,15801,6ceb74428d2e686b17fd82b52e9fae798a2fe0e3,2026-07-27 13:05:44
kjv,John,20,31,11874,b6784718fea22a63bf2eb1a5e56f9ae5e93d2458,2026-07-27 13:05:46
kjv,John,21,25,10730,f595c613aeee139f7e6cd9130fcd79a8f2c87d4b,2026-07-27 13:05:48
kjv,Acts,1,26,10190,608a7c5a37a6c30db973d465e3dd108cec59e853,2026-07-27 13:05:49
kjv,Acts,2,47,16263,0932828820358f943e6738355bfb1ec48eeea9e9,2026-07-27 13:05:51
kjv,Acts,3,26,9669,34e38211db6dd95b0cbc09ceceef8cc1b13b464f,2026-07-27 13:05:52
kjv,Acts,4,37,13190,0fb1da9f66413f3b8507f0ec519de7aa62b1d301,2026-07-27 13:05:54
kjv,Acts,5,42,15650,c40f30637dd16d5938f237801a5d85bddf03a74a,2026-07-27 13:05:56
kjv,Acts,6,15,5551,ec6ad4ef1978781f9cce4a26fcefa6b4c6e70cac,2026-07-27 13:05:57
kjv,Acts,7,60,21692,b3dde14d3411eb3e6bfcdbff81b513ec3de1a3dd,2026-07-27 13:05:59
kjv,Acts,8,40,14005,1538a2cc374fd1ccbaa483624a2c5a6fcbb286fd,2026-07-27 13:06:00
kjv,Acts,9,43,16358,d8bf819cf7035b1817a1fc3bd339a3dd0fd3312a,2026-07-27 13:06:02
kjv,Acts,10,48,17185,48e98051d0ba8a9dbd52f752d265e385c4a7ae4f,2026-07-27 13:06:04
kjv,Acts,11,30,10555,c3bf28c82c0caded5054ea06ac719d244ce8f979,2026-07-27 13:06:05
kjv,Acts,12,25,10261,13a39bb35f91041b97b8537222dc6e6d83092a08,2026-07-27 13:06:07
kjv,Acts,13,52,19188,256ff5063f8a142c0b404fac83675070acef4534,2026-07-27 13:06:08
kjv,Acts,14,28,9809,cd02297c558e23a7cc34ff7431f8e5fd44d1a32d,2026-07-27 13:06:10
kjv,Acts,15,41,14456,1abf600285afd1e87a508929fe9186262794d12d,2026-07-27 13:06:12
kjv,Acts,16,40,14728,5657a5430e16b6fb70a3dccb3ea1d0c37b6ace00,2026-07-27 13:06:13
kjv,Acts,17,34,13362,d3dff98927c1fc1b8889f720f7850998105a9c3c,2026-07-27 13:06:15
kjv,Acts,18,28,10533,375934219e4b2eb751535547507ce988e0b7d923,2026-07-27 13:06:16
kjv,Acts,19,41,15333,1be11bbe3540ed3c7f6e7383db338e7333e66ba7,2026-07-27 13:06:18
kjv,Acts,20,38,13741,05ca97b15c0cb67c92a9a3f37df477b86d3b3c70,2026-07-27 13:06:20
kjv,Acts,21,40,15951,ac43bd3125c28e47ff2808dcabacc1f635e5c9d3,2026-07-27 13:06:21
kjv,Acts,22,30,11821,9c94f734415b8617ca22e38d137e835d6c674a5f,2026-07-27 13:06:23
kjv,Acts,23,35,13889,c7a8ee00beab0d113c681dd5d36d6a4812358197,2026-07-27 13:06:24
kjv,Acts,24,27,10170,414ecab0aa632ad93924ed74162ebf50c13057ab,2026-07-27 13:06:26
kjv,Acts,25,27,10955,766424a81d493594472ec93f1f5df29b39c7b369,2026-07-27 13:06:28
kjv,Acts,26,32,12026,6ec1b0c9d9bc762bdcf873788d0828230388e790,2026-07-27 13:06:29
kjv,Acts,27,44,15994,a829d7ed8451dd4236d867818b53409d67cfb56f,2026-07-27 13:06:31
kjv,Acts,28,31,12223,93b8dc5fba85835f11c73a01958a8e6bc80d2d53,2026-07-27 13:06:32
kjv,Rom,1,32,11255,86a835efbf47fb8967ca779a6c350eff2b9bbceb,2026-07-27 13:06:34
kjv,Rom,2,29,9388,799c5b78b95aebcfa9fb657a96a975432e703eff,2026-07-27 13:06:36
kjv,Rom,3,31,9131,d3d0b33a2bd00ff7b151120070fe6648c083ddc4,2026-07-27 13:06:37
kjv,Rom,4,25,8276,ee2ac9b2da8fd9c63a746f0d1c029ea9697e54c0,2026-07-27 13:06:39
kjv,Rom,5,21,7848,66d033bc57bfb574ef14c35afe64e557ab20b729,2026-07-27 13:06:41
kjv,Rom,6,23,7652,6a0238eecebff9eff6c6f9971012a0be4ab66248,2026-07-27 13:06:42
kjv,Rom,7,25,9010,8679b77efbf6bf87b7dccabcc5a738f6cd234702,2026-07-27 13:06:44
kjv,Rom,8,39,13575,88946f029826923cb6aa4a3fec03b04242eb9df3,2026-07-27 13:06:45
kjv,Rom,9,33,11218,d0e60e50a7a1c43b37df5d428a270a2388d231b4,2026-07-27 13:06:47
kjv,Rom,10,21,7210,ab3234b3f420dc3d212bbdd136270b0b79e3adfd,2026-07-27 13:06:48
kjv,Rom,11,36,12521,90c7e64b0fc0efe6a7a6169fa031caf241731a62,2026-07-27 13:06:50
kjv,Rom,12,21,6697,ac139e2ed23e23bc4a80c7d7333a66db13a8c8c0,2026-07-27 13:06:52
kjv,Rom,13,14,5473,78e9aaab78d966cb0baab9c505d758b7dd2cfad4,2026-07-27 13:06:53
kjv,Rom,14,23,8517,b59fd2fdbfd5a6bf0558de077246df87c7f966f0,2026-07-27 13:06:55
kjv,Rom,15,33,11373,5e7e22234d3294d6c0bad71d60e6fb6a396833a0,2026-07-27 13:06:56
kjv,Rom,16,27,8642,e188851677c2c9ffabd995fd8bd4faa0102d8263,2026-07-27 13:06:58
kjv,1 Cor,1,31,10032,dd0bddbc1d735a59f8d3b154cf0a58561b65874c,2026-07-27 13:07:00
kjv,1 Cor,2,16,5828,40936c66fde81716c1f1c0954ce1199068e8837e,2026-07-27 13:07:01
kjv,1 Cor,3,23,7586,678a7fa4d0b1e40cf20c7c883c96cea10a0cd477,2026-07-27 13:07:03
kjv,1 Cor,4,21,7857,61b1590ff5a906cff5668513f69e3ee1c6a65155,2026-07-27 13:07:04
kjv,1 Cor,5,13,4903,7309ad1f8a7a4ad0f4dc094fa9b2cd84aa08b825,2026-07-27 13:07:06
kjv,1 Cor,6,20,7199,e187690946d1d7494b5849e429d91789b39dcd71,2026-07-27 13:07:08
kjv,1 Cor,7,40,14735,658ff9dd106b0cf3522754169af58a5c51471253,2026-07-27 13:07:09
kjv,1 Cor,8,13,4939,f1256bd0ab47e40fc20eb2ee3ff40dff66d95621,2026-07-27 13:07:11
kjv,1 Cor,9,27,9728,22b5fa090144bee0c5f844149f8bb81c1cc619c1,2026-07-27 13:07:13
kjv,1 Cor,10,33,10829,818e9d550f982435a21c9adb94edbec0351d9043,2026-07-27 13:07:14
kjv,1 Cor,11,34,11644,a8e5f5c167f30317a71c3b843975a4ff81678623,2026-07-27 13:07:16
kjv,1 Cor,12,31,9970,4833357f284dffde634273fecc51b8f5540fd4a1,2026-07-27 13:07:17
kjv,1 Cor,13,13,4805,9d22b1bf61e23eb45e94ef805517a365dcf30929,2026-07-27 13:07:19
kjv,1 Cor,14,40,13987,cc5b1cc23bba47b64e6f729e1a0b92c2d26a59ab,2026-07-27 13:07:20
kjv,1 Cor,15,58,18270,4572ab23ae70bb0b914429d59a888661193d2ff4,2026-07-27 13:07:22
kjv,1 Cor,16,24,7581,7f924476fbdce8ab717f036bcc675e000f038a19,2026-07-27 13:07:24
kjv,2 Cor,1,24,9241,5e28949a248901f1bd9d99017d70d83fa60e8d19,2026-07-27 13:07:25
kjv,2 Cor,2,17,6148,428cfe27cd1090e935222dc63f9f08a92527103a,2026-07-27 13:07:27
kjv,2 Cor,3,18,6267,62c461868f11e2679aedda417d56e7ead30c2dcd,2026-07-27 13:07:28
kjv,2 Cor,4,18,6542,710ba9fd5314d0b28ff3949f4a0c5b179cecc263,2026-07-27 13:07:30
kjv,2 Cor,5,21,7646,635fbafdb1b4d573408e1eb718dad3ebdaab6e49,2026-07-27 13:07:32
kjv,2 Cor,6,18,6112,77c63793357bb90a67b0cb1912606ac1c871b7dd,2026-07-27 13:07:33
kjv,2 Cor,7,16,6821,60935f8b3cdeb3256a01b37d40ee3cefbb197e8a,2026-07-27 13:07:35
kjv,2 Cor,8,24,8620,bfce4d13173987117d91d17fcb9e9e18064472c6,2026-07-27 13:07:36
kjv,2 Cor,9,15,5823,86266a804ebf2fd8b618b918260bae35ece90713,2026-07-27 13:07:38
kjv,2 Cor,10,18,7154,61354df9071ca88b91a662aa2e6d707aa3a40b2d,2026-07-27 13:07:40
kjv,2 Cor,11,33,11292,70a951f9b8943e590073d2ce3a666433347ed5c2,2026-07-27 13:07:41
kjv,2 Cor,12,21,8821,364ad33678553e5000f7e753d66394a957b53e43,2026-07-27 13:07:43
kjv,2 Cor,13,14,5358,064ed2c1ec3d0207a673994e57f6fb8cb0ebe5b2,2026-07-27 13:07:44
kjv,Gal,1,24,7354,9e54e69438bf0e98e1c3f8f98954679f5bc1c402,2026-07-27 13:07:46
kjv,Gal,2,21,8295,51a73d2ca54bfa2ea30f863e1a77d2054dae6da1,2026-07-27 13:07:48
kjv,Gal,3,29,9729,b487f1aa485322d2a6a352a113a246a5ef91c896,2026-07-27 13:07:49
kjv,Gal,4,31,9752,97c11ce634351dc3cc351560703be717aa89c921,2026-07-27 13:07:51
kjv,Gal,5,26,7516,4d0eb69e587e8753e3668741834ab8d7bad124e6,2026-07-27 13:07:52
kjv,Gal,6,18,5813,6c3c42c25168035729ebf0234b352f195d26c654,2026-07-27 13:07:54
kjv,Eph,1,23,7659,230e8a13232160e753edfc87599c07a3408cb32b,2026-07-27 13:07:56
kjv,Eph,2,22,7116,07f363d1715a6d3ecad701238440770eee5c5004,2026-07-27 13:07:57
kjv,Eph,3,21,6314,72c91afafea16ac84a079bb7efd54f0b310ad92f,2026-07-27 13:07:59
kjv,Eph,4,32,9926,bed22dce4c318341fdee7754e43cae6f9fa31c8c,2026-07-27 13:08:00
kjv,Eph,5,33,9501,ceb5341ca77b5ab17d1ce0a7e21c5a6033fb8823,2026-07-27 13:08:02
kjv,Eph,6,24,8010,b266d85c13417ab07536bc36d6b9a86112f1fed1,2026-07-27 13:08:04
kjv,Phil,1,30,10071,64892fddd0cf9870069bb19e7c74ca9549eb0b4d,2026-07-27 13:08:05
kjv,Phil,2,30,9476,1fbdfb0e2bc86f52912188abd1e2e4fc0026fe3d,2026-07-27 13:08:07
kjv,Phil,3,21,7341,b52bb61d62a30434212166de2eaa5d6b2de29330,2026-07-27 13:08:08
kjv,Phil,4,23,7817,e0fc6b71d9e35b556997a7eae17aea20e22a3aff,2026-07-27 13:08:10
kjv,Col,1,29,10202,c03caea7e7d63c18489e34c71d413201bca32daf,2026-07-27 13:08:12
kjv,Col,2,23,8182,8401b9247ee5381cbb8d81b99c5d9498ea6132a2,2026-07-27 13:08:13
kjv,Col,3,25,7614,f83f8ea838dde076e71b38a853736901c365d0f1,2026-07-27 13:08:15
kjv,Col,4,18,6116,460da24787a97df74c63290fd1a4cb8b6e0d61b6,2026-07-27 13:08:16
kjv,1 Thess,1,10,4074,6dd584499096d9cedb4a58997681114fc5b8b8d8,2026-07-27 13:08:18
kjv,1 Thess,2,20,7651,495f663f15e1b59a4e249e5a094f77648ecfa618,2026-07-27 13:08:20
kjv,1 Thess,3,13,5057,7f2844b673bc9ee0ad4fe12d4a1d50bf78f66e7e,2026-07-27 13:08:21
kjv,1 Thess,4,18,6649,67c4f79dc71926382f9cf9239c0b97117e7d0a38,2026-07-27 13:08:23
kjv,1 Thess,5,28,7657,8e09e0d5c051a79273fa7099980108ea82c15f00,2026-07-27 13:08:24
kjv,2 Thess,1,12,4617,4b04571bba7d0d079a612996725480f2839f47b6,2026-07-27 13:08:26
kjv,2 Thess,2,17,6220,5a0c0c4c2653ef9210e0f8355448ca329a831246,2026-07-27 13:08:28
kjv,2 Thess,3,18,6179,a056e7b562c1f98645721c01543485c8910d1efb,2026-07-27 13:08:29
kjv,1 Tim,1,20,6913,b4a2a552ff56c214fa1625739078bfe30b17a579,2026-07-27 13:08:31
kjv,1 Tim,2,15,4530,c89752038c299bb8b5161dea775563cea0867b3f,2026-07-27 13:08:32
kjv,1 Tim,3,16,5242,245af5acea2a1d25a890986d0a9174827711f74e,2026-07-27 13:08:34
kjv,1 Tim,4,16,5214,524e525b40e0241ad021a37f841a97c8f956b787,2026-07-27 13:08:36
kjv,1 Tim,5,25,8005,df72a8520e95ed3e4bd65aae66444d39d0009d02,2026-07-27 13:08:37
kjv,1 Tim,6,21,8176,a670e77fe5e7c9dda4fb6c2b9b732e3ae3e819e0,2026-07-27 13:08:39
kjv,2 Tim,1,18,6745,b49f29d7bb853b3f5af4e346cc35c14aaebf9a29,2026-07-27 13:08:40
kjv,2 Tim,2,26,8513,4c149beed6f89e62700c61d46598363c366c6289,2026-07-27 13:08:42
kjv,2 Tim,3,17,5452,020af994a387326ae631b3b57f7759e619a38916,2026-07-27 13:08:44
kjv,2 Tim,4,22,7487,763d04045c3d8afe11d05e5c27dc8c1ea9e76af1,2026-07-27 13:08:45
kjv,Titus,1,16,5569,bedc8f59d5b239bd0903bb1fd84285379f2e93b6,2026-07-27 13:08:47
kjv,Titus,2,15,4845,cb366ef2fd2832f7409970c7c5b31f9f57f642d9,2026-07-27 13:08:48
kjv,Titus,3,15,5334,226635d85732b0a117ad06479a17c692a1b7d787,2026-07-27 13:08:50
kjv,Philem,1,25,7351,846a0f935ab4a1a841b33e1406c223e81f805bc7,2026-07-27 13:08:52
kjv,Heb,1,14,5166,a440a3c55ec0c2481de29df7cec4701f109c0315,2026-07-27 13:08:53
kjv,Heb,2,18,7113,27fa463396828268c8da29a8e354b610d2822014,2026-07-27 13:08:55
kjv,Heb,3,19,5855,de6f6ea95ce10b7bca460a9f0f3b3cda2437396a,2026-07-27 13:08:56
kjv,Heb,4,16,6189,7cc09a029f989ce2950d7e9fce168ef8c8052cff,2026-07-27 13:08:58
kjv,Heb,5,14,5012,9c72190f11371e032186404f40d269f53b66c10e,2026-07-27 13:09:00
kjv,Heb,6,20,6639,e0a441cc0ce75c590fe0e9f395066cc4d1b1ff5f,2026-07-27 13:09:01
kjv,Heb,7,28,9605,6ef8c2d60034c7fe2ea9a3da2d416cbfbcb46dec,2026-07-27 13:09:03
kjv,Heb,8,13,5691,fb3897fea3f4e1b41ba94dbe62cf974a605b5853,2026-07-27 13:09:04
kjv,Heb,9,28,10225,a909eaa0b4168626833c61f90ec561826e761fec,2026-07-27 13:09:06
kjv,Heb,10,39,12394,eeb275ef77d77526f985cbb2db0c81600fbeb87e,2026-07-27 13:09:08
kjv,Heb,11,40,14333,c93ce1e4f4af30756f6507ef8d2127a2ef40cb0a,2026-07-27 13:09:09
kjv,Heb,12,29,10796,3006e02f11b104cd2250e1c569c13ecd9d75e9ff,2026-07-27 13:09:11
kjv,Heb,13,25,8217,354f2cb0836a4d158b1f8b96681242ad96fc6e50,2026-07-27 13:09:12
kjv,James,1,27,8689,f2ab55a7f87b25cf0d2267ffc2079efb14be26c2,2026-07-27 13:09:14
kjv,James,2,26,8960,4ca552d557efeeae101fd0ce4ad4dc708545267f,2026-07-27 13:09:16
kjv,James,3,18,6302,f237e2fa8dc878fddc4d80712ccc4cb5b20002c3,2026-07-27 13:09:17
kjv,James,4,17,6273,0825aa1892abe24d0300f2c59ce443e14d9e21a0,2026-07-27 13:09:19
kjv,James,5,20,7507,9ba26db16f3e68f1f10ae0a370677399061f1ae3,2026-07-27 13:09:20
kjv,1 Pet,1,25,9138,14e1408a38120def1a6f434aff4a41aa8915bb83,2026-07-27 13:09:22
kjv,1 Pet,2,25,9000,9a4d8075596148123d9e6da1139686bad7d0cf03,2026-07-27 13:09:24
kjv,1 Pet,3,22,8233,d622c7ac636d9c844975b691344b0c5be6e3df3e,2026-07-27 13:09:25
kjv,1 Pet,4,19,6882,9b4e1c2236ac3572eaf5e5a484266b305b449768,2026-07-27 13:09:27
kjv,1 Pet,5,14,4810,7f8b223c23a05e01c3842378d5a008d25e022ee5,2026-07-27 13:09:28
kjv,2 Pet,1,21,7791,444863efa9d63eb279702ef98884aa9aa973ad93,2026-07-27 13:09:30
kjv,2 Pet,2,22,8887,e8d8dc9b0a5ed839992c212f77732cc4c851191b,2026-07-27 13:09:32
kjv,2 Pet,3,18,7283,a0c3332f54115c723949085583f93db2b2de92d5,2026-07-27 13:09:33
kjv,1 John,1,10,4004,c9bbdaad3528e247f5bbc39141a1879fca57dc53,2026-07-27 13:09:35
kjv,1 John,2,29,11295,32c687c8cfd4a6b31ca0450a67cbef333b5bb360,2026-07-27 13:09:36
kjv,1 John,3,24,8908,34fe70eb77dc17cdb6f4473b4d5c0efa6484a2b7,2026-07-27 13:09:38
kjv,1 John,4,21,7891,e64e7718bf0d70f219a567f40d4a8c1b2d6e566b,2026-07-27 13:09:40
kjv,1 John,5,21,8133,620c5c8ecfebf12df29a1865e20721ee040aa1cd,2026-07-27 13:09:41
kjv,2 John,1,13,5065,ef123c899a8f4d3c1db2dd98579a7b7d7985e683,2026-07-27 13:09:43
kjv,Jude,1,25,9410,54ec31fb9ae6d8c16ad0f953004cf89760fde0f2,2026-07-27 13:09:44
kjv,Rev,1,20,8675,70fa5fbee822abcfaa15a6107eeef94e957375e1,2026-07-27 13:09:46
kjv,Rev,2,29,11736,7ba0e14dff57ad711aa70c751a38d34c47b65178,2026-07-27 13:09:48
kjv,Rev,3,22,9732,c17da01e0b7aef8f386a1774e37602130c59ce99,2026-07-27 13:09:49
kjv,Rev,4,11,5282,ebca7dd1c166f25470a053960b4e9c085b24fe88,2026-07-27 13:09:51
kjv,Rev,5,14,6254,061eda3c7cd7ec993d3c11972444c90fe9f030fa,2026-07-27 13:09:52
kjv,Rev,6,17,7714,ccefbbd98c3d7ec48498ccdeb9ec52f59ea9808e,2026-07-27 13:09:54
kjv,Rev,7,17,7516,3f395443f60db10abae5bc1460223d02239824ec,2026-07-27 13:09:56
kjv,Rev,8,13,5574,b7701d3b603eb45d30ce0efdf3a0733c24f5b004,2026-07-27 13:09:57
kjv,Rev,9,21,8660,11141cffd62a17fb6d9571b69ee0e035d7ea5093,2026-07-27 13:09:59
kjv,Rev,10,11,5120,8b8ad133ef94d74b023d99eea25a39ff254afc19,2026-07-27 13:10:00
kjv,Rev,11,19,8886,82e24a33870d01db29bbe6fef7f632df55893c52,2026-07-27 13:10:02
kjv,Rev,12,17,7223,31062bf2b6267841b26073e6d489e25238e47dd8,2026-07-27 13:10:04
kjv,Rev,13,18,7810,1107e24c4d8c953c422b186c335c8ee0f6a85bb4,2026-07-27 13:10:05
kjv,Rev,14,20,9365,97ec65bced531c2b315df8586e28ec416cc12126,2026-07-27 13:10:07
kjv,Rev,15,8,3761,054106bbc44b4ab0f81cbbefa541eb2530a8a4d6,2026-07-27 13:10:09
kjv,Rev,16,21,8394,48bcebe2449b08d461acc285624167f7e3510732,2026-07-27 13:10:10
kjv,Rev,17,18,7963,a0367db1560f8ee6d4996d043b5847e9e301421a,2026-07-27 13:10:12
kjv,Rev,18,24,11012,585af96b76fadd6c5236eca3cba51e9ddd5900b9,2026-07-27 13:10:13
kjv,Rev,19,21,9104,3276266737ff9f48c2be6475eb281ba8ff856c2f,2026-07-27 13:10:15
kjv,Rev,20,15,6809,7bb2bd7a2d19c2d5ad72525f922dc1b955d65b8b,2026-07-27 13:10:17
kjv,Rev,21,27,10765,f47a78f787f1901cba77727e94e447abfba7acfa,2026-07-27 13:10:18
kjv,Rev,22,21,8181,c8c688b6875c37694cfbd5cddf3c87ff3c2ecdcc,2026-07-27 13:10:20
web,Gen,1,31,6089,3e6bbe0e17fa67fe0ad4c1c786a0ad2bf6017622,2026-07-27 13:10:21
web,Gen,2,25,4828,749d47d6e0df93ab3e77543bb614ef2713d8b2c0,2026-07-27 13:10:23
web,Gen,3,24,5039,08feb8a22c0d56fc6fc8953cacc2585e4d139ef9,2026-07-27 13:10:25
web,Gen,4,26,4986,508e38f8b2b67ff23674bef955bb2ff926993160,2026-07-27 13:10:26
web,Gen,5,32,5222,e898af7ee85dc69ec4f968ed3104bcaf145ec1f1,2026-07-27 13:10:28
web,Gen,6,22,4402,7c0b725d034ec529713a747fb9bba046fc95535f,2026-07-27 13:10:30
web,Gen,7,24,4546,692fd22f51e9aae0c1231e29cdac4190f4db7c25,2026-07-27 13:10:32
web,Gen,8,22,4446,06ad5053649fc423f7f8bf1e39dc5cc7001ac56e,2026-07-27 13:10:34
web,Gen,9,29,5267,46414b7d4a8474929cebae72f0ea387ce222bcac,2026-07-27 13:10:36
web,Gen,10,32,4897,ec405c4bd790247694b37edd713767273f40f8e4,2026-07-27 13:10:38
web,Gen,11,32,5743,42dac225594cef9eb937872a9b7b6a976c8dfef7,2026-07-27 13:10:39
web,Gen,12,20,4046,9d09559013d9234c4eab0cbd4731fee15ccbe078,2026-07-27 13:10:41
web,Gen,13,18,3605,ff6fa8e2ae32e4d78b6abfe552b6efedb1d948cc,2026-07-27 13:10:43
web,Gen,14,24,4923,8cce206b0c0b6d198fbb0596b56398dc7af268b1,2026-07-27 13:10:45
web,Gen,15,21,3878,753a09b5dbcb3b19f8d267081afa651ee99d86c2,2026-07-27 13:10:47
web,Gen,16,16,3337,7e243101786c780c907f1a74fa1358feb57534dd,2026-07-27 13:10:49
web,Gen,17,27,5433,da1a87aa79dbc3e40b21ff2af8de1c00c190352b,2026-07-27 13:10:51
web,Gen,18,33,6536,c525a628e4fb52eed753bbf2d48d021805fe3679,2026-07-27 13:10:52
web,Gen,19,38,7973,112229ca78c6630152b5fe0e09f2ffbe67fcfcc3,2026-07-27 13:10:54
web,Gen,20,18,3906,06431bada04a8412e1e0fae40252ef208071b0f5,2026-07-27 13:10:56
web,Gen,21,34,6241,cabc6f8533df0958ebe21dabc1ad1d04a456c115,2026-07-27 13:10:58
web,Gen,22,24,4810,9e9c00851de585a4c4094eeae434fb129ade923e,2026-07-27 13:11:00
web,Gen,23,20,4148,9faff9a0b4d65fee368dc059cfd5875b2fe0b091,2026-07-27 13:11:02
web,Gen,24,67,13321,e570990f05193353a6cd256adf28bc460163d5b5,2026-07-27 13:11:03
web,Gen,25,34,5946,09e5ac657ece1d4a9dc9ceb72b3ba4c95e25c1b4,2026-07-27 13:11:05
web,Gen,26,35,6844,d78d08bc620fde425de22f9f940aa826eac08720,2026-07-27 13:11:07
web,Gen,27,46,9219,bdab405c3259a25b06d4c428a4784641a3fa1e8b,2026-07-27 13:11:09
web,Gen,28,22,4596,849f8e532e3e737e2bb1b3815d36db8433373dec,2026-07-27 13:11:11
web,Gen,29,35,6605,dd898d33925714a96d2dbe328c6abf98f91b1e88,2026-07-27 13:11:13
web,Gen,30,43,8125,23b6adace7b6621aff8c4a2547e4f636faf3f505,2026-07-27 13:11:15
web,Gen,31,55,10818,084a6d40e25cec2f6405f868fa9712a2b00bca0a,2026-07-27 13:11:16
web,Gen,32,32,6354,289e44b93fc9b898863eb5a8953a927c2b183079,2026-07-27 13:11:18
web,Gen,33,20,4049,f3f4fd454d0380de5563023421e348da0609ba09,2026-07-27 13:11:20
web,Gen,34,31,6194,8b629c96a0493028c6de84abd18ebe190a482b3e,2026-07-27 13:11:22
web,Gen,35,29,5334,9bad8158fdfe94313628ba9a41c5f824a8de8041,2026-07-27 13:11:24
web,Gen,36,43,7526,6a1858fd1f28127a45596c73c5f40f6fc20b5ad7,2026-07-27 13:11:25
web,Gen,37,36,7245,bf60a44495a22a154708c9efb731cf67f26296bf,2026-07-27 13:11:27
web,Gen,38,30,6181,835c7427ad4510fec0a11a9e60228763a7954533,2026-07-27 13:11:29
web,Gen,39,23,4751,095aa5db73f4b96ebbbd2b39cd9159a5b3c2a0f2,2026-07-27 13:11:31
web,Gen,40,23,4606,20169c080739e92f4f07ad741edab045430f05c3,2026-07-27 13:11:33
web,Gen,41,57,10906,33cb810aecb002a0c90c7aaee96ad0cfbfff48a1,2026-07-27 13:11:35
web,Gen,42,38,7601,d2c89646bd661ccebc2342b2ce46a32e41923455,2026-07-27 13:11:36
web,Gen,43,34,7074,ebeb2cc212e64bedc0919f035656d7122b2be3f3,2026-07-27 13:11:38
web,Gen,44,34,6656,86a060f318cd7a2c024cf394a8ee23c212e7d9e4,2026-07-27 13:11:40
web,Gen,45,28,5651,5dba3c641fa24b14445096894020b0e90bbe18d2,2026-07-27 13:11:42
web,Gen,46,34,6216,ff794626d4abfaa10df0ac67af0fbeb70a51b9b8,2026-07-27 13:11:44
web,Gen,47,31,7195,512521a6fc0039efbb507ee702fab8cd783201dc,2026-07-27 13:11:46
web,Gen,48,22,4877,10e22f06f7448fcd07a49e5ff1b058609736620e,2026-07-27 13:11:47
web,Gen,49,33,6318,703f0c9184c16256e61fbc06b4f5efc56a1820a6,2026-07-27 13:11:49
web,Gen,50,26,5401,ee9e6a065d062ed9dc43d7b644ae814d67c615ff,2026-07-27 13:11:51
web,Ex,1,22,4009,f75ad325cccec5ffa1dbbf8b0bd0afe107d132d3,2026-07-27 13:11:53
web,Ex,2,25,4970,19de9da5e00922145d33fc64c473594b0364d71c,2026-07-27 13:11:55
web,Ex,3,22,5348,f9a43a69487436d3440012b2df326146a915edc5,2026-07-27 13:11:57
web,Ex,4,31,6343,eb825283a6a819e403e949fcf1d6fb19f1cb58d8,2026-07-27 13:11:59
web,Ex,5,23,4778,6fdcc250754a1d0a3d3f54db5dba4090e80c4d4c,2026-07-27 13:12:01
web,Ex,6,30,5897,adc45e48035df29af9852dcb0c03d12fed3986ca,2026-07-27 13:12:02
web,Ex,7,25,5257,d65e88a4059dfe6259833ecda1b94d2f993664f7,2026-07-27 13:12:04
web,Ex,8,32,6957,8a03f3d952aaa46ab4b823b36c370d29b27f1a1c,2026-07-27 13:12:06
web,Ex,9,35,7317,ab66c75271a0559b8718240e7cbc6d1f8fce72f5,2026-07-27 13:12:08
web,Ex,10,29,6487,c638b12d121d9f624099e9851e94a75aa659f3a6,2026-07-27 13:12:10
web,Ex,11,10,2436,777b0b33217e587222aab719d95ee635a0f29a3e,2026-07-27 13:12:12
web,Ex,12,51,10928,fdbb0e2d6476b399c65e71cf171de0a214916bcc,2026-07-27 13:12:13
web,Ex,13,22,4965,9240e774c13e4d85cb1b9aa0ebc4fe1124af6090,2026-07-27 13:12:15
web,Ex,14,31,6875,77bd0b06768d2fe1afbe466432b0fd3094af9e07,2026-07-27 13:12:17
web,Ex,15,27,5566,5485d68627e488233fcd6ecef9ed5e8ffd61576d,2026-07-27 13:12:19
web,Ex,16,36,7747,14141f9502f1ef132f6deecb2f90d1dfcad0a1f4,2026-07-27 13:12:21
web,Ex,17,16,3479,1c9ddc0f8b64a58d0164df6599e7ee15a786039e,2026-07-27 13:12:22
web,Ex,18,27,5725,b48ee045ebcad49a31c15bc3d547884ace37c9f6,2026-07-27 13:12:24
web,Ex,19,25,5264,73b7189a0dcb666c4bd50ad9f3835b271a743849,2026-07-27 13:12:26
web,Ex,20,26,4798,2a8fb25201ca6ab0384190194c6ce2cd80993d89,2026-07-27 13:12:28
web,Ex,21,36,6837,119b914bdf0450071566b22454ad5f51d6b6a6c5,2026-07-27 13:12:30
web,Ex,22,31,6101,46766076747d8f406a3a763bc4a748f93d34f866,2026-07-27 13:12:32
web,Ex,23,33,6520,485a5037522ddf8e93c462a31ff708f8ca2883b3,2026-07-27 13:12:33
web,Ex,24,18,3691,7809e1775733a73b2c147bb4a751141ea8e8bea2,2026-07-27 13:12:35
web,Ex,25,40,7117,4e1aa9c73f4ce0ea86961aae11e17e234550f49c,2026-07-27 13:12:37
web,Ex,26,37,7346,c3cda54467a8c7a4c4ce6e814391fd978bb39dca,2026-07-27 13:12:39
web,Ex,27,21,4438,7dc27ef159a8796cc5806f2f2af3eae7c3656140,2026-07-27 13:12:41
web,Ex,28,43,9233,1d57f79918e5e2542ce5f7d7e55bc9160f3fe581,2026-07-27 13:12:43
web,Ex,29,46,9615,44d368aea4ce0e83f3fbf4f90112a17aecbb80df,2026-07-27 13:12:44
web,Ex,30,38,7500,0d3995d82e35bb7675b21ea911fc909d3fd0d372,2026-07-27 13:12:46
web,Ex,31,18,3581,305c61d5c9c9227487b03bbb8ddffc5ce8d0e7f9,2026-07-27 13:12:48
web,Ex,32,35,7851,e8994e5ae0f66e87ae71c8132579d2e97f47cc21,2026-07-27 13:12:50
web,Ex,33,23,5018,1c743ae4a078cc5360dac30d9550c0d3fae380ac,2026-07-27 13:12:52
web,Ex,34,35,7630,fb260ce8a9a3a1ce74de1b34cc710ab70456c66c,2026-07-27 13:12:54
web,Ex,35,35,6586,ce602b204f962c156876c106c0d02f0c01451457,2026-07-27 13:12:56
web,Ex,36,38,7296,80342cc880ffbc08916467ea7e78368ff3dccb25,2026-07-27 13:12:58
web,Ex,37,29,5403,dd6668d3e87a19faaf6715951fe6d9d939f83014,2026-07-27 13:12:59
web,Ex,38,31,6449,16be1fe5a6a76c4d3939893ebf584a0cca83165f,2026-07-27 13:13:02
web,Ex,39,43,8124,441be40c3dc05fdb8c211d43b93552c9bad12a19,2026-07-27 13:13:03
web,Ex,40,38,6571,9cb4e4b3c265c5ed8fd5b9f4a941f2d11a610c84,2026-07-27 13:13:05
web,Lev,1,17,3726,97f85423c9a19c2c5ecea83153b031eed93e32b7,2026-07-27 13:13:07
web,Lev,2,16,3571,8efaf14b9ef6300a5a77ad229fdf948ebbafdb88,2026-07-27 13:13:09
web,Lev,3,17,3708,d9eabc4f0fa48812cdf37c3e9d16250ada3694ca,2026-07-27 13:13:11
web,Lev,4,35,7868,ad48062d0383414d2e75ffd258af0f08f755886d,2026-07-27 13:13:12
web,Lev,5,19,4991,ec1332788342f443fda2c173408a83b2b98a9b00,2026-07-27 13:13:14
web,Lev,6,30,6491,4dd6376329e8661f6e2841e0b2c3f44ab04e1da9,2026-07-27 13:13:16
web,Lev,7,38,7893,12795e649911d1e4c0a6ef81d4c9016a6bf34c4a,2026-07-27 13:13:18
web,Lev,8,36,7326,993118a436047a4f10d6c369f6e70c9153e49a95,2026-07-27 13:13:20
web,Lev,9,24,4909,4a281bf380c8fd8b0f229a2c06bcdf964126a512,2026-07-27 13:13:22
web,Lev,10,20,4826,627fdca07f0d2daef8945b8b6b12b1117d9e8480,2026-07-27 13:13:23
web,Lev,11,47,8827,3675f9ecb2b888869cb1a3724681b5d5001d9a67,2026-07-27 13:13:25
web,Lev,12,8,1996,ddc4c359ba815e0fc704cbb2392c4b25883ee592,2026-07-27 13:13:27
web,Lev,13,59,13152,221c19a0a8758cb67fdb815da4c974236c6f2ee7,2026-07-27 13:13:29
web,Lev,14,57,12227,466d864c5e2ddf085115ae34f7892cf57d0e4ee5,2026-07-27 13:13:31
web,Lev,15,33,7049,07f45211ac3badaac338b379dadac673ae048f1e,2026-07-27 13:13:33
web,Lev,16,34,8116,5cedcedb8ea5f4e057529f66022a18a44851c68c,2026-07-27 13:13:34
web,Lev,17,16,3979,2a9607eea6dfda75a949146a8d3fd3e171336532,2026-07-27 13:13:36
web,Lev,18,30,5787,d111bf017ebd26538b9c2b799589856007ee253d,2026-07-27 13:13:38
web,Lev,19,37,7289,40d511f14b18f4ba4a65f3ce622f946c506b3bcd,2026-07-27 13:13:40
web,Lev,20,27,6304,05b75aa86e86bec056b32bcaa8bcafbc1d943868,2026-07-27 13:13:42
web,Lev,21,24,4711,e5e4bd455367d3f7cb21c74e3ad1148d8a43fb8d,2026-07-27 13:13:44
web,Lev,22,33,6803,3834f4b97a0868a076ab90882dd55b9c8b72b79e,2026-07-27 13:13:45
web,Lev,23,44,9310,1c8788ba147aecfd3f19d26cf5da68a10d76ede0,2026-07-27 13:13:47
web,Lev,24,23,4393,365ac47647b784a0e6c957eba2d75238b5921711,2026-07-27 13:13:49
web,Lev,25,55,11445,874709f6069605898e2e10adc6c2fa1fed6e7034,2026-07-27 13:13:51
web,Lev,26,46,9568,2f8545b4a9fffcb5a4e349f9693d51007cf505fa,2026-07-27 13:13:53
web,Lev,27,34,7090,eb1c0e05fbe6a8f90dbf3fa4a138fb2c3d2e2689,2026-07-27 13:13:54
web,Num,1,54,10540,0a1f5a6ac842edaf563c9b58c8b0004cf127eab5,2026-07-27 13:13:56
web,Num,2,34,6629,e76e15e568f4f74764bb797093eea56e69fa3641,2026-07-27 13:13:58
web,Num,3,51,10065,8d48c40d1351b811fe3604d011027b26ccfed7c0,2026-07-27 13:14:00
web,Num,4,49,10341,099a71aecc2a09a4ec20a2c16089c8fbe7a09703,2026-07-27 13:14:02
web,Num,5,31,6802,ee47b9db68b761fc569c468de504fda7dd5278f5,2026-07-27 13:14:04
web,Num,6,27,5704,e8df66f02d3481afc980c2df98df6d88df306f8e,2026-07-27 13:14:06
web,Num,7,89,16207,82e6b0df35aa7cdb7d470eaa387a2b9529bbab3d,2026-07-27 13:14:08
web,Num,8,26,5487,0afd3d291132d659651748985514e53b5025c411,2026-07-27 13:14:09
web,Num,9,23,5316,d537d33fb349f82daaf5a99880e0faecdfe67fd7,2026-07-27 13:14:11
web,Num,10,36,6996,67b874ea2518313a2944be482c36bf344dd9b33f,2026-07-27 13:14:13
web,Num,11,35,7617,21845eb1d4018dfeddc4e9afff3a46ffa4782ee1,2026-07-27 13:14:15
web,Num,12,16,3116,277db2202ce36326e392839ca94212a94b84cb89,2026-07-27 13:14:17
web,Num,13,33,6093,11d5c7ce8cedee7b459ebc4f94d751583f18378d,2026-07-27 13:14:19
web,Num,14,45,9295,a95bdd473efc434c7097383d546fa946030d4e6f,2026-07-27 13:14:20
web,Num,15,41,8395,bff0137ae954a2a26f605d6677c8a64b8eb80e76,2026-07-27 13:14:22
web,Num,16,50,10188,b71e1554e4d9c7baf8e026decb4f3a45188641c1,2026-07-27 13:14:24
web,Num,17,13,2707,f460676d0b276dfb6c7c0becf8cfbea68201dc6e,2026-07-27 13:14:26
web,Num,18,32,7941,9792645b04a26b506c6a29558cdfb6484a251cff,2026-07-27 13:14:28
web,Num,19,22,5122,15f8b3fc3356659adaebf143817f7e2f6c613e22,2026-07-27 13:14:30
web,Num,20,29,6123,4169e71a6b663b56ea2abdb3fdb2086d67c8dfe0,2026-07-27 13:14:31
web,Num,21,35,7187,5c3110b39a2fb51b11aa05093467f5fdbe3ef9b8,2026-07-27 13:14:33
web,Num,22,41,8643,215f5460468e2897849dba95c25d593af7a37e2d,2026-07-27 13:14:35
web,Num,23,30,5699,21391a60a8cc25cd245e635911cfe47b242ab662,2026-07-27 13:14:37
web,Num,24,25,5028,d880eeb820a122432599e6266eb06cec3ed7ad6e,2026-07-27 13:14:39
web,Num,25,18,3680,13076f625f6afe4622c2ed7e2d7dc2c75bfa11ca,2026-07-27 13:14:40
web,Num,26,65,12356,f3b5205556ac3e59c2a6947603474b80a3b7ed6b,2026-07-27 13:14:42
web,Num,27,23,4804,321ea3c812ab2013719b09c6e21b9d283688b3e4,2026-07-27 13:14:44
web,Num,28,31,6175,d10bc1c46d4bbc7a521450beacdf76a9e4bfb939,2026-07-27 13:14:46
web,Num,29,40,7954,d6ea0d83242779e5e4301a1066954632d220ed06,2026-07-27 13:14:48
web,Num,30,16,3805,088305d5433f777c7b527e364f77f2a98b247eea,2026-07-27 13:14:50
web,Num,31,54,9993,cffa72eb30f19bf8c5623131599a5d91dadc528d,2026-07-27 13:14:51
web,Num,32,42,8399,546446db5e246d148b12b9db38ff5008ec292758,2026-07-27 13:14:53
web,Num,33,56,8981,b2926c465041ad69e7150a90e435d847d4709a77,2026-07-27 13:14:55
web,Num,34,29,5307,4314953444763481bd27b33bb16ccb30330ef61b,2026-07-27 13:14:57
web,Num,35,34,7381,0c5c0b545a6a0acaef2214f30320eef383cf4f8e,2026-07-27 13:14:59
web,Num,36,13,3474,3f24beb622a16ee3caf09e6153d84a4b70225a09,2026-07-27 13:15:01
web,Deut,1,46,9537,f3bdffca4160cca35c90266f99e77238634d60c4,2026-07-27 13:15:02
web,Deut,2,37,7790,8805f2f7b7261b47b9ee3bcb72dc90d3be26d01a,2026-07-27 13:15:04
web,Deut,3,29,6306,991c83e88b640192fd48d794d481bdfec6f30361,2026-07-27 13:15:06
web,Deut,4,49,11004,748a56c7cb3238aaddf090c6d84736e02d937afd,2026-07-27 13:15:08
web,Deut,5,33,6963,ccf44fa9baa2cf390fdd208d1c9fb4a10e24201c,2026-07-27 13:15:10
web,Deut,6,25,5052,fe115e5d29bbe635040a52fc84c4ef68ae39b9a4,2026-07-27 13:15:11
web,Deut,7,26,6287,201b4d52e354c0844bfe3f5b8317faacf09c87e3,2026-07-27 13:15:13
web,Deut,8,20,4387,2f9481b2f0f151eecb6ba6b7100c466ba7313444,2026-07-27 13:15:15
web,Deut,9,29,7034,d7f13e2eddcc4a3fa054e2938a6972321c2040cd,2026-07-27 13:15:17
web,Deut,10,22,4620,c0f3cabb22bf38e2de0c7f58ae61ba1cc854026f,2026-07-27 13:15:19
web,Deut,11,32,7048,b19b6e9861efe19c3e5680e44d0e7aae1769cdcc,2026-07-27 13:15:21
web,Deut,12,32,7779,8a30952c0cb3cc3987316a7c74dcd4b75c31bd3d,2026-07-27 13:15:22
web,Deut,13,18,4536,e13fec8b943ae3c47bedb24c0d9527aacf1cb358,2026-07-27 13:15:24
web,Deut,14,29,5692,875cdcb597ac3cdf0a61e2ba01810d391854a625,2026-07-27 13:15:26
web,Deut,15,23,5164,e8120b7e2a8ed7b114122f17198d8021e5829947,2026-07-27 13:15:28
web,Deut,16,22,5351,07a145b453f6aa612f18013635cb5adc8a432b0c,2026-07-27 13:15:30
web,Deut,17,20,5138,8e71f8fd628e7dda596a8b17e329016a2fb3f54f,2026-07-27 13:15:31
web,Deut,18,22,4699,6d3128623e9c6b1ca210b6b557acf7d037dca04a,2026-07-27 13:15:33
web,Deut,19,21,4720,3411ae713e2f8de91d0f352bff131ca7eef5ede7,2026-07-27 13:15:35
web,Deut,20,20,4745,eae2d42c2d666676f1cd5e6b01b4ca49d827464e,2026-07-27 13:15:37
web,Deut,21,23,5371,f3bff25cafbac44e93d379a6273293ddb870bfd5,2026-07-27 13:15:39
web,Deut,22,30,6687,76bb5b67ae53e779c133c9510db99a18d49415fa,2026-07-27 13:15:41
web,Deut,23,25,5386,5fa204c072b83cd9c80d849d27553d488ef42e20,2026-07-27 13:15:42
web,Deut,24,22,5012,f5f5943e6b49332f78a10dc85f0057fa91b62fbe,2026-07-27 13:15:44
web,Deut,25,19,4250,7355fc14a16a7e29ea8415c8170c466e3e13a0f0,2026-07-27 13:15:46
web,Deut,26,19,4821,cc21d921e7b44bfb74b059cce080d94dc0e4958f,2026-07-27 13:15:48
web,Deut,27,26,4974,cd14548dc334b182b5065086697c2b134f7ec673,2026-07-27 13:15:50
web,Deut,28,68,15404,64de046578d8b74a2b49cd8c1a00ab7467e0f8d3,2026-07-27 13:15:52
web,Deut,29,29,6371,126b0e45c16b7b8639a98429086d0e879d3bb32a,2026-07-27 13:15:53
web,Deut,30,20,4754,c2d7a9a284c82bf94bd4f6ba6fce9fa667958e92,2026-07-27 13:15:55
web,Deut,31,30,7286,d5345511e36087224f749b78408bfd37eb4314d7,2026-07-27 13:15:57
web,Deut,32,52,10364,f26f76d4a14615808dd6dea9656d5049d4e1c5f7,2026-07-27 13:15:59
web,Deut,33,29,6121,ab9e9bb28edee4c466d7337fd59ad0e14704678d,2026-07-27 13:16:01
web,Deut,34,12,2501,2816d5f93ea365ba987049e0af98b06da23f55d4,2026-07-27 13:16:02
web,Josh,1,18,4308,9b01f198b8d40964413169625531a8d1497ac1cc,2026-07-27 13:16:04
web,Josh,2,24,5580,7c3e93b8461a58cec4a636ef4729813058ba5f70,2026-07-27 13:16:06
web,Josh,3,17,4204,c4be6282e064dc54a1cd7cd33f67b3a33b0f8e58,2026-07-27 13:16:08
web,Josh,4,24,5384,0e5fc1101f925d1011ee4e31518600eb2f1432e4,2026-07-27 13:16:10
web,Josh,5,15,3952,af390b36797fad095b37d0bde19251d0b8b88ea5,2026-07-27 13:16:12
web,Josh,6,27,6509,57b15ce3e3d24ebaf69eebb2a7869237622da7a8,2026-07-27 13:16:13
web,Josh,7,26,6646,1b267d21a4b985dcb7f57fb39b60c5e954043a4a,2026-07-27 13:16:15
web,Josh,8,35,8440,4683d120f3d28ffb54f669f3ea8e895c064de7a4,2026-07-27 13:16:17
web,Josh,9,27,5990,ccb55070c3ef03d8aed5e9b174c1c5049de8374f,2026-07-27 13:16:19
web,Josh,10,43,10207,74b36bb08581f787180c1cf6ef0026e43b35abe7,2026-07-27 13:16:21
web,Josh,11,23,5435,43c5d53aaf8671b0954f6a212b546542a5bdf94d,2026-07-27 13:16:23
web,Josh,12,24,4279,cb0018505390b02cdf678b714f8ba426ff61b61f,2026-07-27 13:16:24
web,Josh,13,33,6957,8b12a7cc98526eea63374c906210d7a1179fe77c,2026-07-27 13:16:26
web,Josh,14,15,3676,f9bbfb59f1c422a67bc345e4a3d325df59d0cc30,2026-07-27 13:16:28
web,Josh,15,63,10166,57d1f155abb16163af38473dfcbd72ba531aeaaa,2026-07-27 13:16:30
web,Josh,16,10,2343,38632c8d9b1505ba86ff926a6ab313ce45e4694f,2026-07-27 13:16:32
web,Josh,17,18,4955,33f3d2b65651a7de4cb5bc12e1298500b8a4b733,2026-07-27 13:16:33
web,Josh,18,28,6258,47f4f8cedc811b98869ee61f10f1e83c6754a17b,2026-07-27 13:16:35
web,Josh,19,51,9091,f255cbf8fc4b53ed9e1449fec4ff926ea21ebd57,2026-07-27 13:16:37
web,Josh,20,9,2423,ab56e2305e5c129acb4051fe7209b667a9887f90,2026-07-27 13:16:39
web,Josh,21,45,8683,5cf57ee0e394286dab727b6fc64ee4d89608859d,2026-07-27 13:16:41
web,Josh,22,34,9342,0738e8229d438d2173bb9194da7ea2c60ee2c0d0,2026-07-27 13:16:43
web,Josh,23,16,4061,b12cbc02a29ba3aa7496487701aa946698ac4d94,2026-07-27 13:16:44
web,Josh,24,33,7577,fc8c7d5aebea3ed03f22eedeb0c10ca4eab4e42e,2026-07-27 13:16:46
web,Judg,1,36,7698,197be55e270387634cc2ca23142b0ecf40add655,2026-07-27 13:16:48
web,Judg,2,23,5287,8457c6d333dff44f9dea8b81361df813b7e231d2,2026-07-27 13:16:50
web,Judg,3,31,6628,89e80a68af2225e9dfddcf565bbead71034d4dd1,2026-07-27 13:16:52
web,Judg,4,24,5560,a2f01a0110fb13156dc72deaf08382af7eceb446,2026-07-27 13:16:53
web,Judg,5,31,6291,fae1d9c6e7b5eb90b747972278dba77010ab6836,2026-07-27 13:16:55
web,Judg,6,40,9156,a6ca416d05e8a6fe4da64dfe83fa7a34d059a2c9,2026-07-27 13:16:57
web,Judg,7,25,6724,1c8fe07d3c357fb0be944f7fac5d673795f546bc,2026-07-27 13:16:59
web,Judg,8,35,7450,531952d0bad8a63fffa1fea92e865211e19b6aaa,2026-07-27 13:17:01
web,Judg,9,57,12335,023e9015501d321f19a3d4392aa0301e8f434b4b,2026-07-27 13:17:02
web,Judg,10,18,3897,01c2318297a08bec677627c61d802ec6797cf389,2026-07-27 13:17:04
web,Judg,11,40,9182,f9553ffbab7bd758e4b871c456fe31b28fc673f5,2026-07-27 13:17:06
web,Judg,12,15,3294,c6bdfed624fd7782d8f48af7bd9f36f69288771a,2026-07-27 13:17:08
web,Judg,13,25,5449,0e499480c7559853d12327371f586dd674395989,2026-07-27 13:17:10
web,Judg,14,20,4953,c537ee1c82261742249255af151af22e4070d755,2026-07-27 13:17:12
web,Judg,15,20,4726,dd886e4b2f156fa33339aee53e4dcb0bc7881f41,2026-07-27 13:17:13
web,Judg,16,31,7619,dddd216e53e40591e7a4faf824e993c832eb13a8,2026-07-27 13:17:15
web,Judg,17,13,2946,e1b6d89f3cdb4040aeeb090fc2f29a83f59e0acc,2026-07-27 13:17:17
web,Judg,18,31,7395,d7d45584a57b6c5011f06936029d835e96476d77,2026-07-27 13:17:19
web,Judg,19,30,7588,48af7c9a6edf14db8d22cb5f90e24ab60b7ae076,2026-07-27 13:17:21
web,Judg,20,48,10860,01ba771813c676b6e2cdc2e47dc56be753e4c6ed,2026-07-27 13:17:23
web,Judg,21,25,5637,16df57a138b267f87f34080d1230003676c25beb,2026-07-27 13:17:25
web,Ruth,1,22,4831,49a2166519f305f39a29fa50e4e18bbe90140bd6,2026-07-27 13:17:26
web,Ruth,2,23,5414,bf93b81490580b232c2347d813929c4f4413c953,2026-07-27 13:17:28
web,Ruth,3,18,3935,fb8224c713f29527f89b2cd7eadc46c1e13f8a66,2026-07-27 13:17:30
web,Ruth,4,22,4889,e65e3dcfe5a5e72a1f4b123baeef006aef8e2dea,2026-07-27 13:17:32
web,1 Sam,1,28,5913,1c6a9f5e6e7ccbb967810d2008d48469fea718b3,2026-07-27 13:17:34
web,1 Sam,2,36,8117,c3dfcd774e7ba865aa06dd92ace3983c456b3e43,2026-07-27 13:17:35
web,1 Sam,3,21,4239,618fb0f3b502c28ce602d79aeaae242e33aab81c,2026-07-27 13:17:37
web,1 Sam,4,22,5371,058a3067614899bb22ccdd0fbf6e30799fe5541f,2026-07-27 13:17:39
web,1 Sam,5,12,3156,e2eebb9571e4031bfa41cf1e1dfbb8752b4d570c,2026-07-27 13:17:41
web,1 Sam,6,21,5475,eb790e923dbf8f258ce7755fd3a11be269b8e5c9,2026-07-27 13:17:43
web,1 Sam,7,17,4051,dbb63263d70a99caa00542f508b86099e2dc01d1,2026-07-27 13:17:44
web,1 Sam,8,22,4463,3cddb9c4fab89ea3132efb1e1e22f5f3d146855a,2026-07-27 13:17:46
web,1 Sam,9,27,6853,c632f3898d1fa11b4ea7b3038c51b259d8508c51,2026-07-27 13:17:48
web,1 Sam,10,27,6415,763070a2f959e6646122f2ea99839f4b4e7199de,2026-07-27 13:17:50
web,1 Sam,11,15,3751,20f13796c860dd5ea608465267194d8d3d2fb305,2026-07-27 13:17:52
web,1 Sam,12,25,5827,6c943f9b613da7c8d900b10c3d0902cb8d011abf,2026-07-27 13:17:54
web,1 Sam,13,23,5593,8da637f45c70b1e6583dd7fd97d8af01a181552a,2026-07-27 13:17:55
web,1 Sam,14,52,12069,8861170a13ca80e99243f3937efb49100a6aead6,2026-07-27 13:17:57
web,1 Sam,15,35,7542,a5c1b8b9f070e19d671fce05ff623e3b05f4fd50,2026-07-27 13:17:59
web,1 Sam,16,23,5136,1a980c33ac5be46cfd9759f7858dd1f2ac117dee,2026-07-27 13:18:01
web,1 Sam,17,58,12949,fa9fdee628539dbe1339ada142a07f0a6ac89b0f,2026-07-27 13:18:03
web,1 Sam,18,30,6510,c459733fce18cc6a8a44506cb557eebd9ffe539a,2026-07-27 13:18:05
web,1 Sam,19,24,5400,70ed6418b6ce3e14cf61a76dda87abdc060313e2,2026-07-27 13:18:06
web,1 Sam,20,42,9461,d8c912ed75e4c5467e69e44ab79b7deb52b9b3a9,2026-07-27 13:18:08
web,1 Sam,21,15,3736,00469afb0164d2f8c30ffc6e71d45f9fbdf2bda5,2026-07-27 13:18:10
web,1 Sam,22,23,5621,f96a20424ae6f680e816b0474e36b836d64432c5,2026-07-27 13:18:12
web,1 Sam,23,29,6485,6c6dc34d328f2ff0f2b255ef8f7c61070213e767,2026-07-27 13:18:14
web,1 Sam,24,22,5002,5829677381088a5c3a3e8b8196029a44f1e6a96e,2026-07-27 13:18:16
web,1 Sam,25,44,10477,07fb79fc6de1449de1427d1427d9e7e60800ef7f,2026-07-27 13:18:17
web,1 Sam,26,25,6228,bc1e82992c87f1836038836cbd3196ba8c53382c,2026-07-27 13:18:19
web,1 Sam,27,12,3042,8a5dc64de19b4b25b79b5c0b0d126d0d3b15ae3e,2026-07-27 13:18:21
web,1 Sam,28,25,6099,e3f7df8b7893b6f626ae1038828fc3022b964cac,2026-07-27 13:18:23
web,1 Sam,29,11,3135,62d2b4a2e37eae94ecd49130c9a8ee86816c2471,2026-07-27 13:18:25
web,1 Sam,30,31,7244,59992871ed3ec5a73936eac34bb139ec0fe00c48,2026-07-27 13:18:26
web,1 Sam,31,13,3016,b636865b004d7f8befce1c461aa81740a7d995de,2026-07-27 13:18:28
web,2 Sam,1,27,5579,280d71ac7a521e25b8c5079e5a30b136ba9845a3,2026-07-27 13:18:30
web,2 Sam,2,32,7088,757104b6ff34a0d49b95f5f074d890468c8cfe92,2026-07-27 13:18:32
web,2 Sam,3,39,8634,476b5dde790d3e4ced05aea6e473fad562000035,2026-07-27 13:18:34
web,2 Sam,4,12,3251,b4500996e319a3fe4e4b0c8d756b1547863a9e67,2026-07-27 13:18:35
web,2 Sam,5,25,5200,ff47d7cd4753b6ce8143c77e553eee5b85ba9f72,2026-07-27 13:18:37
web,2 Sam,6,23,5313,e9b3dfa999790645282ed02a7fc6afdae002a181,2026-07-27 13:18:39
web,2 Sam,7,29,6518,3c2a0a00db503b5410ae9a5649bb49f1a051523e,2026-07-27 13:18:41
web,2 Sam,8,18,3885,eb67c97c0f86bedf7a9dc95f15de3802895e9c3e,2026-07-27 13:18:43
web,2 Sam,9,13,3133,06833212efb6d3b7fb09ca853738f39a9a56230a,2026-07-27 13:18:45
web,2 Sam,10,19,4717,0c3d6569b05838df6e0dc3987f05879bd792a6ca,2026-07-27 13:18:46
web,2 Sam,11,27,6118,9efca296e5d3fa155f5d0cd10c5cc711cd3e8349,2026-07-27 13:18:48
web,2 Sam,12,31,7310,bce8f41ffc16c340b641b60232c7eb31a37331cf,2026-07-27 13:18:50
web,2 Sam,13,39,8648,8d4dc84d5f87130d9c9dedcfa5fb3ee78610ad90,2026-07-27 13:18:52
web,2 Sam,14,33,7882,67cecea229a5e020ec721ccce2b5ac6e6a3f1c24,2026-07-27 13:18:54
web,2 Sam,15,37,8440,6cd69812f912b90cc60312562cad0235a3ebb22a,2026-07-27 13:18:56
web,2 Sam,16,23,5461,dd5899e8af8d1a5e7fd395d1250e649c76f70716,2026-07-27 13:18:57
web,2 Sam,17,29,7063,f89ac05f1d4e3c58ecadca4d7d1e0251f2152ee6,2026-07-27 13:18:59
web,2 Sam,18,33,8010,20b2dd496366004e95d214011171d445a6b15c7f,2026-07-27 13:19:01
web,2 Sam,19,43,10428,fc77f64926b900272faa95d84b3b9126faefd729,2026-07-27 13:19:03
web,2 Sam,20,26,6318,82bad9132c83b4a6dfeacf4d1152e188dfac9b1e,2026-07-27 13:19:05
web,2 Sam,21,22,5732,23de17644df802ea58d0e8ff3d26089225feb0b6,2026-07-27 13:19:07
web,2 Sam,22,51,8569,59e30388af91364caed234ff57c0fcd1d9a17930,2026-07-27 13:19:08
web,2 Sam,23,39,7525,76b7ec83c3ff253045835d8aca2fc4cdf6bf4c04,2026-07-27 13:19:10
web,2 Sam,24,25,6251,69a3a3ceeaf3de26ed8c96efae9c08b92c961ea2,2026-07-27 13:19:12
web,1 Kin,1,53,11513,6479e17ac089def599a8f6805bd6602295606755,2026-07-27 13:19:14
web,1 Kin,2,46,10761,ba3b1def50827e3c4868258b393431e6953219c4,2026-07-27 13:19:16
web,1 Kin,3,28,6378,29f45b948ff9a66b051acebdc3c4beaa8f1466a4,2026-07-27 13:19:18
web,1 Kin,4,34,6327,f9afd5d6b7ea59525a6e3fc41748f7919e9afdf3,2026-07-27 13:19:19
web,1 Kin,5,18,4198,219bec3215bd87348a2299ee0f4983425d6ebb2d,2026-07-27 13:19:21
web,1 Kin,6,38,8049,971c531c7cc8b775852c9730db544408293f98d6,2026-07-27 13:19:23
web,1 Kin,7,51,11302,bdde9adcfe7d30b9033d9ef2edaaf07fdce87060,2026-07-27 13:19:25
web,1 Kin,8,66,15841,1c710392f9a67d3cbc1cf9093cf40d2e7ad709b9,2026-07-27 13:19:27
web,1 Kin,9,28,6469,83c0c4792973984ef7826a88287da76627a511cd,2026-07-27 13:19:28
web,1 Kin,10,29,6600,ee5ff8f36df91b6213c00e7debb1e937e0119f13,2026-07-27 13:19:30
web,1 Kin,11,43,9667,ff3cf28950a13cf57cd780de99ffcd445b03af76,2026-07-27 13:19:32
web,1 Kin,12,33,7852,3157ec1067d21c9d3705f2b3a12f5f6eb8a6206e,2026-07-27 13:19:34
web,1 Kin,13,34,7909,0fc156e8e94bdbf962bc55bef2d0773278d2a200,2026-07-27 13:19:36
web,1 Kin,14,31,7327,c3a96c27aac009e9847bcd197e6c89df583bde99,2026-07-27 13:19:38
web,1 Kin,15,34,7489,1846f146b8c6228b5d2fa1175e41a6cb40817d8c,2026-07-27 13:19:40
web,1 Kin,16,34,7774,0d3006f10b3dd1b0375bc34781be869704d34129,2026-07-27 13:19:42
web,1 Kin,17,24,5043,2242786d5128b0191ce9975da2f5107aa1d907c7,2026-07-27 13:19:43
web,1 Kin,18,46,10178,136dd0d7505b7b001472062fde50911b0c27f838,2026-07-27 13:19:45
web,1 Kin,19,21,5266,c54a2db33f82157954001cf46cb90b54fd48fb35,2026-07-27 13:19:47
web,1 Kin,20,43,10549,0cc2634b567d85f9e5f5d52205fabd3726af30b8,2026-07-27 13:19:49
web,1 Kin,21,29,6765,22b941f206daab05406838517af2143a880cf1a0,2026-07-27 13:19:51
web,1 Kin,22,53,11496,7aad7fcb24ef1b9927c5d90678a496d312491247,2026-07-27 13:19:52
web,2 Kin,1,18,4561,68b531736a3bb0a95bdcf027e347843184dcf037,2026-07-27 13:19:54
web,2 Kin,2,25,5925,00a68771e51162fcde7fdc29cd4d40a2ecc5db6e,2026-07-27 13:19:56
web,2 Kin,3,27,6381,4ef10bf44488734940a012b8b80f18dc56524c82,2026-07-27 13:19:58
web,2 Kin,4,44,9539,dce0f4bb9528b9e74992a5c56d7931a5a4eea25f,2026-07-27 13:20:00
web,2 Kin,5,27,6832,998fd26aeac430f323cd46920171ce647efff742,2026-07-27 13:20:02
web,2 Kin,6,33,7380,d0a47372dbcdd50b397afb50e863e1b64750f029,2026-07-27 13:20:04
web,2 Kin,7,20,5613,79a1aeb9fb62d605175f63a6c114b1a38965040b,2026-07-27 13:20:05
web,2 Kin,8,29,6952,6864049e9070fc1aa137d7cc2f3829bb4b3d7212,2026-07-27 13:20:07
web,2 Kin,9,37,8631,5a3f3ee5e6550ed44acf25547c0c9b43130fc130,2026-07-27 13:20:09
web,2 Kin,10,36,8804,deb9c8157ebbe87984891c029a353d6f093acce9,2026-07-27 13:20:11
web,2 Kin,11,21,5354,2582cf559ef3fecd3bb4690b7af5f0c151cb248f,2026-07-27 13:20:13
web,2 Kin,12,21,5311,a2af7376f6036b71e8b003d5b70a61d91dc3e43e,2026-07-27 13:20:14
web,2 Kin,13,25,5882,18845314027e513cfbd76d08c5c9d15d7dd4166b,2026-07-27 13:20:16
web,2 Kin,14,29,6746,30bec6f11e7bf54c2f1529bc7e7155e7cecb8aed,2026-07-27 13:20:18
web,2 Kin,15,38,8473,ca856f161f73cccfb495e1583ed127e438400c4e,2026-07-27 13:20:20
web,2 Kin,16,20,5007,d3f0334856047b30f9c2dea27f70e94d595b3f5a,2026-07-27 13:20:22
web,2 Kin,17,41,9705,fdd6752e8ca84dbedaa16a28ea0b22cdc6328272,2026-07-27 13:20:24
web,2 Kin,18,37,8965,c2043d04f0db803473fa08d5de553e60e9295dc0,2026-07-27 13:20:25
web,2 Kin,19,37,8692,c11e41c5be7cce1efbd205903b9d1d8f76ff0479,2026-07-27 13:20:27
web,2 Kin,20,21,4926,b98e328c1ef341713be5abf65b9f9eccce1bc851,2026-07-27 13:20:29
web,2 Kin,21,26,5861,4904559f2a2d33a5471302b4385b4644d34071e8,2026-07-27 13:20:31
web,2 Kin,22,20,5225,750f7f005757ea1876a16256feaeccbe45f6607d,2026-07-27 13:20:33
web,2 Kin,23,37,10322,2d62a3ba7c472cd7de06de627404bcd59135a32c,2026-07-27 13:20:35
web,2 Kin,24,20,4716,65caac2e8b71eaa07abde3a289796dcd342d8ba8,2026-07-27 13:20:36
web,2 Kin,25,30,7419,9a61e9b8f1120d1b05cedd63a5663fe37f25121d,2026-07-27 13:20:38
web,1 Chr,1,54,7812,791fedc31b3fa629d2829caba4563d5609ed7007,2026-07-27 13:20:40
web,1 Chr,2,55,9023,5f478050116ebbbe1b09709ebd152dc922ff5f16,2026-07-27 13:20:42
web,1 Chr,3,24,3883,8b70093694deb58fba0a1f1f6c3c6b9294afe1b8,2026-07-27 13:20:44
web,1 Chr,4,43,7856,ac117c4aa6e45c433a98f652700e97e21906304f,2026-07-27 13:20:45
web,1 Chr,5,26,5512,2992480500cbd900d5fb6b9a35fb7358c905ec18,2026-07-27 13:20:47
web,1 Chr,6,81,13232,2ffa885aa4117d4a89745a83687c12a4c16b9a1f,2026-07-27 13:20:49
web,1 Chr,7,40,7390,9ed6ce0f879934836fa2146aaff43561dd408de0,2026-07-27 13:20:51
web,1 Chr,8,40,5985,a5db2c9b41c6313b7c6b3a6fc8d015a19cfad421,2026-07-27 13:20:53
web,1 Chr,9,44,8612,27b9fd27cf8e71a8b325e182dbaea4984b6104cc,2026-07-27 13:20:54
web,1 Chr,10,14,3124,e0746b843c666e08b97162c1b3ee33bc968b5037,2026-07-27 13:20:56
web,1 Chr,11,47,8639,15e2eee3e0ad73d32f429abe082ccb744440e7d3,2026-07-27 13:20:58
web,1 Chr,12,40,8440,f3f95bb0904a495a74befc0fabee703552f6bd32,2026-07-27 13:21:00
web,1 Chr,13,14,3137,bfc399f1bf464f2e878d750e97593f00b9033cfa,2026-07-27 13:21:02
web,1 Chr,14,17,3267,fda4b9d649c1ae59ddcc64b45d05e652d6462880,2026-07-27 13:21:04
web,1 Chr,15,29,6121,115eb411430def3af451d1cabea0ae3361ff7e03,2026-07-27 13:21:05
web,1 Chr,16,43,7708,eaa120adaa2e82fe66f02fb6c9ef7761c48a6ee8,2026-07-27 13:21:07
web,1 Chr,17,27,5990,b5c17b86d7c289d1671859d1135931064b4819fa,2026-07-27 13:21:09
web,1 Chr,18,17,3649,9b79d9654466c7dba70da06c5cee1358c0eef737,2026-07-27 13:21:11
web,1 Chr,19,19,4804,7316e30b39ac0fe0abc704f9b696cc5ffb85fbd4,2026-07-27 13:21:13
web,1 Chr,20,8,2189,072f9a8d1a19f03a99820df571bc799cc1dae87f,2026-07-27 13:21:14
web,1 Chr,21,30,6887,d3483fc10dbc6f5efd366788e8f61e1012bdb1d3,2026-07-27 13:21:16
web,1 Chr,22,19,4607,95f77d9df2b7ac95feba9c8202e06d2861065999,2026-07-27 13:21:18
web,1 Chr,23,32,6033,b5eae163f9f2afe3c7b6298be4eb4325cc78a119,2026-07-27 13:21:20
web,1 Chr,24,31,5369,ed7dd2a3399e0748c4973ca1d3a3d755e0574f50,2026-07-27 13:21:22
web,1 Chr,25,31,5365,40815b91eceef88b38066a089fc207b442f6205e,2026-07-27 13:21:23
web,1 Chr,26,32,6457,abe04ba860102489e25b843c6f495c34fbe0d54e,2026-07-27 13:21:25
web,1 Chr,27,34,7022,70345f1da1df798cc1249dd9d959e0c229974132,2026-07-27 13:21:27
web,1 Chr,28,21,5951,9fd4a9820e544e3e618fa91267782de9f89375fe,2026-07-27 13:21:29
web,1 Chr,29,30,7467,5f397cb72e1ba7a39e600f09c9a73b108306954a,2026-07-27 13:21:31
web,2 Chr,1,17,4100,0adfd3bd47a413f78939718d891b3e0e11f3998c,2026-07-27 13:21:33
web,2 Chr,2,18,4832,f43a61b40356ac87f91791e8c77730791149ca7a,2026-07-27 13:21:34
web,2 Chr,3,17,3918,5b7e26e56aa47c24889c86438867c9ac0d58ae9e,2026-07-27 13:21:36
web,2 Chr,4,22,4816,55be731dd7c96439f798f90e344b365432b0be9d,2026-07-27 13:21:38
web,2 Chr,5,14,3707,413f5b1a075c640eb5e44602d7a1db40688f3067,2026-07-27 13:21:40
web,2 Chr,6,42,10369,cafb5edd6438f9013619d700fce5e3a644b4c13a,2026-07-27 13:21:42
web,2 Chr,7,22,5603,d76d839309a2a4fd11ac6c7605aea36c3e2da78e,2026-07-27 13:21:44
web,2 Chr,8,18,4343,97f5fa4a9c7faffe2c7b345ff8719b8b69d3b9aa,2026-07-27 13:21:45
web,2 Chr,9,31,6950,669101ecc70fdc439e6726917891cc54c9e79dee,2026-07-27 13:21:47
web,2 Chr,10,19,4429,d35ff754da74bb835ff157ac059fe7a0f9393184,2026-07-27 13:21:49
web,2 Chr,11,23,4477,4c0b0da3293b44625fd7b3d7268047c0399fdb48,2026-07-27 13:21:51
web,2 Chr,12,16,3979,aa0db8a9eb9543f7e7e0d71af2d0c3d094e2d8cf,2026-07-27 13:21:53
web,2 Chr,13,22,5173,562e6cc0ae70bc6a8dff989131a30742e7614172,2026-07-27 13:21:54
web,2 Chr,14,15,3548,d038ebb8a00ce104b2855601c3f6db20c46248d8,2026-07-27 13:21:56
web,2 Chr,15,19,4196,5e5aab11e91e2258fa1447e4dec58270645c2447,2026-07-27 13:21:58
web,2 Chr,16,14,3602,33785cc31f509f318313b4102e5f973af242d24c,2026-07-27 13:22:00
web,2 Chr,17,19,4043,f6b03ec894abbcbb4943466bff51679b66e3cef1,2026-07-27 13:22:02
web,2 Chr,18,34,7800,0bca53e864ba64d9f451fe87f57d3ee5e7682baf,2026-07-27 13:22:03
web,2 Chr,19,11,2830,e9728b2f606c3fab741e8c8ae3b0bb0fbb7c86d3,2026-07-27 13:22:05
web,2 Chr,20,37,8870,23e83bafae76f4de2cbd9f018fa37bcc6bbbaaf4,2026-07-27 13:22:07
web,2 Chr,21,20,4876,03abd91b5c697a822871cd4e5c6f4ba191752e0e,2026-07-27 13:22:09
web,2 Chr,22,12,3334,762a2eb15992ab060e57d3cf841011ca318bd5c9,2026-07-27 13:22:11
web,2 Chr,23,21,5671,0a258f7c940a2cef4841846f979e80458b00c95f,2026-07-27 13:22:13
web,2 Chr,24,27,6858,d64b2f30639a1acc4c736bbb3aeed941ec7b692c,2026-07-27 13:22:15
web,2 Chr,25,28,7167,402ac00dcd33a33809abcbbf42f5dc2b026374d6,2026-07-27 13:22:16
web,2 Chr,26,23,5658,61cad99f5097340ff024a15d0576052e38c7999d,2026-07-27 13:22:18
web,2 Chr,27,9,2113,db4c2890f839c6e13104419d144be1174378a90b,2026-07-27 13:22:20
web,2 Chr,28,27,6795,0051aae948b914ad17ab6667712bf580ac98012c,2026-07-27 13:22:22
web,2 Chr,29,36,8912,93529a00666cc72ff99fa2b91fac582347f26283,2026-07-27 13:22:24
web,2 Chr,30,27,6892,bcd1f399b0c25c4703e4a4cd92e54b65188f9b67,2026-07-27 13:22:25
web,2 Chr,31,21,5892,211959d3af30d85ec3b9dd14502b9a9be8d85947,2026-07-27 13:22:27
web,2 Chr,32,33,8235,e703d84d950656bd314777343274bd75eeddd336,2026-07-27 13:22:29
web,2 Chr,33,25,5995,01ac1c19db6d4f7a2d297afbcd172e7764af7c88,2026-07-27 13:22:31
web,2 Chr,34,33,8803,3121a9c572fc8a8d5aa2c7f85bd384b3e71e8535,2026-07-27 13:22:33
web,2 Chr,35,27,7070,3b07514f672a07da18984991b2f8c8f8212a30cc,2026-07-27 13:22:35
web,2 Chr,36,23,5674,b62265557e393178d733b035551b043371054e64,2026-07-27 13:22:37
web,Ezra,1,11,2887,a43be382e39c9d9d063f5ce96dc675cb6084774d,2026-07-27 13:22:38
web,Ezra,2,70,10459,062d49111f4bc88def8ced55273cee34cb67abab,2026-07-27 13:22:40
web,Ezra,3,13,3945,09aafee154e83484eb56513134a44e4bd8617e9f,2026-07-27 13:22:42
web,Ezra,4,24,5807,2c3af5e963b0c380236e4dd58122c5b8b970072f,2026-07-27 13:22:44
web,Ezra,5,17,4357,46f3620d0a3b44beecf23092af7ddfa80a0e8c02,2026-07-27 13:22:46
web,Ezra,6,22,5785,69dff86c5d8b2daf081679fa3e2f0399be4a5c2f,2026-07-27 13:22:47
web,Ezra,7,28,6450,666b0862bfdff91d5a10821a2f96c945188ac8bd,2026-07-27 13:22:49
web,Ezra,8,36,7609,5fe6f7238355b0515018b6715b8ce1158e53c010,2026-07-27 13:22:51
web,Ezra,9,15,4416,c1e05f4c86dc18e4a5572468a610e56a54363716,2026-07-27 13:22:53
web,Ezra,10,44,8228,0889ead7564d5fcfe97a2087090f934ffedd2836,2026-07-27 13:22:55
web,Neh,1,11,2988,622cd2bc911e470aaf4499967bf4eefb96ab3382,2026-07-27 13:22:56
web,Neh,2,20,4941,6ed7b04f9c24bee44320fe99d965ed961acc5cf7,2026-07-27 13:22:58
web,Neh,3,32,7053,ac60894a5329a3e75ff22c5c42602d1096f9e3f8,2026-07-27 13:23:00
web,Neh,4,23,5259,e797906262e709dc9ed600cf78d3d4ed087e6467,2026-07-27 13:23:02
web,Neh,5,19,4699,b8b2ff4aed861a1d36aaae55eb7b41a2f0b4ae1d,2026-07-27 13:23:04
web,Neh,6,19,4451,4a00886124a0ba7a3c365bd3d9f2c837686cc85e,2026-07-27 13:23:06
web,Neh,7,73,11502,d35cf4becfc1e3610ae86b17ae9733271509c94e,2026-07-27 13:23:07
web,Neh,8,18,4999,4623008b190a7fb72b931ebe486f32de966f2121,2026-07-27 13:23:09
web,Neh,9,38,9906,7a2de7d68fb2f0932b360301880d8b995f452f8c,2026-07-27 13:23:11
web,Neh,10,39,6401,1b67e63d245061f671b951beed7ba109a964604b,2026-07-27 13:23:13
web,Neh,11,36,6739,bf86fc0aabc6e2ed8806cdf4e004beee492438ab,2026-07-27 13:23:15
web,Neh,12,47,8750,fd13f5d247312a619fac23cdd44124da86d82097,2026-07-27 13:23:17
web,Neh,13,31,7347,a29a93ec7529d2cfe88182cea22aa22eb96b158e,2026-07-27 13:23:18
web,Esth,1,22,5470,3223d509d7fc69cdb8e71983f5fb8ebe6778b7a1,2026-07-27 13:23:20
web,Esth,2,23,6008,038e02733456e36fbcfc978269662666c75e7c2c,2026-07-27 13:23:22
web,Esth,3,15,4201,871aa02056ae3ea741d385d69d2e494aa7ab30fc,2026-07-27 13:23:24
web,Esth,4,17,4067,e69a67f5c7697eb9d5847d0d4828c2287b52df7e,2026-07-27 13:23:26
web,Esth,5,14,3594,b59920ea7cc91ca59418cbd508753974915a07e8,2026-07-27 13:23:27
web,Esth,6,14,3590,c3f129e71605acb321ea1489224695d9049aec9a,2026-07-27 13:23:29
web,Esth,7,10,2637,00c04e796c5ae7fc3ea4d78741f02bc6d025cecd,2026-07-27 13:23:31
web,Esth,8,17,4757,b6402a4848b8302bcf68e92e0894a02bba435638,2026-07-27 13:23:33
web,Esth,9,32,7664,aceef0b54be8167634cfb2b936ce2c98cb129033,2026-07-27 13:23:35
web,Esth,10,3,880,051fae20ba7e557e7cf4d47573d7cddc84e4edc4,2026-07-27 13:23:36
web,Job,1,22,4989,06a9542670708a580475eaca283dfb949fb94565,2026-07-27 13:23:38
web,Job,2,13,3012,98f921681bbf40961c48ff785585140d3fd4c397,2026-07-27 13:23:40
web,Job,3,26,4065,de81a8444159400f7e9f3d53e09495a294ae1c73,2026-07-27 13:23:42
web,Job,4,21,3325,04cad172788cb2e6bde29a65957e0eca8f19397e,2026-07-27 13:23:44
web,Job,5,27,4267,8c904811dc272cae4511216b4807e0c2fc75ab3a,2026-07-27 13:23:45
web,Job,6,30,4680,24a6bc604b6a065b19acd1c8dbe59f59c517dfdf,2026-07-27 13:23:47
web,Job,7,21,3460,7f3f5e4e2f6d75e4ed77dab054dc28d1f833d4e6,2026-07-27 13:23:49
web,Job,8,22,3416,0614d241107cfb851b91e5875f4926620f5a0e76,2026-07-27 13:23:51
web,Job,9,35,5181,c645efabfbdc410966f8a71b5c626095c1f35a3f,2026-07-27 13:23:53
web,Job,10,22,3639,19900160e411982a4df4c7b0bf9a2c6983602178,2026-07-27 13:23:55
web,Job,11,20,3254,88921286a319a8f95a8b27460db358ec52d1e40f,2026-07-27 13:23:56
web,Job,12,25,3950,13a9072ed6883af00b638a216c2a500fa7cd656b,2026-07-27 13:23:58
web,Job,13,28,4089,6539e71c34b64e3d1ade95da351c9e3a19589786,2026-07-27 13:24:00
web,Job,14,22,3662,5da7f8d614b697138a7bf11eac812b65cf74d624,2026-07-27 13:24:02
web,Job,15,35,5513,37743330f06a73c736dc34ee0844d0add87f5bc6,2026-07-27 13:24:04
web,Job,16,22,3525,9b9d5c1c7345fcde5297a63a53c92644ad14fb81,2026-07-27 13:24:06
web,Job,17,16,2570,1551c7c767847dfde0898a78d0d1a3f299c0d38a,2026-07-27 13:24:07
web,Job,18,21,3307,42b878063de97165d752b3da8e5449652b3f7124,2026-07-27 13:24:09
web,Job,19,29,4403,791c467466200a3c51158fabaa43d8e73ffb9733,2026-07-27 13:24:11
web,Job,20,29,4772,56b5a9cd598229a23889ddc330d84eef1377a10a,2026-07-27 13:24:13
web,Job,21,34,5092,e67dee4a5476813e3df1558fc791ebd255f748eb,2026-07-27 13:24:15
web,Job,22,30,4683,19ba3f5461a5ef62cade352d18ec630a73047176,2026-07-27 13:24:17
web,Job,23,17,2707,8050c18808716d11f9b38dfe171ebd8ffca7bf4f,2026-07-27 13:24:18
web,Job,24,25,4362,2761c3e2a58db799c386fab5ffdda3c13c90cac2,2026-07-27 13:24:20
web,Job,25,6,993,fc955af8e287629d79f2379ac8acdaf5098aa571,2026-07-27 13:24:22
web,Job,26,14,2243,c0e548f964b75b9ba9e0b7d4e792b40aad46479d,2026-07-27 13:24:24
web,Job,27,23,3634,e227c8da72a24b143008608d78f216c972780cf6,2026-07-27 13:24:26
web,Job,28,28,4349,151350fb7c515c56fd4c1d401ce2da1de73e607d,2026-07-27 13:24:28
web,Job,29,25,3784,bfc2693751ba1d90e1bacffd546339dccca87782,2026-07-27 13:24:29
web,Job,30,31,4863,7822b6a6fb1ebee40d3216bb346602f08446e6bb,2026-07-27 13:24:31
web,Job,31,40,6360,52831100547c4466cd1afa7c58e6422b005a6dc9,2026-07-27 13:24:33
web,Job,32,22,3647,25969483b832ccc7402615d655d2065e8e314402,2026-07-27 13:24:35
web,Job,33,33,5065,02a1a25ee6691974ee9c2475a538aec21b3ab5fb,2026-07-27 13:24:37
web,Job,34,37,5803,06b810e981ce4e7ad2a658f3dd2e1ee29c3fa3ae,2026-07-27 13:24:39
web,Job,35,16,2603,64373b570a0f04870e23aa012fc7d221aceb9ff3,2026-07-27 13:24:40
web,Job,36,33,5124,e2e2d4e37a5a16afe61799cdcf1d2007d59988c9,2026-07-27 13:24:42
web,Job,37,24,3879,7ae66957ad8222cd52d6f27451a259524570fc5e,2026-07-27 13:24:44
web,Job,38,41,6216,b9280c60cd114e8485f95bb684308e7cfb3b487c,2026-07-27 13:24:46
web,Job,39,30,4793,d7f00be0b181e0d714435b94cead3f2341e7e439,2026-07-27 13:24:48
web,Job,40,24,3598,63d6d55c89d3d65e4985533dbebc624e68e07e0a,2026-07-27 13:24:50
web,Job,41,34,5017,fa7e7cd038a3b365fc7e4d3b4dc79d5d74f077e3,2026-07-27 13:24:51
web,Job,42,17,3577,5a396bccbfecc1de1bbb87dd90d2ae3d6ba58d9b,2026-07-27 13:24:53
web,Ps,1,6,1220,5f15e7d4b0c99a33f6c1693c801027744ec899cc,2026-07-27 13:24:55
web,Ps,2,12,2004,2181bb63b346cbf9870f6eace29bd95d9891e922,2026-07-27 13:24:57
web,Ps,3,8,1407,1a1a6c242ef01e7d4404a7c6eee93e6c438707da,2026-07-27 13:24:59
web,Ps,4,8,1485,898904ef63f9a39e877727893c957935c250ac79,2026-07-27 13:25:01
web,Ps,5,12,2257,63f1569ac44615e163c672eb451bfac6c1b4dd11,2026-07-27 13:25:02
web,Ps,6,10,1641,1612b41b3af9fe64841dcb3aae14cec333047626,2026-07-27 13:25:04
web,Ps,7,17,2963,0ec491abbbe07ac7a3b395705a0a833e35f85941,2026-07-27 13:25:06
web,Ps,8,9,1590,937958e6ac037435461c0b1ad96430399f763ec8,2026-07-27 13:25:08
web,Ps,9,20,3353,be988ab3fa77e99a9b4aece1f96dd9064eeebdb6,2026-07-27 13:25:10
web,Ps,10,18,3124,5bb4d9b84695980e541cc8ffb63a4fefa2add116,2026-07-27 13:25:11
web,Ps,11,7,1349,e8319a2d8f69491f802456f06deac738a9bc758b,2026-07-27 13:25:13
web,Ps,12,8,1502,45dcdbdb77da419154cbc86d397935256e05f3f6,2026-07-27 13:25:15
web,Ps,13,6,1107,eb5887ad1bc075f329d2dd4865f98f27f6baf91a,2026-07-27 13:25:17
web,Ps,14,7,1435,1b7f2f8a80578321427506ef345dcffa18b7d06b,2026-07-27 13:25:19
web,Ps,15,5,1059,f0805b4ed6aca25e9367c9065d413dbe9aa8b5cb,2026-07-27 13:25:21
web,Ps,16,11,1938,3f99efc2585fa2aa48d93d9f4603a37a1f1e2c30,2026-07-27 13:25:22
web,Ps,17,15,2671,c04f1d7a049e9116ba39e08fc9cb5c221349dc04,2026-07-27 13:25:24
web,Ps,18,50,8071,d10a2a83e1fbe104016aaf3abdbc08a86824cc61,2026-07-27 13:25:26
web,Ps,19,14,2531,b92180e7fca66f09fb7855ae460c72117296ccb1,2026-07-27 13:25:28
web,Ps,20,9,1540,f84ccb5448e097be3ff3e025dcacc88801a0039f,2026-07-27 13:25:30
web,Ps,21,13,2232,4b98381b1cea3a9fa75b3af90c261998ab979085,2026-07-27 13:25:31
web,Ps,22,31,5077,d1e679cda9b8724bd02261a4d74600ff59ad0657,2026-07-27 13:25:33
web,Ps,23,6,1172,d44ec9dfe0cf218ead837ff00df54f21019143be,2026-07-27 13:25:35
web,Ps,24,10,1723,02a24419909b828e3e24bfeadeac8eedfadabece,2026-07-27 13:25:37
web,Ps,25,22,3358,7b86f2ebe3209a6481ad7ed631ac46a6fc8e8cc7,2026-07-27 13:25:39
web,Ps,26,12,1896,135efa80ad7d3e9c2365337d73122aea2a4f7ff3,2026-07-27 13:25:41
web,Ps,27,14,2723,0b9456e048447bf7d6902ffc86930974227683b0,2026-07-27 13:25:42
web,Ps,28,9,1862,4fd8755546d11c5c17acb221ece700fd068434fb,2026-07-27 13:25:44
web,Ps,29,11,1785,db780ebdaf82068e913bfb491feda4069953bf57,2026-07-27 13:25:46
web,Ps,30,12,2092,3463163e9821bfe896465afd9282934459f76b3d,2026-07-27 13:25:48
web,Ps,31,24,4278,21d891c64bd2e3a9952fe0acc20983870e474ccb,2026-07-27 13:25:50
web,Ps,32,11,2133,f89ff53c4f30262f344f17cb3526052b48346a52,2026-07-27 13:25:52
web,Ps,33,22,3400,ec3bc85dcc7585474dd679984ba3d971fce54228,2026-07-27 13:25:53
web,Ps,34,22,3347,900fd37fee2d1b410946eab5ded4b63b5f8999c3,2026-07-27 13:25:55
web,Ps,35,28,4925,9ca9ef30a3a5888cb8d47f97da3c0cee81a52c66,2026-07-27 13:25:57
web,Ps,36,12,2166,4c5d62295f3856482363b9de455a5d2d5c9a0284,2026-07-27 13:25:59
web,Ps,37,40,6381,5be6e9aa1313692ebaa4eb369c2b61d52bd5610f,2026-07-27 13:26:01
web,Ps,38,22,3349,d3fd2558bcfbfa94d420551c3d646453214c8968,2026-07-27 13:26:02
web,Ps,39,13,2317,88b96328b160d661011056ac61f42202952b4961,2026-07-27 13:26:04
web,Ps,40,17,3375,41987f9a442a2e5936dd01ab7493ef5b63f42e1c,2026-07-27 13:26:06
web,Ps,41,13,2240,549d82a8eefbc5fb6362248212fdf2eedc3fac59,2026-07-27 13:26:08
web,Ps,42,11,2271,0a5b39e5441e11f5685c8904aef47c0933fbb856,2026-07-27 13:26:10
web,Ps,43,5,1125,653841c2b1abd651ba2c3a10fdb01f2e1d29522c,2026-07-27 13:26:12
web,Ps,44,26,4201,280db919f88be5b3555afdf84c57e25d077dd17e,2026-07-27 13:26:13
web,Ps,45,17,3058,4b4a6ff526cc850fe8b85824a410baa70d40b4c6,2026-07-27 13:26:15
web,Ps,46,11,1914,1b4b742acad36356a794a3752a52a1b83d96ea45,2026-07-27 13:26:17
web,Ps,47,9,1491,4fde0becb491f227051afd84950e7275630622e6,2026-07-27 13:26:19
web,Ps,48,14,2269,2702aabcb114facbb7fa0ddeff4490fcca599134,2026-07-27 13:26:21
web,Ps,49,20,3276,e211bac431a61866a43ab25aaa8961b841195b66,2026-07-27 13:26:23
web,Ps,50,23,3698,a7100e1f203a6a2dd233be80345a3f9817895036,2026-07-27 13:26:25
web,Ps,51,19,3144,6634404703e0451a26d730ae7e61f6465af8deda,2026-07-27 13:26:26
web,Ps,52,9,1679,a60dc51aae5d693f9581f3bc4e785770854f12f0,2026-07-27 13:26:28
web,Ps,53,6,1392,4bf5c1e9a6e8ffea40e056c8bf62e0dafdef2fa0,2026-07-27 13:26:30
web,Ps,54,7,1215,5cf761a1fb45747abb97f141f87a6ba5dda61c14,2026-07-27 13:26:32
web,Ps,55,23,3882,cf4abe8f481f258d183a47caacc67443a4ca4f87,2026-07-27 13:26:34
web,Ps,56,13,2127,1db73f081be3035bd16a8684a8aa7be92a5e7df5,2026-07-27 13:26:35
web,Ps,57,11,2078,1b52f41e5cada428620ecb73a101b131753ff513,2026-07-27 13:26:37
web,Ps,58,11,2009,491708638fa5e121abc07539bc9cf764e6b9384d,2026-07-27 13:26:39
web,Ps,59,17,3027,599b287a788497e9fda91f6674568baca445144c,2026-07-27 13:26:41
web,Ps,60,12,2036,4b6e15d91678349733a3b2a681d0e2b23ade199f,2026-07-27 13:26:43
web,Ps,61,8,1397,0ca760768d6789b31ef3bb528094e6f90568c0e5,2026-07-27 13:26:45
web,Ps,62,12,2145,1dfa01d835b1dd42ee90951bdd0a84bc87696708,2026-07-27 13:26:46
web,Ps,63,11,1891,a35ec5fb4295d10bb434e8066012324e1afa4152,2026-07-27 13:26:48
web,Ps,64,10,1766,9bffe772e388914547fcb657bc2703de91c6203a,2026-07-27 13:26:50
web,Ps,65,13,2364,eb19b0fef5e64674780359764e45115b571d35ac,2026-07-27 13:26:52
web,Ps,66,20,3147,ef1e84a7be050b3c097734bf1fb5c2a2f2c33ae7,2026-07-27 13:26:54
web,Ps,67,7,1207,5e3445e1ea8cc680b14efa58a6cfc0d0f960d3cd,2026-07-27 13:26:56
web,Ps,68,35,6120,7eb504b7b47d0f0d0d3ceda79b54c7708a53a5a7,2026-07-27 13:26:57
web,Ps,69,36,5859,a2c349e2e6257776f052cc88c99474195e8b9bf9,2026-07-27 13:26:59
web,Ps,70,5,1004,08e1c389357651735af95659b996d0d6e9880fc1,2026-07-27 13:27:01
web,Ps,71,24,3996,09ff651a9b3ea5555e970cb58ab3712ef1c073e7,2026-07-27 13:27:03
web,Ps,72,20,3392,c28ee023a4103023ab6d030cd1137c2632de1f87,2026-07-27 13:27:05
web,Ps,73,28,4198,a6f2a3b4abe0840c71a4cd4b4176a9eea25dd0d2,2026-07-27 13:27:06
web,Ps,74,23,3871,acf8330927a33681e781fd89a6ff744224d99149,2026-07-27 13:27:08
web,Ps,75,10,1730,39792065201a08410e5fe7317ea44491ea35b933,2026-07-27 13:27:10
web,Ps,76,12,1957,625b934633e3aef905452018962f49de947d52aa,2026-07-27 13:27:12
web,Ps,77,20,3188,31a9ec5e564625a51ae24df00c723773e19486a0,2026-07-27 13:27:14
web,Ps,78,72,11356,a1f454d8c8c2b5f082b71110b5ebef74a26834fd,2026-07-27 13:27:15
web,Ps,79,13,2520,27c8da90fd9d201db2b92e919802a8456290005e,2026-07-27 13:27:17
web,Ps,80,19,3007,e7427ba4e1e9e9aee40ed3bb6c19533956f7f320,2026-07-27 13:27:19
web,Ps,81,16,2674,1d824317dbb5bc544a34d5e4e50a8d4f8ddefa70,2026-07-27 13:27:21
web,Ps,82,8,1361,af861a878c409b3fcdc23911de55af1e4a269075,2026-07-27 13:27:23
web,Ps,83,18,2777,e64c426777421101fd18553886b72ce4c36556c1,2026-07-27 13:27:25
web,Ps,84,12,2134,b1ca8a194a53fbc3ac2fed6178d1a090ab2e7ff3,2026-07-27 13:27:26
web,Ps,85,13,2113,bc4cde83a17c89aa0ffcb57cfa9b13a83b96132d,2026-07-27 13:27:28
web,Ps,86,17,2834,0468cae8ab2876b1f38d7033ed5ff2bc242b1dcf,2026-07-27 13:27:30
web,Ps,87,7,1241,a3c89f8e9309595d8d5f6b2e3f8201c45856e530,2026-07-27 13:27:32
web,Ps,88,18,2852,c4af27a2df787da2c845b970be2f63d39cbcc2d8,2026-07-27 13:27:34
web,Ps,89,52,8087,6dd4c18f4832fb9e36b9b2796cc8fe78ebbf71b3,2026-07-27 13:27:36
web,Ps,90,17,2848,09f3bcfc0175ff89986c1f7b5e117eec577b4aba,2026-07-27 13:27:37
web,Ps,91,16,2701,b77870b1ac7c1ddbe32f9698c7a0c5f75cc8681a,2026-07-27 13:27:39
web,Ps,92,15,2435,80bd0f715124c76d058fd559fd64a6a49fac4191,2026-07-27 13:27:41
web,Ps,93,5,996,4ae80ceba93bfdab732a0e513e3d90df6dbde5f4,2026-07-27 13:27:43
web,Ps,94,23,3515,b2d66dc68d84d97e1f8396a5c0b184fad6fb5986,2026-07-27 13:27:45
web,Ps,95,11,1827,03454d70cd2924bced16a6fd78d57587c9ce3078,2026-07-27 13:27:46
web,Ps,96,13,2182,853f4d2786cc36056815e465016981845b78e7d0,2026-07-27 13:27:48
web,Ps,97,12,2018,60436b05306f6f359230423b8c979ff3a2466a7d,2026-07-27 13:27:50
web,Ps,98,9,1711,5d053467d66f1fac74ed36987440d824db06cd01,2026-07-27 13:27:52
web,Ps,99,9,1601,518218d75fbc998fcb42db008dbbd9976dc1afb5,2026-07-27 13:27:54
web,Ps,100,5,963,eaafc7c49636adc297a8f1142131cfdb452b6dfb,2026-07-27 13:27:55
web,Ps,101,8,1580,6cd2e373c9715546584bc2c7ddcb7380569b97f4,2026-07-27 13:27:57
web,Ps,102,28,4347,c3b1e226b340305cc08d1eadb99f9c0758cfa13e,2026-07-27 13:27:59
web,Ps,103,22,3487,27ebe952aa7e04385ab95127755aec2d2e8b49b0,2026-07-27 13:28:01
web,Ps,104,35,5492,11f153439fa9ace888e8f035a449d51a80d4f915,2026-07-27 13:28:03
web,Ps,105,45,6478,e0f53ffc8e0a407036e3bf5abf71d2462feaba9e,2026-07-27 13:28:05
web,Ps,106,48,7522,b5da42f1835bd26f9cf2b1cd8e9f1127eb43c4b1,2026-07-27 13:28:06
web,Ps,107,43,6612,3d7c4636a688ab3639dcdc2d477676fae504cb6c,2026-07-27 13:28:08
web,Ps,108,13,2095,03d8508f2853d9061532ecdab7ac1c200d2f3496,2026-07-27 13:28:10
web,Ps,109,31,4924,333e026070f94f9ce3e161cc7ffb6fe12b6a6130,2026-07-27 13:28:12
web,Ps,110,7,1376,c3920bd563cdb00df43b682a34a215024ea069bd,2026-07-27 13:28:14
web,Ps,111,10,1758,6e7282aaff2ade078e3b95a34782a4c36be3cfdf,2026-07-27 13:28:16
web,Ps,112,10,1770,c1e9799a6419feb730740094ff89f39efdc80c1c,2026-07-27 13:28:17
web,Ps,113,9,1430,515953cfb8d858e2438d92d7456715705634fe8e,2026-07-27 13:28:19
web,Ps,114,8,1293,b91839ee77076a9f36319d47e4f5112f6593ccd1,2026-07-27 13:28:21
web,Ps,115,18,2747,021baf54381fabb3e5398029a99db738d64b38b5,2026-07-27 13:28:23
web,Ps,116,19,2845,db87a6f5547315579da9158102f0f9a7693f9712,2026-07-27 13:28:25
web,Ps,117,2,491,aeb5d33003380d6974a42879037d93bb414200d6,2026-07-27 13:28:26
web,Ps,118,29,4389,34fe6ffa4648927d02afb595bc99d84cf2b77062,2026-07-27 13:28:28
web,Ps,119,176,24854,4b830f5ad9511275172a4cec4b7d0d5ecdf16976,2026-07-27 13:28:30
web,Ps,120,7,1109,7ecf7bdc3b05919fa193e2727e5a7890d510d4c6,2026-07-27 13:28:32
web,Ps,121,8,1259,37e2021d01cf57e4547d6175d0375d8f35bff4eb,2026-07-27 13:28:34
web,Ps,122,9,1441,ba61ee696951049437486d83c3384be12eddb866,2026-07-27 13:28:36
web,Ps,123,4,891,2f15267083e781ee07bc916dc9393ac7a99389ba,2026-07-27 13:28:37
web,Ps,124,8,1325,57f431ebc10c6062b511dacb0480bf0662d1c04d,2026-07-27 13:28:39
web,Ps,125,5,1077,5113ad34f8be0ed46fb7eaa57006cab07622ae84,2026-07-27 13:28:41
web,Ps,126,6,1100,456e46073b596f7e82e323f45511c293862709b5,2026-07-27 13:28:43
web,Ps,127,5,1062,14418fd0d471c9ea16accd24f500133e9aa38582,2026-07-27 13:28:45
web,Ps,128,6,1093,e4735cf18e4b1ae27629e2ec07cf3b63777987fb,2026-07-27 13:28:47
web,Ps,129,8,1355,fde047de2f75b46b07f1b56590e99e2c4209b274,2026-07-27 13:28:48
web,Ps,130,8,1275,6b79023e67d4e744a53a8977019d6b7382c5fece,2026-07-27 13:28:50
web,Ps,131,3,713,873f4f449ceaf35e01dee48afd1760f8894cd92f,2026-07-27 13:28:52
web,Ps,132,18,2828,02b445a2d8f3ea92af9374f4094b323979e5be20,2026-07-27 13:28:54
web,Ps,133,3,733,efd436e9877ec6a28b9e63fb16c3bd98157c178f,2026-07-27 13:28:56
web,Ps,134,3,606,28870a87e5ed222677a8dea55c376db9d7ce7fa9,2026-07-27 13:28:57
web,Ps,135,21,3212,7330302f1d532f21566c1e4640b95dc31aa7f8c7,2026-07-27 13:28:59
web,Ps,136,26,3993,f14cfe756f6b6a2b9e2f5a3b01949e0de927a4eb,2026-07-27 13:29:01
web,Ps,137,9,1612,334900a388bd6510f2a196da501e15feac4754ae,2026-07-27 13:29:03
web,Ps,138,8,1635,f50054b4d215985e895310993d3b570580dbb732,2026-07-27 13:29:05
web,Ps,139,24,3785,b46f9e044192a442feacb19ddcca1173fec28f53,2026-07-27 13:29:07
web,Ps,140,13,2344,c2eeeeebd3176101c73e62f4ed776d554b73b998,2026-07-27 13:29:08
web,Ps,141,10,1888,09eab6286cc5866995d92e7a22c3af2500b5f09b,2026-07-27 13:29:10
web,Ps,142,7,1376,b537298f340982d2e21aa20f26369a9576c95db4,2026-07-27 13:29:12
web,Ps,143,12,2262,2b24e574c56f0e6615bd88d2f0ea517aa81eeaf2,2026-07-27 13:29:14
web,Ps,144,15,2661,629c330e78fb8ff7f0bb0ce8d2b0492f1d4da82c,2026-07-27 13:29:16
web,Ps,145,21,3256,745c509d091ff9dd0e241a53aab410f8fdbb214a,2026-07-27 13:29:18
web,Ps,146,10,1728,e26abc2906236c2027ddbc131b7f3c2d5588c4eb,2026-07-27 13:29:19
web,Ps,147,20,3060,49c42a2aad379aca2f3f367715d33e9c6daa372f,2026-07-27 13:29:21
web,Ps,148,14,2203,ab83847e88a516611f73bbab3f99f20e35ec64b2,2026-07-27 13:29:23
web,Ps,149,9,1527,a73e7f352479b086db4c40dde7dc2c2e900502e8,2026-07-27 13:29:25
web,Ps,150,6,1055,358cb78b5c5e2ede15b98beb7fd9e95df28f752c,2026-07-27 13:29:27
web,Prov,1,33,5164,359e44006ff3948ee0df3e9717d3006950d34758,2026-07-27 13:29:29
web,Prov,2,22,3323,f3ddb9f8d170749f4ced074c36849de32893c523,2026-07-27 13:29:30
web,Prov,3,35,5310,4e17bb1096a41ca3c54806d98e39f22efd4b3f66,2026-07-27 13:29:32
web,Prov,4,27,4134,fb00c1b053491cd440f5337420a106126183dcd4,2026-07-27 13:29:34
web,Prov,5,23,3543,058a21096cff9c9f2389967b2aed14097da83545,2026-07-27 13:29:36
web,Prov,6,35,5455,c1f4112a4daa06bdb5031a03a6ec341eda77ff81,2026-07-27 13:29:38
web,Prov,7,27,4120,92d62cb0a5f7fba9d531dbfaa4f39c041a2b9665,2026-07-27 13:29:39
web,Prov,8,36,5459,151959929584b47fcff269466263a02112791030,2026-07-27 13:29:41
web,Prov,9,18,2857,52a7f15a95ccc989fa6362cd9fe1abce3ca38526,2026-07-27 13:29:43
web,Prov,10,32,5156,791620ab28d2c0b0410ee9571f7160b8df6b6ea6,2026-07-27 13:29:45
web,Prov,11,31,5183,894240f63c153bcf025ebe10dbae99bac25a848d,2026-07-27 13:29:47
web,Prov,12,28,4570,e5a5cbc001a469ddb4d604ce7259284366b97577,2026-07-27 13:29:49
web,Prov,13,25,4027,f2468782ffb1a606a1811442e2e764c01dea6b0a,2026-07-27 13:29:50
web,Prov,14,35,5546,95cec345c8b84949cd3e238603fb7c20e88020af,2026-07-27 13:29:52
web,Prov,15,33,5199,570714c64c07269ac0e635912a227b0ed75e3cfe,2026-07-27 13:29:54
web,Prov,16,33,5141,d3aaa2ef653e8eec2b39b5923b83452d39074602,2026-07-27 13:29:56
web,Prov,17,28,4611,1df31581bd02e8b26165fcd909e818ea80bcf64f,2026-07-27 13:29:58
web,Prov,18,24,3742,a9d715950ba6367fa5c4870309e9e01240924ce8,2026-07-27 13:30:00
web,Prov,19,29,4707,7512dd30890a00ceb5304eb3a094d31555f9622e,2026-07-27 13:30:01
web,Prov,20,30,4771,dc1bde2bc801f214bf70af711e49ec099fd14acd,2026-07-27 13:30:03
web,Prov,21,31,4918,70d74e2bde8d1ab71367b42b6f62b4417b6d0a04,2026-07-27 13:30:05
web,Prov,22,29,4540,a335c71b190328aa1689a4cd441244e3e1da18c7,2026-07-27 13:30:07
web,Prov,23,35,5404,1f49b343dcd36ac964e23f117b25189885440418,2026-07-27 13:30:09
web,Prov,24,34,5406,92511066fda91813176e6a98b0a306aa75147fda,2026-07-27 13:30:10
web,Prov,25,28,4659,4572979a756330912f98878ea46d3bbbb4a566b3,2026-07-27 13:30:12
web,Prov,26,28,4391,aa62b1d8df85398efb3a1c13c1e5e79261e215fe,2026-07-27 13:30:14
web,Prov,27,27,4366,c9a09a7ecdda7aa9aa5cf4dab750a218f36e37de,2026-07-27 13:30:16
web,Prov,28,28,4654,a1f63c97308b5050282e088bd2037d1c4ac1f325,2026-07-27 13:30:18
web,Prov,29,27,4259,b863aa228fec7659fa9d962dda83360fd287ed67,2026-07-27 13:30:20
web,Prov,30,33,5685,a1e61ccb40acc9e91323f11f352f0ff7756c9d21,2026-07-27 13:30:21
web,Prov,31,31,4673,9ffb771c0d16d41b791e86ec0098f22c9e42e699,2026-07-27 13:30:23
web,Eccl,1,18,3360,06d91b7339aba0a491270924e0d7ce9d6571f9f7,2026-07-27 13:30:25
web,Eccl,2,26,5565,ce1146a1ce99bbe0258ef96c43d5480d356a4eb3,2026-07-27 13:30:27
web,Eccl,3,22,4146,34f0300f03c05366e5505ecf8dedb356a0b55eca,2026-07-27 13:30:29
web,Eccl,4,16,3152,014ccade4a2089dd882afd203afa9a7daa9467de,2026-07-27 13:30:30
web,Eccl,5,20,4147,c87e2d82661d8f68a136ae4a96b455adeb437648,2026-07-27 13:30:32
web,Eccl,6,12,2450,beaffa8056a2d63a38289c9e122356ddfb0ec615,2026-07-27 13:30:34
web,Eccl,7,29,5240,6f05b73dc570e24f9db65dc52adebc6bec621e61,2026-07-27 13:30:36
web,Eccl,8,17,3800,1ce01e9f8e8c157981f44b1c9c7e7174cee212bb,2026-07-27 13:30:38
web,Eccl,9,18,4118,c5e02e4c217c8a712d04dba22f28a4a660be5dfd,2026-07-27 13:30:40
web,Eccl,10,20,3586,2eac108b0784face9175b40dc5d2d136bc0a9428,2026-07-27 13:30:41
web,Eccl,11,10,2233,13fe37eb6e552ed1f9cbe291589e26d82366a901,2026-07-27 13:30:43
web,Eccl,12,14,3064,26b1609fda58b80eedb2d63b9e2796cdb3b00bcc,2026-07-27 13:30:45
web,Song,1,17,3024,1ea6ea6b99f33a9c593a92bb14f0804819f36b96,2026-07-27 13:30:47
web,Song,2,17,3091,e3bef0a851915393abc20de4b8e9eb0cedee3698,2026-07-27 13:30:49
web,Song,3,11,2346,60af586fa2ad3d70ea27d64e746c10991f0c2a81,2026-07-27 13:30:50
web,Song,4,16,3245,7e40cd0b6dcd7bf978a622da9e8e8b089d62a8d5,2026-07-27 13:30:52
web,Song,5,16,3277,6b47c1d2be7a7a9e8bc2672d25c8a729fdda953f,2026-07-27 13:30:54
web,Song,6,13,2584,90d0836f7ad5854b67bdcdee616a26423229ba11,2026-07-27 13:30:56
web,Song,7,13,2529,ef17505664c772bef206fa307ae0d95b6ae2c976,2026-07-27 13:30:58
web,Song,8,14,2891,37dbedd2cabccc0f7caa9475ce0e7aacb1dd37d8,2026-07-27 13:31:00
web,Is,1,31,6176,3f8bf2eb9c8c2b4444a7cfdc6a560dbda906f9a5,2026-07-27 13:31:01
web,Is,2,22,4478,3f450ed425d1450e9ca957476873ce4a34a14f1a,2026-07-27 13:31:03
web,Is,3,26,4815,80e3e251ffd45a74fd88aa22ffbf9aa27127cbf4,2026-07-27 13:31:05
web,Is,4,6,1573,8cb89334cb7c235978dc726f63b1e74f0d922153,2026-07-27 13:31:07
web,Is,5,30,6494,a1ce5e128e2ba000e6ce20e7a6f8503dc78ca286,2026-07-27 13:31:09
web,Is,6,13,2823,2bdf3c5f396d813fbd7e12cc8b8db3d8ac974fd6,2026-07-27 13:31:11
web,Is,7,25,5214,41e85d872f5ce27c16d7924b89372acdd50988e0,2026-07-27 13:31:12
web,Is,8,22,4403,15ba47535078c1886604885488a4ed84e27db7d0,2026-07-27 13:31:14
web,Is,9,21,4711,8c180f9576b9c89b5e1f5e5cbe4c2da97ac17220,2026-07-27 13:31:16
web,Is,10,34,7052,542bbf0efac4168dbe2208aebbf9b814973617d6,2026-07-27 13:31:18
web,Is,11,16,3754,84789fab050d941852c9d8afd2d2b60a8325e614,2026-07-27 13:31:20
web,Is,12,6,1275,8807149247e05fba4fb3a3098db95383cc9ba203,2026-07-27 13:31:21
web,Is,13,22,4543,aff4e827516671576fd01a0f0e1c597cb8d3ce43,2026-07-27 13:31:23
web,Is,14,32,6576,e1e7c2644ec60de105c12de193612c9c998d95b9,2026-07-27 13:31:25
web,Is,15,9,2071,7792abea293e6a6f7d2d7f94373c4f6e704598f3,2026-07-27 13:31:27
web,Is,16,14,3284,48efc54e4e8e198d5eeceeca54732efe0831bcdd,2026-07-27 13:31:29
web,Is,17,14,3287,7a4e3b17c047f1ef87c14d826b04ff1ac2201d61,2026-07-27 13:31:30
web,Is,18,7,1973,b0007b2840f260e64755ba819e5f80231f1b098c,2026-07-27 13:31:32
web,Is,19,25,5423,f2f5f89b8ea29bf0ffa1495bed19293be7615631,2026-07-27 13:31:34
web,Is,20,6,1512,fb28b3a28aeeb6fd9214269de4096b6c070c2325,2026-07-27 13:31:36
web,Is,21,17,3434,61c4549f7ae295669820f4ee674ae5efda929766,2026-07-27 13:31:38
web,Is,22,25,5159,e0ba0f9bce5ebe898a6a7585ce31e3a93a2c045b,2026-07-27 13:31:40
web,Is,23,18,3803,b4869f9b6707c074c9a3d1d61386c2ad27714b4b,2026-07-27 13:31:41
web,Is,24,23,4670,9e6af39b1bab53db9b4c313d0ad29d0f672c3bc4,2026-07-27 13:31:43
web,Is,25,12,2807,7576e5494d0eb608ff9528327b6e54a54d728789,2026-07-27 13:31:45
web,Is,26,21,4304,97f20f1340bd2d66320f7b47a4b4da7a82caeebf,2026-07-27 13:31:47
web,Is,27,13,3085,2364646377f4e9b2ddf3f7841c3161dec0604ea0,2026-07-27 13:31:49
web,Is,28,29,6176,d9ea0c78b80809d2cfd90b333af3ba45dfebc775,2026-07-27 13:31:50
web,Is,29,24,5596,c883b44b44f5d136b9eaa2101f349b606b85a66b,2026-07-27 13:31:52
web,Is,30,33,7616,f7d56be5a44c59d5b49cea427ee442b99605a1de,2026-07-27 13:31:54
web,Is,31,9,2409,bfa11f3dc17626b3a63882ac1f34f48a8e12cfbc,2026-07-27 13:31:56
web,Is,32,20,3762,e4531426601865f4c5af4932ff5dd78758f0369e,2026-07-27 13:31:58
web,Is,33,24,4885,5ba80b78171d98b5fb8fe408e3bafd1c87138e81,2026-07-27 13:32:00
web,Is,34,17,3858,b230a309661644b5eb36c02ee12d87b8df218519,2026-07-27 13:32:01
web,Is,35,10,2285,18f9bfc94ab964c3a53bb0254d70c3ccd91e29ae,2026-07-27 13:32:03
web,Is,36,22,5108,6e7dad5b0ee4f8498e729a3b19d9c67a28263252,2026-07-27 13:32:05
web,Is,37,38,8430,76a8fb60c944275506918f97739f88e2990e5ce0,2026-07-27 13:32:07
web,Is,38,22,4467,65048c6ceac1471752dd8e0b59d7c5defcee5b5d,2026-07-27 13:32:09
web,Is,39,8,2103,daebc791909a7bc28b28eaf2bb7411d06c937768,2026-07-27 13:32:10
web,Is,40,31,6357,0e8c9df57e1d0ccc5c5b981846426fae6c9da527,2026-07-27 13:32:12
web,Is,41,29,6253,7697d4703e7909eab2c48267c501285b1bb1fbef,2026-07-27 13:32:14
web,Is,42,25,5222,7f36136e1fa7eb38d5b3d670e597f04aea8f8ebf,2026-07-27 13:32:16
web,Is,43,28,5665,a8ad70de3038821e6092c43815052cf20a67929a,2026-07-27 13:32:18
web,Is,44,28,6535,34e28edb4986da833f51f75c6861323b1ef30583,2026-07-27 13:32:20
web,Is,45,25,5820,461727e5a31b3b39665edfc82c5676b1db9c0383,2026-07-27 13:32:21
web,Is,46,13,2759,3b2d42752b5a3fb8d40e54df29c38ed089574412,2026-07-27 13:32:23
web,Is,47,15,3642,e0dd7652e7a0ce596dc1a0bfa1e4509afcdeb8b6,2026-07-27 13:32:25
web,Is,48,22,4718,c7a590169baaa3e9d8c357d7aa8592cba59f1652,2026-07-27 13:32:27
web,Is,49,26,6272,cdefe7afbb7c41aeae13d6df68ff70bad5756285,2026-07-27 13:32:29
web,Is,50,11,2780,35afd52a6c7fd3e9a3f069938521f84d4fa1863e,2026-07-27 13:32:30
web,Is,51,23,5530,c422e828e34c57ca5f72349ef1212f1d7008e290,2026-07-27 13:32:32
web,Is,52,15,3327,80e994d23dfa35e817e94d876c538203ea5b9057,2026-07-27 13:32:34
web,Is,53,12,2992,4954dce33a69f8cc15fecdc4b03137e45f11f515,2026-07-27 13:32:36
web,Is,54,17,3898,d7e361e7c31b3f8bd925f16592a0c0701a481b55,2026-07-27 13:32:38
web,Is,55,13,3036,aae19dd027968fbe9c027401f5d3b1b5ba2c0a2e,2026-07-27 13:32:39
web,Is,56,12,2832,d7cb1c4d3939229027c5bb52950d69098ffd9b2c,2026-07-27 13:32:41
web,Is,57,21,4493,49db08a52e632215129c8dc9ef90eef1a9fbfc44,2026-07-27 13:32:43
web,Is,58,14,3785,edcb72fe85eea5f9a87db5ce218d6bb31d9f95fa,2026-07-27 13:32:45
web,Is,59,21,4747,eb7f6feeac81343c7ce0994ec969432867c6846b,2026-07-27 13:32:47
web,Is,60,22,5044,7069033f449b342bd5c090856b3d9c35353d6208,2026-07-27 13:32:48
web,Is,61,11,2941,3b4ce59a210362ce706e00a3806c1350dc2b7550,2026-07-27 13:32:50
web,Is,62,12,2783,90ebe6eb9e1b1adbe16e3ee380614a0d276e6d8f,2026-07-27 13:32:52
web,Is,63,19,4295,55edc1198c86a6e965f3b46c0d3a4967962ebf18,2026-07-27 13:32:54
web,Is,64,12,2580,25a7b42310f2bc17fa9a766d5572c2d214fbf136,2026-07-27 13:32:56
web,Is,65,25,5655,3b09d9f5ad767914ffb2794b98e40c34b7509d7b,2026-07-27 13:32:58
web,Is,66,24,5941,7b1d7a6a1b8a6d919ebbd246ba507cda3bd5f5e5,2026-07-27 13:32:59
web,Jer,1,19,4037,bf636dc4c794637bad27405ccb1a2efe350c7a55,2026-07-27 13:33:01
web,Jer,2,37,7955,8b24bdebc0406a893899979fdcd13b9d168b381f,2026-07-27 13:33:03
web,Jer,3,25,6061,2bd48a5395892501217e26453a919aaf0258c5d3,2026-07-27 13:33:05
web,Jer,4,31,6741,62213de90a68a2a3d1e759c87f30d49cf085a39f,2026-07-27 13:33:07
web,Jer,5,31,6690,0c85161b75368093a12e78f8c71fb21f588a4f8e,2026-07-27 13:33:09
web,Jer,6,30,6543,b1d14ebc55061b85d6eac76030d2390887d4c4b2,2026-07-27 13:33:10
web,Jer,7,34,7401,26b385d87f506f10134cc3118535fc2b49b7164c,2026-07-27 13:33:12
web,Jer,8,22,5260,a592a1972cf124eaac314013b27765168cd953e8,2026-07-27 13:33:14
web,Jer,9,26,6000,b83612a1f7bc73e48f8718c05c2ab171f1020419,2026-07-27 13:33:16
web,Jer,10,25,5309,0ec5ebdc707a523cfbccf850c1ed5655b72d4e1a,2026-07-27 13:33:18
web,Jer,11,23,5505,51ebb263cc8bb279651647a14814cb9299bf74d1,2026-07-27 13:33:19
web,Jer,12,17,4172,b7e734d95f9641a7e20d8235d26747ca386baf23,2026-07-27 13:33:21
web,Jer,13,27,5766,6a2880773d4cf4da6073c662620f88031c919009,2026-07-27 13:33:23
web,Jer,14,22,5242,cc9ee96a6322b4810a36d8da20cde58478572c40,2026-07-27 13:33:25
web,Jer,15,21,5066,6f107f86ea3d28c5a7349ad252892f94ed17383d,2026-07-27 13:33:27
web,Jer,16,21,5259,2a160d4f6af7e26289de48ea3ea029301822d89c,2026-07-27 13:33:29
web,Jer,17,27,6257,f536bac5248e4047c8ca79cef9e2f67e23893be8,2026-07-27 13:33:30
web,Jer,18,23,4994,1934560a2b9495c4212869934f09a71064bf61cc,2026-07-27 13:33:32
web,Jer,19,15,3948,4b4905eb933677b85cfda91591d50558e9ea9681,2026-07-27 13:33:34
web,Jer,20,18,4472,65e2a6d4bbde83081dfb3cb3eb06678aec877c50,2026-07-27 13:33:36
web,Jer,21,14,3621,bb90dde888242c4c1d8f33f07e640be20d80278c,2026-07-27 13:33:38
web,Jer,22,30,6516,c757c94c4029954ee4e17164a241ea8bbe267cdb,2026-07-27 13:33:39
web,Jer,23,40,8853,ba989b1d1b69f95c46eca9c57386897522fbf9b7,2026-07-27 13:33:41
web,Jer,24,10,2590,53f0d2d6b018626f9c40fff4f846a975d0efb5f4,2026-07-27 13:33:43
web,Jer,25,38,8583,158699748a68888512069b9f0feaebe2b6bfc39b,2026-07-27 13:33:45
web,Jer,26,24,5785,bb5f8fec228da5dcafde7fa1754d07bb3fda83b7,2026-07-27 13:33:47
web,Jer,27,22,5559,1042754a79ba7e6c3384fd1e39825386bdeaf698,2026-07-27 13:33:49
web,Jer,28,17,4077,bbb3a54d9eeee78640819c7c766f01009d1b2a68,2026-07-27 13:33:50
web,Jer,29,32,7563,41fa052ac1bbce3290927ab578b487880be31ed1,2026-07-27 13:33:52
web,Jer,30,24,5424,a14d1b15c0f653da30a9396b1ebc073ed87d8983,2026-07-27 13:33:54
web,Jer,31,40,9378,a01768d7b801b9b962e4281c6ed0363026d72833,2026-07-27 13:33:56
web,Jer,32,44,10407,886276e59462b7fb5c866e6048e40603d1fc5caa,2026-07-27 13:33:58
web,Jer,33,26,6262,7fdd4ada90b1c6c7b252bf10c7e2c9805e08c734,2026-07-27 13:33:59
web,Jer,34,22,5987,33de36bf4f951ecada182dabc26947b69889ce8f,2026-07-27 13:34:01
web,Jer,35,19,4823,eba3e7fcb3e6d9bfaa82a50af929b859a37ff62d,2026-07-27 13:34:03
web,Jer,36,32,7899,160255b57c160ebf1b264bef6e46ce2ca12d6639,2026-07-27 13:34:05
web,Jer,37,21,4819,78ed096e11a97557fc9a5fe6c850073454479469,2026-07-27 13:34:07
web,Jer,38,28,6962,94769526bce185c2b772590a3f2d3cda59403971,2026-07-27 13:34:08
web,Jer,39,18,4282,903759439f7e33179e5b4a2b211a53bbe5547865,2026-07-27 13:34:10
web,Jer,40,16,4722,d13d6e2169106f7073dd1926b4e78ba4ad28be00,2026-07-27 13:34:12
web,Jer,41,18,4867,9c90ea9936575117f8c91bbd1871695977e16831,2026-07-27 13:34:14
web,Jer,42,22,5383,2fc91f1416fc89ddc5e2394b751989468a73e070,2026-07-27 13:34:16
web,Jer,43,13,3366,efabefe51a2e407e733ac4b78c9783114e829665,2026-07-27 13:34:18
web,Jer,44,30,8476,53fa7fca2ecdb08945bf68b0ecb4e8c935b9ed9f,2026-07-27 13:34:20
web,Jer,45,5,1255,dc1c5e6986d49d5d9174f4a29c9b516279724b87,2026-07-27 13:34:21
web,Jer,46,28,6391,862fedec23a897333122ee9ab8bd9ee372fbb44a,2026-07-27 13:34:23
web,Jer,47,7,1793,27a8f7b3161dfde34bcacbb127d668fd22482e6d,2026-07-27 13:34:25
web,Jer,48,47,9382,83240b91dec3a4bc0b2f7c888a5a9f99ee4799fd,2026-07-27 13:34:27
web,Jer,49,39,9018,2182673084f18c163f2b5024cb39a4769b344647,2026-07-27 13:34:29
web,Jer,50,46,10934,f5c4f13cf995e67a371258aeb0f69b5b1f21c09d,2026-07-27 13:34:30
web,Jer,51,64,14112,e33fe39ca421a04f33bd348147d0daabde776391,2026-07-27 13:34:32
web,Jer,52,34,8023,1d2feb6bf200f58b35305565438ed90ed02f34b2,2026-07-27 13:34:34
web,Lam,1,22,5802,12aabfaa98b9093d7a2968a7902736bfc5d707ea,2026-07-27 13:34:36
web,Lam,2,22,6219,914343cb5d93c137f3bbfba7522a8fbafc58795f,2026-07-27 13:34:38
web,Lam,3,66,8948,084dfd5dd1245bba6ef25a33812eb042c6334f56,2026-07-27 13:34:40
web,Lam,4,22,4766,11feaf435c71ffa0746ef4582fade2e74bd86b57,2026-07-27 13:34:41
web,Lam,5,22,3160,1762e31c93f7edd4d086cfeaae5bf9d2154464f6,2026-07-27 13:34:43
web,Ezek,1,28,6402,9b8a663f134de0a12b5fa88ac553e3753c547e86,2026-07-27 13:34:45
web,Ezek,2,10,2249,e88d6b6a9aee0e6affe5992ce7176eec49a168d4,2026-07-27 13:34:47
web,Ezek,3,27,5968,536563f2f6f9fa4fda4d0b65f0aefbac33361b0a,2026-07-27 13:34:49
web,Ezek,4,17,3921,26e9db7be7c61b5b98ec8eb8a62d0ded844fdf33,2026-07-27 13:34:50
web,Ezek,5,17,4574,1f38f1824061917b1d6b330fb8a8a388ff98efde,2026-07-27 13:34:52
web,Ezek,6,14,3573,a6127ab5ddfc5afbf56021e78ddcaef7130afbb1,2026-07-27 13:34:54
web,Ezek,7,27,5940,5bb57496f9cfabd833d760f6ebf2c704c8231e0a,2026-07-27 13:34:56
web,Ezek,8,18,4554,e7f2e21d5609a8e26b4c5af9a868f891196dfb5a,2026-07-27 13:34:58
web,Ezek,9,11,2916,48169608e2b5cc0cd55ba5c262e2e3092392325e,2026-07-27 13:35:00
web,Ezek,10,22,4964,1cc19f67a48aeeb03d2d17d7bcf2c2ab138e3904,2026-07-27 13:35:01
web,Ezek,11,25,5483,e1a2988e9132e952cd87821dcdba74d5acdc8227,2026-07-27 13:35:03
web,Ezek,12,28,6067,f5f15f7f7fb63db27038eff1c2b1e593b69ef4d0,2026-07-27 13:35:05
web,Ezek,13,23,5500,60efd76b5c1205750cef0440b1dd3f0fc86ae670,2026-07-27 13:35:07
web,Ezek,14,23,5546,0e740341ace3a359ba7eccf67399a86053baa226,2026-07-27 13:35:09
web,Ezek,15,8,1716,406474cbb44d982437a228d04ed84c0d22f1eb8a,2026-07-27 13:35:10
web,Ezek,16,63,14154,cdc3d390234934a0fc79bfd1e4b20f859ed88513,2026-07-27 13:35:12
web,Ezek,17,24,5741,2ee20690669ffb7df1509714f6f3e29894236675,2026-07-27 13:35:14
web,Ezek,18,32,7161,4c614151e935582c498f5070f8bb7f0bd275accb,2026-07-27 13:35:16
web,Ezek,19,14,2960,5932c7b506c819fc594d8db92063113a38c50bad,2026-07-27 13:35:18
web,Ezek,20,49,11600,add888f235d6d36d79bc95863e11132744659253,2026-07-27 13:35:20
web,Ezek,21,32,7167,a6eee3f0ccc7b998bec43d428353da6e3d133f0a,2026-07-27 13:35:21
web,Ezek,22,31,6668,dfe6efa3062d2f3e68c234d746f2a32b23682567,2026-07-27 13:35:23
web,Ezek,23,49,10678,6e48d8f95318ef4c179e75f20faa0e3548c7d22b,2026-07-27 13:35:25
web,Ezek,24,27,5783,8958bdb107d2b72e0d257f9f4733d602ba5a54bd,2026-07-27 13:35:27
web,Ezek,25,17,4062,f7503c3dd66988c681440d3035c1892c90cf83f1,2026-07-27 13:35:29
web,Ezek,26,21,5272,d6f3023c8383cdc13f50b0418d7a61520944835a,2026-07-27 13:35:30
web,Ezek,27,36,7486,fd3b539fe6c1bc9a89d6fa62e669b2a357e322ac,2026-07-27 13:35:32
web,Ezek,28,26,5993,ceb3040a24dac183ffef0256dda1294b07023eb6,2026-07-27 13:35:34
web,Ezek,29,21,5181,8b1b702e4fc71226f07b885ea21e5f7b770de6ea,2026-07-27 13:35:36
web,Ezek,30,26,5727,2991c29c81b939e2075cc91f935c7b24298300fe,2026-07-27 13:35:38
web,Ezek,31,18,4798,c07568e01c65c7c90ce0625ac2dcd003ed4b9a7c,2026-07-27 13:35:39
web,Ezek,32,32,7853,d710a79302c142c0d4ab6eb473517008a611d430,2026-07-27 13:35:41
web,Ezek,33,33,7776,4a6e2d8882c1e5ca8ae05b801ad9f5fda44ca5de,2026-07-27 13:35:43
web,Ezek,34,31,7196,05becf297e08ad37dd81983b18b2295f4a34a81e,2026-07-27 13:35:45
web,Ezek,35,15,3285,0c80942eb03787c21779ee5428c3ee2c862df480,2026-07-27 13:35:47
web,Ezek,36,38,8874,353b3a1e7a6c33c4beca30eb10ce494c9cafaf45,2026-07-27 13:35:49
web,Ezek,37,28,6405,ecdfba1026a075ba8fce2b88de68db37232db5fe,2026-07-27 13:35:50
web,Ezek,38,23,5679,e333b807a99de8027549409b12fa70e17d56e970,2026-07-27 13:35:52
web,Ezek,39,29,6876,71d3ae2116c76b5b25834967b22dcf68fbb1f4ce,2026-07-27 13:35:54
web,Ezek,40,49,11266,f2d127b9293983d9db68391292c7f7442f83888c,2026-07-27 13:35:56
web,Ezek,41,26,6222,1e7f18adbfb944d41627407aec700f935339c1e2,2026-07-27 13:35:58
web,Ezek,42,20,4705,499436278d69f375a3621d4c9fe8b8f9d2469e2e,2026-07-27 13:35:59
web,Ezek,43,27,6579,b311cc87eb9ac23092b05bddcb7e10d03702312a,2026-07-27 13:36:01
web,Ezek,44,31,7597,407ac1af883d671d4dc1cbf58596c128e4359360,2026-07-27 13:36:03
web,Ezek,45,25,6380,a58a6fc81569993327ccf5800b83d4d3a8cb50a1,2026-07-27 13:36:05
web,Ezek,46,24,6169,d4934f56dc5fc1e3ea4985bb5491320b06e32991,2026-07-27 13:36:07
web,Ezek,47,23,5870,f995df134b1b076c0c96589459a27b7324d0d414,2026-07-27 13:36:08
web,Ezek,48,35,7925,553721c932b01b15f40acd5d5e33fbf75d13b554,2026-07-27 13:36:10
web,Dan,1,21,4689,da259885558d2a7d5b2dd763d16bf5fd75e1cbda,2026-07-27 13:36:12
web,Dan,2,49,11211,1f547807b8a03ad9ff2ef6d332f4024d13af40b1,2026-07-27 13:36:14
web,Dan,3,30,7613,68bd64429f94ed9d8f065956b87046319d62ab93,2026-07-27 13:36:16
web,Dan,4,37,9255,2d3a366b5ad53b17916c9f995affcd7cd350d18c,2026-07-27 13:36:18
web,Dan,5,31,7612,5c8e73f4a162b47e0081d737ad7a413db13994a6,2026-07-27 13:36:20
web,Dan,6,28,6839,a62421a40a5424fdd7af89ad9361f49379583aff,2026-07-27 13:36:21
web,Dan,7,28,6824,7fadd1ef9984a0b5eccbb9e57f61b9b0d703513f,2026-07-27 13:36:23
web,Dan,8,27,6339,5d68cae0f3fa96d4da5959afc46e678021fab040,2026-07-27 13:36:25
web,Dan,9,27,7101,1a5ab04886e338d8afdaded0446ea43ad3b8d5b5,2026-07-27 13:36:27
web,Dan,10,21,4803,5fa068c029fb62a00cd596aa6e4098aea9cec35a,2026-07-27 13:36:29
web,Dan,11,45,11278,05973edfb6d6bb8f2ee362a786d7d27e66e691f7,2026-07-27 13:36:31
web,Dan,12,13,3146,bedf6c41f958fc8136dc9499cd42b04137b5d281,2026-07-27 13:36:32
web,Hos,1,11,2599,565c345ab3babaa9e447fa65b00ee89574f973d1,2026-07-27 13:36:34
web,Hos,2,23,5098,c6eeeebc9a5aac4cadcc743dbbb91bf5085dfb96,2026-07-27 13:36:36
web,Hos,3,5,1292,90842d4b481c483d6088c5956f193c8cc1c5340f,2026-07-27 13:36:38
web,Hos,4,19,4091,f2b7c2660b1607abbc5529af1cb2b9912d2083ef,2026-07-27 13:36:40
web,Hos,5,15,3111,b3b5000a0474b2e09b00aa18d6d85956787894e9,2026-07-27 13:36:41
web,Hos,6,11,2222,eba73da5e53e239d2ed35dc6ca2ebba4889287a5,2026-07-27 13:36:43
web,Hos,7,16,3392,ba3b591060248ea7320263d98d4eda1ebb1b8fc3,2026-07-27 13:36:45
web,Hos,8,14,2866,f9ff1e1605d88a43d1224a3ecf77eeb4af42725b,2026-07-27 13:36:47
web,Hos,9,17,3892,50502ef4c7ed251ec6755901fb0e3bb29f35b74c,2026-07-27 13:36:49
web,Hos,10,15,3477,7c4af164cdbb819a7e306afad6ab2aff5034ca38,2026-07-27 13:36:51
web,Hos,11,12,2571,5b716c9e0a060fae9a77b2a25b30bbdc29107b18,2026-07-27 13:36:52
web,Hos,12,14,2738,4e555c6a7b789e2e5dfae9fdcfcb977b5b2e2111,2026-07-27 13:36:54
web,Hos,13,16,3487,f9bd03be76e4f60414ebcd4af17ac942f2de1642,2026-07-27 13:36:56
web,Hos,14,9,1958,866c5072d7eaeadb08a008b33f204536c9202e92,2026-07-27 13:36:58
web,Joel,1,20,4161,ec7efe1d5c313a20ced62a9bb4a1f6181b9e6c96,2026-07-27 13:37:00
web,Joel,2,32,7216,169062de50efa2cb9beeb408fd6a8aa33d6f4a90,2026-07-27 13:37:01
web,Joel,3,21,4568,bff83ae15c9348231201f2e8a45022d3c11ccae8,2026-07-27 13:37:03
web,Amos,1,15,3614,05c203c7e6cc09b66f2d1260b59f25e2dad64bf2,2026-07-27 13:37:05
web,Amos,2,16,3543,131f9200b7e32f1d2c81e66ab9f51c606aadebd7,2026-07-27 13:37:07
web,Amos,3,15,3210,9306564b9b5a99d0a37704537d58077c8943e69d,2026-07-27 13:37:09
web,Amos,4,13,3313,74ecae5eb846bb9a613b03b7c7ea6eb8735f7b98,2026-07-27 13:37:10
web,Amos,5,27,5378,70f9efcd7c3fe6304aeaf3882414fc5a9ea74d86,2026-07-27 13:37:12
web,Amos,6,14,3154,3dac97f7f5c0aaa8e5261955adbbadb24a72057f,2026-07-27 13:37:14
web,Amos,7,17,3698,e17586b74b60d01a9f344157c328015d85c04971,2026-07-27 13:37:16
web,Amos,8,14,3175,4f549d443a37af7547cf0bafda17ad877dc0d686,2026-07-27 13:37:18
web,Amos,9,15,3895,78c902d6612203f69ea20f4f67b318338e31e42c,2026-07-27 13:37:20
web,Jon,1,17,3776,bc408709a81e4a43ee0c9d5cff2e6ff64d659165,2026-07-27 13:37:21
web,Jon,2,10,1881,466a45fc83330eca661baba4d9d50dec42ca7437,2026-07-27 13:37:23
web,Jon,3,10,2193,1df023f90526cf38d357edfd3acc65af75f4ce62,2026-07-27 13:37:25
web,Jon,4,11,2577,806cb2fd82a189ec7b771b1de3434211a3d441db,2026-07-27 13:37:27
web,Mic,1,16,3618,55b5823ea74e02e4fa43c984ebbe993336f9bb5f,2026-07-27 13:37:29
web,Mic,2,13,3004,b6be57b7408a83615a5994446499a92eb3d1b1cc,2026-07-27 13:37:31
web,Mic,3,12,2773,90df675bd146d2e5ef1c51954574fc3501842f93,2026-07-27 13:37:32
web,Mic,4,13,3455,f198a483ac315869da79c7cdfdde921f9c868318,2026-07-27 13:37:34
web,Mic,5,15,3330,1d43e477d6b91ff7d19e1f0a7d13eaf491126d39,2026-07-27 13:37:36
web,Mic,6,16,3413,281cd799327170480b3deb7cd841d274233e15e7,2026-07-27 13:37:38
web,Mic,7,20,4535,847e015cb5fa15618a3f6f3af0463a6328abb06f,2026-07-27 13:37:40
web,Nah,1,15,3193,5885a6bbc6114e83b2b020bfc5301282eaeea933,2026-07-27 13:37:42
web,Nah,2,13,2851,7f1ca437729dae2b6bb7267b9fe347bf33e75273,2026-07-27 13:37:43
web,Nah,3,19,4104,c0d68daa7fd6df43d6a641669002a04041b113cf,2026-07-27 13:37:45
web,Hab,1,17,3467,5f1d63c5e03d0a43b08c0f3256979bea0c481c51,2026-07-27 13:37:47
web,Hab,2,20,4334,c70d9d58d43e3f017e359e782e39bcb86c784820,2026-07-27 13:37:49
web,Hab,3,19,3860,393bf2a56e8bcac7d548d5b3deb5424d4e0c47e2,2026-07-27 13:37:51
web,Zeph,1,18,4138,b3febd97f1516d6622a6b5cf6893ec3fba3b8100,2026-07-27 13:37:52
web,Zeph,2,15,3622,f50c68a284bffc86b423581abf93c24c40c9a6ac,2026-07-27 13:37:54
web,Zeph,3,20,4627,f33cde9038eece1a696bc35eb7cdeac0fcc36794,2026-07-27 13:37:56
web,Hag,1,15,3453,aca32487521f5ccd7cc14b1f8d637c80d51f1eb6,2026-07-27 13:37:58
web,Hag,2,23,4942,095e47424335befe5c0778ad7e4755ff4addf1da,2026-07-27 13:38:00
web,Zech,1,21,4729,625691a0fec1a031bb009f65c4cede68eba1d4fd,2026-07-27 13:38:02
web,Zech,2,13,2594,3791a8e4ad011d93d15427d2ed9af0cadc952a34,2026-07-27 13:38:03
web,Zech,3,10,2349,7a2d4781f6775c218cf2a3f41c15b59a63facf53,2026-07-27 13:38:05
web,Zech,4,14,2909,d2c33be970563cd9131c2ac98c6f3b021af063b4,2026-07-27 13:38:07
web,Zech,5,11,2580,e1ad5053576a58db9bb448132ff4407e51458c92,2026-07-27 13:38:09
web,Zech,6,15,3257,2591c8f801e2514a6a124b3ff93b6bfe78af27e9,2026-07-27 13:38:11
web,Zech,7,14,3064,d334da9e821397a4798ee90be65bcbdb19846434,2026-07-27 13:38:12
web,Zech,8,23,5088,3d81a3d6bfd4ea70c6c061b41cfda9d16998afca,2026-07-27 13:38:14
web,Zech,9,17,3969,4c11a7c22afdfc34a5183d26d3212e817cd41e72,2026-07-27 13:38:16
web,Zech,10,12,3018,f90c1b3b91bce49a71b4c7a84e1248b97970d6cf,2026-07-27 13:38:18
web,Zech,11,17,3821,b007bddbc8a147c63a0a5483f2f278293c7b4cc6,2026-07-27 13:38:20
web,Zech,12,14,3513,c6eec21640ebcc82ff31bc170f1fcb8c000a8d0e,2026-07-27 13:38:22
web,Zech,13,9,2418,bf7e1e1e06f0e174ca3dc5865846dc3850e1b28a,2026-07-27 13:38:23
web,Zech,14,21,5215,30db9e573a9091895a294113bf6f90b8c6740db1,2026-07-27 13:38:25
web,Mal,1,14,3544,dcc6db2122b32133fc74b343aa81559e07811d92,2026-07-27 13:38:27
web,Mal,2,17,4144,44f7ad71d47e76848e0dbb2bfb3e29123344ae24,2026-07-27 13:38:29
web,Mal,3,18,4170,8207496e6120810cb1c8d6e8fd45c0172a6e38bd,2026-07-27 13:38:31
web,Mal,4,6,1469,3157dcf8a0881d4b0f91479325c6624ed7984cb3,2026-07-27 13:38:32
web,Matt,1,25,4911,23388a9ca5233974bdcfe3ced8922e97de78ef81,2026-07-27 13:38:34
web,Matt,2,23,4882,68ae9c25efb382633053bf982dd6282604ac064c,2026-07-27 13:38:36
web,Matt,3,17,3352,1d83365609661499c6b40befe88f70611c2c1c7e,2026-07-27 13:38:38
web,Matt,4,25,4663,c8cda6089385f6a14ec37c9208f0475ea8067e9d,2026-07-27 13:38:40
web,Matt,5,48,8928,6574d598e192fd6e733c75ccaa340c2997273714,2026-07-27 13:38:42
web,Matt,6,34,6579,62cd0628d7d86f16a383537e63081b7ea30382fe,2026-07-27 13:38:43
web,Matt,7,29,5176,af0acc7bb0f88a43936e7a93048669ce67a2a148,2026-07-27 13:38:45
web,Matt,8,34,6236,bd43ba3898432492c2f3da1de0f59513435fdc8f,2026-07-27 13:38:47
web,Matt,9,38,7028,eefa98465b350746946426e196b14692ca794561,2026-07-27 13:38:49
web,Matt,10,42,7576,f97907295fefd283e04cec4d7b5993b5be1cda44,2026-07-27 13:38:51
web,Matt,11,30,5571,a4403988b50fd0fab4efcb42a52715ac09a64e24,2026-07-27 13:38:52
web,Matt,12,50,9401,1eb0aabfd8914e8c16b2a79f1e6d8aa0a4f8d64f,2026-07-27 13:38:54
web,Matt,13,58,11111,e67864275201430b902b1a640d9939e29e54d224,2026-07-27 13:38:56
web,Matt,14,36,6292,a131832b96c641d65bc27fecba350b6b8d03390c,2026-07-27 13:38:58
web,Matt,15,39,6874,982044786b13f3a86db6cab154aae866b395a0af,2026-07-27 13:39:00
web,Matt,16,28,5477,ca8f62a080e3b5a35954db486befa43b3434425c,2026-07-27 13:39:02
web,Matt,17,27,5219,9b52b17205e17921af6a457aa4fc95c3b7bdbfd2,2026-07-27 13:39:03
web,Matt,18,35,6964,9e11271e109975d0a684d8a1f99d71bd1a277cf9,2026-07-27 13:39:05
web,Matt,19,30,5911,0528ccaa6fdee1e3398609e9cded5c73e4f8e669,2026-07-27 13:39:07
web,Matt,20,34,6406,cd56aa9a65cca62327a2e34a2392eaf296e42f8a,2026-07-27 13:39:09
web,Matt,21,46,9048,17027e73ae94a4f451628c2ddb66d18fe80e67b2,2026-07-27 13:39:11
web,Matt,22,46,7651,69cef9745f70d1522e86905352b846a461c90635,2026-07-27 13:39:13
web,Matt,23,39,7281,b67d96bdf7eaf504866caa6b589417905906acd2,2026-07-27 13:39:14
web,Matt,24,51,8989,b09a7831a4607441b437f0e572f82f72816ab0d3,2026-07-27 13:39:16
web,Matt,25,46,8337,eb4c4a16aafb8719150212fc8ac8aa064176b3f9,2026-07-27 13:39:18
web,Matt,26,75,13538,1b38a90f7a8fa5bd4a305db5ee817b2321f17483,2026-07-27 13:39:20
web,Matt,27,66,11718,40e1e26f048900249e208b1c7aab3567710f3eb6,2026-07-27 13:39:22
web,Matt,28,20,3732,cbd45d48414c2ee69745887a294ed525a1f5024d,2026-07-27 13:39:23
web,Mark,1,45,7959,fd806d2e4b2b8b803c1c9c84dc4e9bef73a8d1d6,2026-07-27 13:39:25
web,Mark,2,28,5579,69730bf597bd3e66c6a7c0150d281c04bf5c5191,2026-07-27 13:39:27
web,Mark,3,35,5925,93bbc2d1e346c71ccd1f5c66c586f2ae8044f02e,2026-07-27 13:39:29
web,Mark,4,41,7429,9e4dd93537cf56555a5c1065bef63051730e45d4,2026-07-27 13:39:31
web,Mark,5,43,7768,213e1a758d9525520077cec06dc350c75f29bacb,2026-07-27 13:39:33
web,Mark,6,56,10489,3b7023614cfb4afcd29c7bf539b5753de715afdd,2026-07-27 13:39:35
web,Mark,7,37,6913,e18442f3b05ebe8c777ef657381b9333953559ae,2026-07-27 13:39:36
web,Mark,8,38,6910,ef52c723b4b848edde860ce7c5409f796e859719,2026-07-27 13:39:38
web,Mark,9,50,9385,4739f164a631e46c03ed75638b8c8eeb84530c1b,2026-07-27 13:39:40
web,Mark,10,52,9726,0e812d710456b16234b3f0ffc80a9479011692be,2026-07-27 13:39:42
web,Mark,11,33,6271,927dd827648c0e49a2b9524a6ffbb7cea2bdd9b8,2026-07-27 13:39:44
web,Mark,12,44,8465,eea1c00527447dac6d3dd616d4945808c7df2f82,2026-07-27 13:39:45
web,Mark,13,37,6831,0ce827ca38183eb26d102a4fc44096f24e721c85,2026-07-27 13:39:47
web,Mark,14,72,13140,9d1b9e8b6b1a0fc6e2568efa42ccfc59eea4490a,2026-07-27 13:39:49
web,Mark,15,47,8113,56e4a67bdb422eb8035056f2f2a62bf32e24cdec,2026-07-27 13:39:51
web,Mark,16,20,3853,82f655ff11f6cc2a68931b350424ee1c98a24dfe,2026-07-27 13:39:53
web,Luke,1,80,13474,89d3bcad0aece871335096e96c4cb5eea989f669,2026-07-27 13:39:54
web,Luke,2,52,9376,0bad79b54d49b1ff19fc1f162b16f52a197dfe13,2026-07-27 13:39:56
web,Luke,3,38,7089,e8f2ff656ffffe8fb2d2fe72ed12d9187b842b96,2026-07-27 13:39:58
web,Luke,4,44,8242,b20b14b635911519e3fbe3900290c9ac89a3a5e5,2026-07-27 13:40:00
web,Luke,5,39,7525,eae5ea29361a29a3d00871e717f84f8033f43183,2026-07-27 13:40:02
web,Luke,6,49,9503,03bf191c33d44f5d0a18a0aecd1ffa5dbcdab3e3,2026-07-27 13:40:04
web,Luke,7,50,9461,cc8c97d74c10a63ccfc0b66fde7eba75cf049407,2026-07-27 13:40:05
web,Luke,8,56,11109,ab956bfd8fdf4aa304155d89a31c8b3607d03dca,2026-07-27 13:40:07
web,Luke,9,62,11679,8fe607766df3e1b0e320bac2e8ea6feba58bbb3d,2026-07-27 13:40:09
web,Luke,10,42,8019,05b14fbc64c4e27aeae0c234220aed95131129a8,2026-07-27 13:40:11
web,Luke,11,54,10544,423f4667d96f89f43af7c3d1dd7ac24fc4bd84dc,2026-07-27 13:40:13
web,Luke,12,59,11133,bb429cb47b93de522ea477f8e891553930fdfb5d,2026-07-27 13:40:15
web,Luke,13,35,6859,cf281f234d1636c555e77ae96ac009f30e9001b0,2026-07-27 13:40:16
web,Luke,14,35,6587,7993450302585546bcde32aca649420780ccc946,2026-07-27 13:40:18
web,Luke,15,32,5910,67fb8d6211613eb034855ebeb25a18fff94a6b6c,2026-07-27 13:40:20
web,Luke,16,31,6257,0dda12bcacf34d683a0284da2ae43b73be4db96e,2026-07-27 13:40:22
web,Luke,17,37,6574,a580aa42d897ef2e2d6f9d30386dc3177e88f4dd,2026-07-27 13:40:24
web,Luke,18,43,7562,40b558415c4f39d49a948709efbcd15e409832a5,2026-07-27 13:40:25
web,Luke,19,48,8480,66c8d63d7dfb762815dae0c2f0a51002900c83ef,2026-07-27 13:40:27
web,Luke,20,47,8149,937fa24956c71f5e2ace2632c72b79ddcb5e545c,2026-07-27 13:40:29
web,Luke,21,38,6788,89c5059471de5461e29caaa6d7bad17aaf2f37e5,2026-07-27 13:40:31
web,Luke,22,71,12140,3b09c2b7a8ac53fc75b4bed75fcda2cb9be4c9a3,2026-07-27 13:40:33
web,Luke,23,56,9735,41f94af47268189a866e60b050b97bcdf34aa88b,2026-07-27 13:40:34
web,Luke,24,53,9043,5f3aff8c7732573c0ceda109cee3fbbda83d6cdc,2026-07-27 13:40:36
web,John,1,51,8727,4606559c00b0b3c4c8f4bf1ddf336a5cd2c602ea,2026-07-27 13:40:38
web,John,2,25,4445,a8c248dfab2fd66c6693a77fbca01ba5b98e097b,2026-07-27 13:40:40
web,John,3,36,6438,89778c0d0b6334715bedb4e9e4b33b00be96d5dc,2026-07-27 13:40:42
web,John,4,54,9436,75929aa35a65fca1fd719109cf324771e2579355,2026-07-27 13:40:44
web,John,5,47,8375,0901977a4cc0188510855568a6a4da2a683b4ffa,2026-07-27 13:40:45
web,John,6,71,12563,c01055c0cd5f5977133eb9f96c6ebfb9ac9b4829,2026-07-27 13:40:47
web,John,7,53,8919,3c73db3b617be4b73c7d52d09fe328610f4ef541,2026-07-27 13:40:49
web,John,8,59,10595,5502f2594e91ced624ba712225bbebb0e2c07a7f,2026-07-27 13:40:51
web,John,9,41,7128,e902ae1d6591f1385b74ebfb8902fd777f45d95c,2026-07-27 13:40:53
web,John,10,42,7066,d237fff6b3582314c6ac14c6dc5783ceb0334d36,2026-07-27 13:40:54
web,John,11,57,10107,f1164202c5e2520c6ca134204eaa66e6dfe134e2,2026-07-27 13:40:56
web,John,12,50,9192,5144a043d9774360f41e94410036d132a1b9b79e,2026-07-27 13:40:58
web,John,13,38,7004,aba961d1554bb93a274f620f30194846aa09196c,2026-07-27 13:41:00
web,John,14,31,5700,e605561efe8b83a3c6ef88ee7611fba52ade93ea,2026-07-27 13:41:02
web,John,15,27,5029,c42e7fcaf0b08c58de40b3bcfbf6592831209641,2026-07-27 13:41:04
web,John,16,33,6402,6f3d8db696701addbba91aed1cb717d4e31d0aea,2026-07-27 13:41:05
web,John,17,26,4940,cdadaad07ef542fec9be05f907ee91c735283456,2026-07-27 13:41:07
web,John,18,40,8000,80779bcfc1f323a52ec5228497e99f98c39547ec,2026-07-27 13:41:09
web,John,19,42,8428,bd44bb7d098172cb52bead8439db73ac3aaa003c,2026-07-27 13:41:11
web,John,20,31,6060,09f9d65deb60c73f64e8325c3e8c2a2b0604b9c6,2026-07-27 13:41:13
web,John,21,25,5645,999778bc2038b434e1a829076fc103b89601d35f,2026-07-27 13:41:15
web,Acts,1,26,5337,59b458550e77193a171223ef4dbc468446ae837c,2026-07-27 13:41:16
web,Acts,2,47,8626,49b2e388f6dbe543b3ee75a51d0d6cd0fc1330f3,2026-07-27 13:41:18
web,Acts,3,26,5203,01fb1a91c5ca713a8ad4f6640b3ba99c03c9bfbb,2026-07-27 13:41:20
web,Acts,4,37,7191,07be0a6a55604fdd7f020eb3bad14371eb5d1bee,2026-07-27 13:41:22
web,Acts,5,42,8141,a5d464cd95496e01af1293cc0cb0a31f8f62ab29,2026-07-27 13:41:24
web,Acts,6,15,3108,62456da2467b26aeeea865392ecdda5f639b5165,2026-07-27 13:41:25
web,Acts,7,60,11379,d535306e52d31c25d5e75ab5ecf74ab29d12d25a,2026-07-27 13:41:27
web,Acts,8,40,7339,6390d81cb83fe350d4957f54871fabd2bf4f1972,2026-07-27 13:41:29
web,Acts,9,43,8172,55ace5c73b9ea90d3c13b0ecfd2c37cc0599095d,2026-07-27 13:41:31
web,Acts,10,48,9051,ee98efd46712a240147c5d68b1a6a8f1b55fa3ee,2026-07-27 13:41:33
web,Acts,11,30,5597,81362b7a15ff26a4bdf46dcb6b71dc1af5ee5dab,2026-07-27 13:41:35
web,Acts,12,25,5205,09fc9b380fe07754a89f834f2404635f91703c78,2026-07-27 13:41:36
web,Acts,13,52,10086,a875f260af0577c7f76bdc4f4a66c9c7cdba5cf7,2026-07-27 13:41:38
web,Acts,14,28,5466,e958f6360c16c0448314efea67953c91f2bf59e7,2026-07-27 13:41:40
web,Acts,15,41,7902,5132c88c118b73ac1cac36699eb21c213699a0cb,2026-07-27 13:41:42
web,Acts,16,40,7953,73335bf5471f1bc876989a703fccf67610c71750,2026-07-27 13:41:44
web,Acts,17,34,7079,ca5f1d00c4402e442ef5114bd33b5f50ec7edd4d,2026-07-27 13:41:45
web,Acts,18,28,5665,6ea3685c6d47cee7b3e6ee68ed942ffbc2df349f,2026-07-27 13:41:47
web,Acts,19,41,8181,715e1debc18cbc960b9f2aee1ed028dc5ea2ba7e,2026-07-27 13:41:49
web,Acts,20,38,7333,6c466a4c7e36cf44cbe64e9de947cfc699b9b7d8,2026-07-27 13:41:51
web,Acts,21,40,8425,0084db0a5fe78dc8b2346b1297057a537a3e57dc,2026-07-27 13:41:53
web,Acts,22,30,6070,2dee8c293793e4a60c5507ac064729f542d54a36,2026-07-27 13:41:55
web,Acts,23,35,7269,dbcf77280a8e8b3f518e5896b8f93af3dacdb444,2026-07-27 13:41:56
web,Acts,24,27,5239,8d3481c2d314dede5907ad069d5a854fe308a7c6,2026-07-27 13:41:58
web,Acts,25,27,5918,a63e398e425c15a088e88f6f14ed4df82b882d19,2026-07-27 13:42:00
web,Acts,26,32,6383,35ae30732393149a5c2cccdd41b7936834f2a38b,2026-07-27 13:42:02
web,Acts,27,44,8585,cb65783f58aa8734e5626f9043c7ed84c3c50a60,2026-07-27 13:42:04
web,Acts,28,31,6605,19da2b014eb63d63ce27dff0f06e7dc39bc93c42,2026-07-27 13:42:06
web,Rom,1,32,6244,00ddd5ef116b92185358f644743ca078016b883b,2026-07-27 13:42:07
web,Rom,2,29,5382,52f90d50308c6ec384d856da2488bf687a443d05,2026-07-27 13:42:09
web,Rom,3,31,5309,6afeb6699bb05e38c431744d185eccb7db2d88dd,2026-07-27 13:42:11
web,Rom,4,25,4870,1cf73a64f4a7291d419c06c49fa3385e004f2bac,2026-07-27 13:42:13
web,Rom,5,21,4150,b7af4953c14e6d950038e552e4e7157059d40e23,2026-07-27 13:42:15
web,Rom,6,23,4306,271c698481d912fd30851b74308afd1c413762e1,2026-07-27 13:42:17
web,Rom,7,25,4840,cdf370243d48beca7c7c59723d3bee59329da769,2026-07-27 13:42:19
web,Rom,8,39,7361,7aee7558bb8d0cb700e10a3dc751584d39d2b6f8,2026-07-27 13:42:20
web,Rom,9,33,6047,0d08eecc5f57d66117a5ae6564fb9675bbc509ab,2026-07-27 13:42:22
web,Rom,10,21,3998,e0035e28240469daabc1cf6b5e165c6773f4085f,2026-07-27 13:42:24
web,Rom,11,36,6809,e81b56ee077292090f155ebf70fdc9e929eb0893,2026-07-27 13:42:26
web,Rom,12,21,3819,52e829f4343a0e7c992f8bca82e944332f6ef705,2026-07-27 13:42:28
web,Rom,13,14,3123,4add2cc7ab336ddac3eade869db924ca40e377c7,2026-07-27 13:42:29
web,Rom,14,26,5013,f6e7a8131bbf1964e39352904994bcd3b1e864bd,2026-07-27 13:42:31
web,Rom,15,33,6328,55577e45fb48687b3531a3fef7ddd765084a6e13,2026-07-27 13:42:33
web,Rom,16,25,4230,ea0375497e1f4cdaf2d2a3865fd365f03cb848e2,2026-07-27 13:42:35
web,1 Cor,1,31,5736,66b4087b85f5bab471c3cb486659b4521e6a0703,2026-07-27 13:42:37
web,1 Cor,2,16,3282,abfe3af58481ee058c90f61fb2d27297579fae7f,2026-07-27 13:42:39
web,1 Cor,3,23,4143,f18f529adca63ff02e3244bf400f142bfabf0f37,2026-07-27 13:42:40
web,1 Cor,4,21,4182,4b5476bffa10ed063bda132ffaee2c2619792b0f,2026-07-27 13:42:42
web,1 Cor,5,13,2817,45f959bf876de62ebea2c294bb0f00cf17f7e608,2026-07-27 13:42:44
web,1 Cor,6,20,4050,0017c0b477a8409ad0c524f624b2575b97dc5a55,2026-07-27 13:42:46
web,1 Cor,7,40,8017,d116c0e4f41ca5f37a059797c1910e183a08a18e,2026-07-27 13:42:48
web,1 Cor,8,13,2695,0ea567c50aa7ee7f8c2476f7521b4b3ea53aefef,2026-07-27 13:42:50
web,1 Cor,9,27,5369,8b6fa0986532c7872a591a8abc6c824c4ee5704d,2026-07-27 13:42:51
web,1 Cor,10,33,6044,e233f1b3cefb4c03af9e0ef1de01b2a1acaeb353,2026-07-27 13:42:53
web,1 Cor,11,34,6197,0b9b74d2ff3d5202ed0c3facb918e96a93a9329b,2026-07-27 13:42:55
web,1 Cor,12,31,5587,a57ef8d95d1bd8d0d12a7965c5d63701226dfc81,2026-07-27 13:42:57
web,1 Cor,13,13,2557,457f9e38aae80bb8097feb49f17c709ee87d2998,2026-07-27 13:42:59
web,1 Cor,14,40,7779,b7af74fd7d78b8538ee1adf6adfd52f231fe5c09,2026-07-27 13:43:00
web,1 Cor,15,58,10294,de5bd52beca1ab4cf314720eceefdd22809caab8,2026-07-27 13:43:02
web,1 Cor,16,24,4127,9faaa08aa1c502d60828c5cc0e4e255ed220c1ed,2026-07-27 13:43:04
web,2 Cor,1,24,5032,7bf5caf0c90d396c3e4538012fd73b27abf3819e,2026-07-27 13:43:06
web,2 Cor,2,17,3392,fee680269c504f6328068276d7f1ef1946266b5b,2026-07-27 13:43:08
web,2 Cor,3,18,3467,757e046b6f9206268ba054fc03fc4a0a46a5d56c,2026-07-27 13:43:09
web,2 Cor,4,18,3667,fda85f7e3428d5d5af8005458c1faaebdb2824b0,2026-07-27 13:43:11
web,2 Cor,5,21,4236,32170cc27a22f0a0d701238f47a2c088f7509cd1,2026-07-27 13:43:13
web,2 Cor,6,18,3339,3343e86a37d9f11cdf11e52e80c0e73def913ccf,2026-07-27 13:43:15
web,2 Cor,7,16,3676,2b7efafc885d047ed04d5554b45f655e5ae369de,2026-07-27 13:43:17
web,2 Cor,8,24,4793,1f67dc0520eead14be8a6c17b59952d670b680df,2026-07-27 13:43:18
web,2 Cor,9,15,3319,54ae713d4d73931cae650c5f55bea20bdc328e7d,2026-07-27 13:43:20
web,2 Cor,10,18,3864,e8a25b8209d9e5d4bc6b1a7962b5665b1dba2926,2026-07-27 13:43:22
web,2 Cor,11,33,6330,d88298f5c8b47d2c4c54a529f245cd96ebafc301,2026-07-27 13:43:24
web,2 Cor,12,21,4841,4458efb76b5affb19d81252924161d2c036cf210,2026-07-27 13:43:26
web,2 Cor,13,14,2852,7aa3751627e1f5ee8cb22850cac7a331b1e38c33,2026-07-27 13:43:28
web,Gal,1,24,4277,86b35518f56b0b3778d6e928fa7aca29c3da7171,2026-07-27 13:43:29
web,Gal,2,21,4570,62b09f7fa3e71e7767e4713e7ae623ca8fc2820f,2026-07-27 13:43:31
web,Gal,3,29,5413,79f6b70471bcd82b9e932ce97700e60d36c8632f,2026-07-27 13:43:33
web,Gal,4,31,5420,28b7b7423cce37b17c73d8894402dd809550b91c,2026-07-27 13:43:35
web,Gal,5,26,4392,7512e29d1193f2232ee7d75418c0c22ede9edf09,2026-07-27 13:43:37
web,Gal,6,18,3206,b079bd1236f192c8173456c6afedfb31f4de8906,2026-07-27 13:43:39
web,Eph,1,23,4403,79117428cee2977b95c3900b18a868c7a7f1737e,2026-07-27 13:43:40
web,Eph,2,22,4018,a618954691828aee4fc6f3d8fabdc023979eb94e,2026-07-27 13:43:42
web,Eph,3,21,3822,a24988647f14e1fea46841c054e7f77fbea056fd,2026-07-27 13:43:44
web,Eph,4,32,5573,7eb3a03a26565e4cbe6c42a336ad7fbc6724115b,2026-07-27 13:43:46
web,Eph,5,33,5441,687331e805300ec9e8b172c02ad120df787b5303,2026-07-27 13:43:48
web,Eph,6,24,4459,82f366f3746c3f57f99a78e87b46a563f7894d9b,2026-07-27 13:43:50
web,Phil,1,30,5556,924f5b8cf1b13b922e8f30c179fb123a4ae3cf93,2026-07-27 13:43:51
web,Phil,2,30,5235,f8586ddeab15200eb912951c206187739ddf0507,2026-07-27 13:43:53
web,Phil,3,21,4225,d38b4d0e627a1a39af2e42b7e79f57fd64adf67d,2026-07-27 13:43:55
web,Phil,4,23,4273,59aff66a1ff453dface56b4b67905cfd215c6197,2026-07-27 13:43:57
web,Col,1,29,5595,dcd500c3c9a46cfdeff9fa39e3242a78efb656b3,2026-07-27 13:43:59
web,Col,2,23,4430,5ad342b66656628fe2c10a0e14b94965cafa780f,2026-07-27 13:44:00
web,Col,3,25,4366,36caee50801024e0db10ba499c482674d9f854a8,2026-07-27 13:44:02
web,Col,4,18,3355,c91b17947f2101e3ea42a315c1103696512f8dc0,2026-07-27 13:44:04
web,1 Thess,1,10,2217,30ea96a8b169dff5fa82a06f3770bbe368ce8e40,2026-07-27 13:44:06
web,1 Thess,2,20,4119,1c6786596a303beea4ad6958986f27e6111efc7f,2026-07-27 13:44:08
web,1 Thess,3,13,2742,8ad61e3b164c15e2517d6d15b62a07550b4fe937,2026-07-27 13:44:09
web,1 Thess,4,18,3597,6c0b93586a40c8d931b686621cc593b38d9104f7,2026-07-27 13:44:11
web,1 Thess,5,28,4434,8d873ee1f08c294de83e18469ac143e3f307f31e,2026-07-27 13:44:13
web,2 Thess,1,12,2641,45120c2f67b70dc7f0506b7fffc5c287dc63406d,2026-07-27 13:44:15
web,2 Thess,2,17,3463,f2a6de7ff608f63160613487562b02a4b1db857f,2026-07-27 13:44:17
web,2 Thess,3,18,3359,2c17e814d659de7801b071944d497c1f904fed28,2026-07-27 13:44:19
web,1 Tim,1,20,4027,dd2edcfd775110b17499058f7568daf0a0c601f0,2026-07-27 13:44:20
web,1 Tim,2,15,2640,25b370d8081fa37bb0131437ad4acebf317c8802,2026-07-27 13:44:22
web,1 Tim,3,16,3062,e2108f6dcfb6c8c6ab4c9d68af57b61eddfe6bae,2026-07-27 13:44:24
web,1 Tim,4,16,3120,45654001a69c0ae9c2cecab691aaaf1ab060094b,2026-07-27 13:44:26
web,1 Tim,5,25,4661,055d42387cf610a9d8bcd7b25becb3063f9315b4,2026-07-27 13:44:28
web,1 Tim,6,21,4427,e3d806dc8b696ae322b8357e443949d2ba8e7ca6,2026-07-27 13:44:30
web,2 Tim,1,18,3632,a72e0f362a1f22f06e72dbc775a763094c11c4d5,2026-07-27 13:44:32
web,2 Tim,2,26,4784,a4fdfc944446ce5f27fe41c6ac85d66c6f241a9e,2026-07-27 13:44:33
web,2 Tim,3,17,3177,97c06b35e89b61dd572939020696b2a362830ec7,2026-07-27 13:44:35
web,2 Tim,4,22,3960,ca814ee8075c7f945bf07c502f49645d1d058d99,2026-07-27 13:44:37
web,Titus,1,16,3264,e554031a27381242f48fe8806fe010684af57f47,2026-07-27 13:44:39
web,Titus,2,15,2768,c0ca9548a9e7d5c64dc8b67453cf543ca41bab53,2026-07-27 13:44:41
web,Titus,3,15,2841,a4fbdf22d2195ab435d9baa8cf93a7b957d2b40d,2026-07-27 13:44:43
web,Philem,1,25,4179,2104ae20c0ecf1561717805a370b6e19422cc5b7,2026-07-27 13:44:44
web,Heb,1,14,2866,4e230edfeca557f669b573381414dc755bf12d21,2026-07-27 13:44:46
web,Heb,2,18,3803,72207e2f6796ab252d6370dc43a233c293c6a8f7,2026-07-27 13:44:48
web,Heb,3,19,3361,da9f21f887d1b672beb1b96c33b93ed0ad5dc5d7,2026-07-27 13:44:50
web,Heb,4,16,3399,cf1956b832182dd88f03f98496ebe4e7aa0714fe,2026-07-27 13:44:52
web,Heb,5,14,2756,52f2ce34e761531091d6c03c5125980897b246f0,2026-07-27 13:44:54
web,Heb,6,20,3814,96e9d04f9784caaf50ce775c5d1a0618de88a13f,2026-07-27 13:44:55
web,Heb,7,28,5414,a483f177c7773d0ee679bc1f1654cacaee7d2169,2026-07-27 13:44:57
web,Heb,8,13,3114,896e58511fc13ff63428bf291b62e7da0de78e25,2026-07-27 13:44:59
web,Heb,9,28,5885,93ff3317d70a4bd53844738ae712f22cbe324b8d,2026-07-27 13:45:01
web,Heb,10,39,7031,6e7e9d1d6d59a4812db67d54302e166f03c036cb,2026-07-27 13:45:03
web,Heb,11,40,8008,3276f10895bd59255be3ad033336a4ddf39e992b,2026-07-27 13:45:04
web,Heb,12,29,5914,73525ed42768fd10291846372fa38199f3df512a,2026-07-27 13:45:06
web,Heb,13,25,4589,5058b248077c9941e1e9cf83a9448514a0c71597,2026-07-27 13:45:08
web,James,1,27,4907,28c4432365f068db4128553ae5a18bdd8c51f6e8,2026-07-27 13:45:10
web,James,2,26,4659,9d2a996af2be18649e8d682d0311c5f2fbfe6f4f,2026-07-27 13:45:12
web,James,3,18,3386,ca433edf390f78e416d7772b98c0ae28fb7e635c,2026-07-27 13:45:13
web,James,4,17,3233,7d7b4de5d61f31d30c535be9741452103db5a181,2026-07-27 13:45:15
web,James,5,20,4068,96fcf24a772bd1cddc03986f51d8156afc249169,2026-07-27 13:45:17
web,1 Pet,1,25,5319,fb087dacd92f2cdd17fcd39727871efafb60a25e,2026-07-27 13:45:19
web,1 Pet,2,25,4892,6b06257ac4ea095d92cfdb020026866a46794fb5,2026-07-27 13:45:21
web,1 Pet,3,22,4607,6ab316e9e544c2049b7406363386720f2f68caed,2026-07-27 13:45:23
web,1 Pet,4,19,3997,4cf5433cf1f3c87db9d31a46d96de7f220bb9f05,2026-07-27 13:45:24
web,1 Pet,5,14,2866,6b81543fa9a0929a3fc865896dde476bfee57ac4,2026-07-27 13:45:26
web,2 Pet,1,21,4284,afdd4427cb20b1bd0a3ba726e4f93462f074d080,2026-07-27 13:45:28
web,2 Pet,2,22,5029,1eed2061c1079a31b3e259d381abf4cee0986296,2026-07-27 13:45:30
web,2 Pet,3,18,4094,9f7b131451181b492008f0b407bfc06700ad0792,2026-07-27 13:45:32
web,1 John,1,10,2143,2c03669bc0e0e2781fac2ceccd9df362d5fece30,2026-07-27 13:45:34
web,1 John,2,29,5983,72765370ffc2fcc36615a1b5addbf7f23f3e9721,2026-07-27 13:45:35
web,1 John,3,24,4639,baccf3875f10f9b1f133721517adfb96a6f226ff,2026-07-27 13:45:37
web,1 John,4,21,4070,c210b19ea7354f0b78f93b79ad9aa99eb837f9d4,2026-07-27 13:45:39
web,1 John,5,21,4173,4dc864e7973ec678cdc605527d0fed386e737a2c,2026-07-27 13:45:41
web,2 John,1,13,2691,d856ca3251c5f1887435e7f8324f49afc92f342c,2026-07-27 13:45:43
web,Jude,1,25,5363,bdfd47480a01112c097b45decf13c27651b461b9,2026-07-27 13:45:45
web,Rev,1,20,4262,e3844acd8ad278abd215d9135de0f4c2782fd64d,2026-07-27 13:45:46
web,Rev,2,29,6143,3a0e0052643c7b71e418513845c6bba3924f8a39,2026-07-27 13:45:48
web,Rev,3,22,4839,80afec9293590a8ff8ea55dd60fa3694e81082ba,2026-07-27 13:45:50
web,Rev,4,11,2709,4749c7e4593fabb1518fd2e3649d5819b552f2f9,2026-07-27 13:45:52
web,Rev,5,14,3186,e6bd70a829bd5aa902e7b5702ae932ddc8181763,2026-07-27 13:45:54
web,Rev,6,17,3837,58ebf3355f0e0f6652a13cc7e91f939968f77c50,2026-07-27 13:45:56
web,Rev,7,17,3793,beca1a02b2c34f9fb1c6e54e6c4bbc3aca2ddf75,2026-07-27 13:45:57
web,Rev,8,13,2972,1edf46064dcc53e86803daafa5cd49bde128c357,2026-07-27 13:45:59
web,Rev,9,21,4445,a35d7efd8b2a269b0cd8d1f6d0a178e0da877728,2026-07-27 13:46:01
web,Rev,10,11,2517,6cfb02f695a7360fcdda91ad5b3853dc49e62589,2026-07-27 13:46:03
web,Rev,11,19,4399,be34463a07acbe324e1b69135c4c7c544e974a67,2026-07-27 13:46:05
web,Rev,12,18,3865,1b01862302598ed7d6102c6b67cfb5ca8a2764d2,2026-07-27 13:46:06
web,Rev,13,18,4009,815c6bc070bb00fe60adbd3c59ebb0a57744b793,2026-07-27 13:46:08
web,Rev,14,20,4813,d14204797efcb43a53d1db28bedefd63a0633691,2026-07-27 13:46:10
web,Rev,15,8,1965,100722e6c2b6ab6458b675b02a4b9b91361591e9,2026-07-27 13:46:12
web,Rev,16,21,4428,9f46148d4a56cff1053458c5bac4f7a3466d6255,2026-07-27 13:46:14
web,Rev,17,18,4145,8b6fc6b946aab2a9cd18cc0f1da314679d9db137,2026-07-27 13:46:16
web,Rev,18,24,5622,db8b90d0d0ba89b3cd1a203ea8703676e8d60996,2026-07-27 13:46:17
web,Rev,19,21,4852,2de6905379fa6ad250059b65766e47b4b092de68,2026-07-27 13:46:19
web,Rev,20,15,3576,0b8c6006090a319e05f209094ca67d7280f829f9,2026-07-27 13:46:21
web,Rev,21,27,5647,ed9325bcf8439d71213783a81b30a5b24a2cb7dc,2026-07-27 13:46:23
web,Rev,22,21,4348,84ca00d9fc013e0774f8e50ea97eb7959a32ff40,2026-07-27 13:46:25
vietnamese,Gen,1,31,7163,92287cb61d4fe6b35ce92483e1c58961e0f302ac,2026-07-29 09:53:10
vietnamese,Gen,2,25,5407,0ae649aae12725b127d0988f2adf3e8178fd06cc,2026-07-29 09:53:11
vietnamese,Gen,3,24,5915,ea09f71a98042271aed37a3c2c65f3e71d835076,2026-07-29 09:53:13
vietnamese,Gen,4,26,5671,7030b6868ba4bcedefd3fdf539bea840785fd8b5,2026-07-29 09:53:15
vietnamese,Gen,5,32,5438,4a267ba1b824831243369fcc0e6dde5bbb9532ca,2026-07-29 09:53:17
vietnamese,Gen,6,22,5048,8d366239d3b97030756ed3f9499429587b1ee1d4,2026-07-29 09:53:19
vietnamese,Gen,7,24,4898,5be7b63ad37dd1f317d4c51a0e78ee2c7270e102,2026-07-29 09:53:21
vietnamese,Gen,8,22,4629,d5fc1af408eb37735eaa33643828da308ae42efd,2026-07-29 09:53:23
vietnamese,Gen,9,29,6015,eb1c61169e599003003e2d4ca2687ce80c5fe8ca,2026-07-29 09:53:26
vietnamese,Gen,10,32,5379,e95ca7bbb07c35b1aca3dba28090232450e36cbf,2026-07-29 09:53:26
vietnamese,Gen,11,32,5973,2f31483f7425ba93cd537cf5fc0d09429800c433,2026-07-29 09:53:27
vietnamese,Gen,12,20,4661,9e23e70e8c4f18735b0ee850416ab406bef2d619,2026-07-29 09:53:27
vietnamese,Gen,13,18,3896,3b1828e9b8deb4260a63349d3ad3e84969182e3b,2026-07-29 09:53:27
vietnamese,Gen,14,24,5778,d04cbb83e6f15f113a97b1d084cd65a32da9d242,2026-07-29 09:53:28
vietnamese,Gen,15,21,4776,c422aadef7f6a8067d04df2479de8dc31d07adcc,2026-07-29 09:53:28
vietnamese,Gen,16,16,3941,627837d44c790d09768027cb71c7c678edefa23e,2026-07-29 09:53:29
vietnamese,Gen,17,27,6484,7461bb898a5569ce7261c53224dd2a1e68a03988,2026-07-29 09:53:29
vietnamese,Gen,18,33,8277,1cf5816c80389a2dd4b3492f55cf81b53c12bb8c,2026-07-29 09:53:30
vietnamese,Gen,19,38,8998,fba0661404f1eb3275c087930f7dc9762c9625b5,2026-07-29 09:53:30
vietnamese,Gen,20,18,4635,3fba83c1e01b7952ad235c2fb3ef847072e2c5aa,2026-07-29 09:53:30
vietnamese,Gen,21,34,7190,60cca15d4116062bca2b5dc076b2208449898c7a,2026-07-29 09:53:31
vietnamese,Gen,22,24,5515,8d8cdc4f085a309ad3318ad6bb0fd37a7e637c8f,2026-07-29 09:53:31
vietnamese,Gen,23,20,4627,fa8fbab7cad3cd93057c490111fd6edf810d00d6,2026-07-29 09:53:32
vietnamese,Gen,24,67,16046,3b96e4100011ad889aa333285c41e1a0095f0420,2026-07-29 09:53:32
vietnamese,Gen,25,34,6853,41c578812882206aa00ba6e6e4e7cb7f0dca3314,2026-07-29 09:53:33
vietnamese,Gen,26,35,8084,15e2d0958e161020e0d7401acef9cecf6578313c,2026-07-29 09:53:33
vietnamese,Gen,27,46,10420,8f8529a3c30aa81ab1ece7e5d8d220f976427dc2,2026-07-29 09:53:34
vietnamese,Gen,28,22,5102,140261309147f4f524eb5cc759b01e92e6bfcfb7,2026-07-29 09:53:34
vietnamese,Gen,29,35,7571,e9b52d258e145e777be9cca12fb3b8d1b207e024,2026-07-29 09:53:35
vietnamese,Gen,30,43,9664,9ebc20fa3f9704c427e3736bf1524b9ca7b1dff4,2026-07-29 09:53:35
vietnamese,Gen,31,55,12880,d8e6746b4479c618af6b434a4094a706bd39f406,2026-07-29 09:53:36
vietnamese,Gen,32,32,7488,dacf00f030e71917cfa03287157f125cfcb929c8,2026-07-29 09:53:36
vietnamese,Gen,33,20,4508,b287a127424a04a7c46fff02100b562b0e916c47,2026-07-29 09:53:36
vietnamese,Gen,34,31,7292,8a483d0de467ac34436c4481af68270719c442a7,2026-07-29 09:53:37
vietnamese,Gen,35,29,6341,648d21650bb287b89cdff74db375f34132445d7f,2026-07-29 09:53:37
vietnamese,Gen,36,43,8343,79b3e0099b8fcd321324f812e4ed09a7005fe1db,2026-07-29 09:53:38
vietnamese,Gen,37,36,8184,db2e46f7ca017bc1440d301dcee1b610bdf65663,2026-07-29 09:53:38
vietnamese,Gen,38,30,6809,47b4fd9a88684fd37be310be29aee72aa13e49d4,2026-07-29 09:53:38
vietnamese,Gen,39,23,5252,b7a4582ea16c2807644ca485d65056bfa2f44f64,2026-07-29 09:53:39
vietnamese,Gen,40,23,4834,ca67c06103044d2930ea75627b5de9ce802d3470,2026-07-29 09:53:39
vietnamese,Gen,41,57,12517,ae7b27091648e13bb713c895a426ec46476057cb,2026-07-29 09:53:40
vietnamese,Gen,42,38,9189,ccde0d57b91c927f1f118f3e566640bb0c2587a0,2026-07-29 09:53:40
vietnamese,Gen,43,34,8538,e4c290ce5a7452cec8c80bd61c431c6f9300775a,2026-07-29 09:53:41
vietnamese,Gen,44,34,7869,284f0103bd7f86836418e5311cfd8e36137b6607,2026-07-29 09:53:41
vietnamese,Gen,45,28,6757,fde4499b9f266d8e6e750505be5d053f4c2f216a,2026-07-29 09:53:41
vietnamese,Gen,46,34,7383,4a8850994d2698f3b0895089bb2c59084e53e9f4,2026-07-29 09:53:42
vietnamese,Gen,47,31,8220,142023494d02e84852ca781ba738784f6cad6de5,2026-07-29 09:53:42
vietnamese,Gen,48,22,5710,e1a2d37d0690e15a008482114970f12359455d0f,2026-07-29 09:53:43
vietnamese,Gen,49,33,7219,ec4bac5ed809bc1b8708b656e7d7e9a55a6bcb48,2026-07-29 09:53:43
vietnamese,Gen,50,26,6365,5cc02b90d6d80c6b07cc02ccd19b1c3712a4dce0,2026-07-29 09:53:43
vietnamese,Ex,1,22,4525,7a337b809aa94f683163ebd45afb158d49085d3f,2026-07-29 09:53:44
vietnamese,Ex,2,25,5561,656e000ac38026fccccc37fa3462ba4f3ca83ad2,2026-07-29 09:53:44
vietnamese,Ex,3,22,6718,9bd03eaf1ab9a29fe080f3c102a9b2c74ecb9ac0,2026-07-29 09:53:45
vietnamese,Ex,4,31,7526,fa3d035d429e74461baca5b3a61c7462e2c91615,2026-07-29 09:53:45
vietnamese,Ex,5,23,5651,69182858644aa60bfeb01f4284ac5fec884c1eb7,2026-07-29 09:53:45
vietnamese,Ex,6,30,6789,8a430f3bdea2ab52cafe9a5c966f2f06d0e91899,2026-07-29 09:53:46
vietnamese,Ex,7,25,5945,d98110434b2ecaa52992064041351e4942fb6137,2026-07-29 09:53:46
vietnamese,Ex,8,32,7911,ac3156b461be042a2e2cf9d293b73d6c3063ba42,2026-07-29 09:53:47
vietnamese,Ex,9,35,8185,8088ba37b9f55f060b1c07f76085065353c9dd9f,2026-07-29 09:53:47
vietnamese,Ex,10,29,7883,0468f4082e7f507692480424d6004ac352e6e7e2,2026-07-29 09:53:47
vietnamese,Ex,11,10,2921,31de5cbb4a2aed7cd736fe08bde06d7c2b616df3,2026-07-29 09:53:48
vietnamese,Ex,12,51,11700,ac0faa1ae6623f212714995c0996be048a299f73,2026-07-29 09:53:48
vietnamese,Ex,13,22,5696,e37e4043c665c132b50f4e7de694d05f7c56436a,2026-07-29 09:53:49
vietnamese,Ex,14,31,7643,f4b59bb6e579acfb7fe6f5fabd49d2059a253297,2026-07-29 09:53:49
vietnamese,Ex,15,27,6530,0e6f7f7c190273af1e203b91de1f5c2ad5060979,2026-07-29 09:53:49
vietnamese,Ex,16,36,8787,ec0eedabe865ae53fbd74d63ec32766d5a500944,2026-07-29 09:53:50
vietnamese,Ex,17,16,4115,c108e32d595bf20ba16f7c108f19981f6838d4ae,2026-07-29 09:53:50
vietnamese,Ex,18,27,6646,072749759649f68482db5a760011b696fe2d06d0,2026-07-29 09:53:51
vietnamese,Ex,19,25,5979,9b91c3c2b0b99d8903f3aaca1d326e21b17bdca9,2026-07-29 09:53:51
vietnamese,Ex,20,26,5480,c37f5991594edd364478d5dfc314098cac7438bd,2026-07-29 09:53:51
vietnamese,Ex,21,36,7767,494310261773bac2eb5dc75625c1a33e089a5c6d,2026-07-29 09:53:52
vietnamese,Ex,22,31,7366,e23468d5e2d2bf20458a9922fd20a28344c85918,2026-07-29 09:53:52
vietnamese,Ex,23,33,7844,36ee1418d1c8cdcd978dddc4a06cb02e63adda00,2026-07-29 09:53:53
vietnamese,Ex,24,18,4259,410e4404457fcc466a2aa2e91b2cfb6992f35120,2026-07-29 09:53:53
vietnamese,Ex,25,40,6846,aa957774f43c54e592b4cf59312da1b4728f081d,2026-07-29 09:53:53
vietnamese,Ex,26,37,7409,83faa8fb8cffc23bcf2f8fe5c20bdc7cdbf78273,2026-07-29 09:53:54
vietnamese,Ex,27,21,4446,509db4776b09c8e2ec615de14e4dab0dcda4e4c3,2026-07-29 09:53:54
vietnamese,Ex,28,43,9617,aab79d2af19288f03236de03e88fa60dea47cc8b,2026-07-29 09:53:55
vietnamese,Ex,29,46,10872,52e23496c2ebd5e9333a92b0f9bc8ae29b96f682,2026-07-29 09:53:55
vietnamese,Ex,30,38,8004,7634d7800ac06efb524b14362a50c2f63f8b451a,2026-07-29 09:53:56
vietnamese,Ex,31,18,3995,09e9caf2ed8dad7441d6636e7a4726096ce18742,2026-07-29 09:53:56
vietnamese,Ex,32,35,8712,c2a368bfef223b11846f24f2bfc89f5a913232dd,2026-07-29 09:53:56
vietnamese,Ex,33,23,5780,51d1b22a853fe65a5ae4473d42a92a881be1c083,2026-07-29 09:53:57
vietnamese,Ex,34,35,8614,1693f36017f485a85f198816855b3509892723de,2026-07-29 09:53:57
vietnamese,Ex,35,35,7168,9c97c4d52e071d2a0fa9a95dc53fe2581e1d30ad,2026-07-29 09:53:57
vietnamese,Ex,36,38,7898,97bd11d6c756c33ab427126b1ef3adbe465cf71b,2026-07-29 09:53:58
vietnamese,Ex,37,29,5293,0511f5618ee6bcdf6f662b3c0a9f12aad0543165,2026-07-29 09:53:58
vietnamese,Ex,38,31,6690,acd9ff27aaed37f54094921d55c232fb862f3b53,2026-07-29 09:53:59
vietnamese,Ex,39,43,8563,98ae53d464392c8b767afb7b7f4bbae5ea362332,2026-07-29 09:53:59
vietnamese,Ex,40,38,7106,76356cbf6ccc3aa38ad68e8710fabf0cc75ce685,2026-07-29 09:54:00
vietnamese,Lev,1,17,4146,3558636f196a688f54766c56c44c833bd436a4e6,2026-07-29 09:54:00
vietnamese,Lev,2,16,4009,d0a34c38da44fd02d4044b34314192f8ff4d68b0,2026-07-29 09:54:00
vietnamese,Lev,3,17,3912,b01bbe211a370e454bfe824e3a8b2718e86d8132,2026-07-29 09:54:01
vietnamese,Lev,4,35,8415,74098e8be48999c7f2c41f2374d79b2478795d5c,2026-07-29 09:54:01
vietnamese,Lev,5,19,5839,071bb131de27c3fd872e8f6f940ac0d54e35e76d,2026-07-29 09:54:01
vietnamese,Lev,6,30,7347,dab36b7b3c123b7f6136662941a9a7d9f477f435,2026-07-29 09:54:02
vietnamese,Lev,7,38,8493,b8cb3432c8299a54389eace012abb871968f17d7,2026-07-29 09:54:02
vietnamese,Lev,8,36,8325,ec490f6468e9221706b66f58e32f1a2695fc187f,2026-07-29 09:54:03
vietnamese,Lev,9,24,5713,43ce9dd7e71cf7187668bb5b6a3dca87d35272c2,2026-07-29 09:54:03
vietnamese,Lev,10,20,5763,6f37b32e69e994112f5fc8bd6c9acd4cda160b2a,2026-07-29 09:54:03
vietnamese,Lev,11,47,10013,ea322126684df839eb04dc9a13f9347b7e2710fd,2026-07-29 09:54:04
vietnamese,Lev,12,8,2333,5b53981b0e7352901b2ec91024fd0bb8ac563f20,2026-07-29 09:54:04
vietnamese,Lev,13,59,14043,1a2663eb5fc3dfc07735424158f547ecfae25801,2026-07-29 09:54:05
vietnamese,Lev,14,57,12663,a7f7f0f5ff60c230af1869e537c83822f441ed0f,2026-07-29 09:54:05
vietnamese,Lev,15,33,7765,3fdff0d46487b15fe4a8855d42cd604e91e14e82,2026-07-29 09:54:06
vietnamese,Lev,16,34,8964,451e7d0a2f7bc72475f8c483586117b6d751839a,2026-07-29 09:54:06
vietnamese,Lev,17,16,4293,e4dbba74d8bc2e32127d6bef9d282c3e63cf3c4a,2026-07-29 09:54:06
vietnamese,Lev,18,30,6375,e09ecc94af65f4e0cdc59d235eb29314e21cf1ef,2026-07-29 09:54:07
vietnamese,Lev,19,37,8379,165e5b2d5c49e92705b485647a56dabb7d3071fb,2026-07-29 09:54:07
vietnamese,Lev,20,27,7185,b5672ea62ceb8df185541320947c96cfa13daefa,2026-07-29 09:54:08
vietnamese,Lev,21,24,5498,ace967de2cac2ca5388cc109fe5c768ed98f0d4c,2026-07-29 09:54:08
vietnamese,Lev,22,33,7865,eedece972c056a0f742214bfb9b79e4eb36612a6,2026-07-29 09:54:08
vietnamese,Lev,23,44,11072,e76a12fa8a2aac8cc6e3065600314e1add1378aa,2026-07-29 09:54:09
vietnamese,Lev,24,23,5369,fbe4468b4b899231a39aee80c5e39c62cbfbf72c,2026-07-29 09:54:10
vietnamese,Lev,25,55,12713,a8e347bce8b95f8b38a8e360f50b75d33803787a,2026-07-29 09:54:10
vietnamese,Lev,26,46,10756,cc25260a52f3da93e3a5a2655620296dd15273c2,2026-07-29 09:54:11
vietnamese,Lev,27,34,8405,0a6f6a52eb0a62c8a3b98f9c10e61fad9cd8565b,2026-07-29 09:54:11
vietnamese,Num,1,54,10749,a28461c366de19b52cad7eaffd0387a4ac635ffa,2026-07-29 09:54:12
vietnamese,Num,2,34,7123,78af5b07f0f2a2bd9a17af4e4834f9e41d925d4c,2026-07-29 09:54:12
vietnamese,Num,3,51,11231,2d5c438e329b76502850ee7da59c2c0c3c3c191d,2026-07-29 09:54:12
vietnamese,Num,4,49,11182,1adb2ac81b23f7d9d650bebf87b5b51dc67ba7fa,2026-07-29 09:54:13
vietnamese,Num,5,31,8004,4c1bd513e9d890f186023a72b9385a3047289539,2026-07-29 09:54:13
vietnamese,Num,6,27,6544,f43f861f93085be1e928c0ab3ffe8fbd8f33df01,2026-07-29 09:54:14
vietnamese,Num,7,89,19086,b7c53dcd0d5a0e286b82ededf0de1320f679b1d0,2026-07-29 09:54:14
vietnamese,Num,8,26,6451,8b67adee9c78780d69d8ee8fb298fa8d6e5e209a,2026-07-29 09:54:15
vietnamese,Num,9,23,5723,c28b5baeebd06ce0cf7756b0d4223c5184414945,2026-07-29 09:54:15
vietnamese,Num,10,36,7987,9d19bb4d241ae42959f57105b4d8ced037d0d8c9,2026-07-29 09:54:15
vietnamese,Num,11,35,9079,311ef1d497cee2ab19b12f3920bc67257cffbe34,2026-07-29 09:54:16
vietnamese,Num,12,16,3747,eee522c3877f51fa1b7d3433a2a88a65580bf213,2026-07-29 09:54:16
vietnamese,Num,13,33,6610,e15d08477c11b26e8b0dad6b27ea06f7728bfe9b,2026-07-29 09:54:17
vietnamese,Num,14,45,10676,a36c0c5a0f6007d30a55a13a3ad5bf9c50ee6e29,2026-07-29 09:54:17
vietnamese,Num,15,41,9995,2b7eb0e6d2d667d3d7e5c5ab64ccca6555c2f333,2026-07-29 09:54:17
vietnamese,Num,16,50,12111,b263de05cb47085856aefe2373ed4a96fe26ad86,2026-07-29 09:54:18
vietnamese,Num,17,13,3202,62d409841fc704759da15bfe39d628711ae794e2,2026-07-29 09:54:18
vietnamese,Num,18,32,9757,90e9264268e657803b07a99f4c9773487a738388,2026-07-29 09:54:19
vietnamese,Num,19,22,6018,68c061f46924ab89561bebee2de99f11adeec98b,2026-07-29 09:54:19
vietnamese,Num,20,29,7107,c355e5f448439a2bd3fc07052c2e5b079e7fae32,2026-07-29 09:54:20
vietnamese,Num,21,35,8255,04a048ea6930b30b315d3bbd6a56e7aecc0bb497,2026-07-29 09:54:20
vietnamese,Num,22,41,9978,1f99550185babd875a436c07e3393e285fa48db8,2026-07-29 09:54:21
vietnamese,Num,23,30,7269,d7d0a5d0ba7736604f8af5a4d2f4190d47235721,2026-07-29 09:54:21
vietnamese,Num,24,25,5947,843aa12ce0b4f890e02ddbc93c536c2793b48822,2026-07-29 09:54:21
vietnamese,Num,25,18,4120,c663493d01b0f7ab0f24eb0d04ce5f8a5b2269ae,2026-07-29 09:54:22
vietnamese,Num,26,65,12988,1fb0fefd7b6acbb0588b6653ea31ab4e08ce64db,2026-07-29 09:54:22
vietnamese,Num,27,23,5543,3e32c5f974f24566f432efd3e23f3f46e6a45c4c,2026-07-29 09:54:23
vietnamese,Num,28,31,7166,2a1569a0f37246eec72c81bde8314e770e0ea66c,2026-07-29 09:54:23
vietnamese,Num,29,40,9433,027af47cffe44093ca55ea457ad7ef1e48703e6a,2026-07-29 09:54:23
vietnamese,Num,30,16,4607,eb114d3b1c947c428cedaf30717d450469a014f0,2026-07-29 09:54:24
vietnamese,Num,31,54,11329,9dc6759dbc3c5913a7946f3eae5685532c6b88ba,2026-07-29 09:54:24
vietnamese,Num,32,42,9724,3899930fe70c7870ff1716a9c5ff2beeb0b98b5a,2026-07-29 09:54:25
vietnamese,Num,33,56,9713,73f32207356742c5a2f2621ecc8d2ea1fd425291,2026-07-29 09:54:25
vietnamese,Num,34,29,5780,c0f80b26f2d1f515256ed690ffd3bf3a324d7625,2026-07-29 09:54:25
vietnamese,Num,35,34,8752,8d74e63616fec672120ee00d16db05398cb4ab10,2026-07-29 09:54:26
vietnamese,Num,36,13,3929,f81ad6fda594cc1c48bd7d7b7d3bbac2d31c5c06,2026-07-29 09:54:26
vietnamese,Deut,1,46,11644,db1174ad855aca14ea3e6e68dee497d46888f02c,2026-07-29 09:54:27
vietnamese,Deut,2,37,9351,b2ab5805427fbf0019e024b4f79cc0e8ffe5979b,2026-07-29 09:54:27
vietnamese,Deut,3,29,7459,f2a1a5dba112a74aa18e6675347d96771e5e2e0f,2026-07-29 09:54:27
vietnamese,Deut,4,49,13581,c454162c13364aff84b09aab700c878d9ee51de4,2026-07-29 09:54:28
vietnamese,Deut,5,33,8199,980e6e9a613ad46ab25631c0b1c592589d4e008b,2026-07-29 09:54:28
vietnamese,Deut,6,25,6265,d9ce10732e815c6a3b7635631770fdc908bc96fe,2026-07-29 09:54:29
vietnamese,Deut,7,26,7688,ccae5058bfdc53f76df7b20fc1d794029c84164a,2026-07-29 09:54:29
vietnamese,Deut,8,20,5245,521e4551f942e23237b923e546e5628dc4f59828,2026-07-29 09:54:30
vietnamese,Deut,9,29,8383,9bbc97aa6d78f94f79ae637a3963863fbe994139,2026-07-29 09:54:30
vietnamese,Deut,10,22,5739,dc1c104a666c2365f6b15a5b26405e70c9065d7f,2026-07-29 09:54:30
vietnamese,Deut,11,32,8334,68f6dbc82431ffd18fdba8f1593bb4ca9990cf50,2026-07-29 09:54:31
vietnamese,Deut,12,32,9096,64b01eae8e588a0d602ecfd5020e2885da699e83,2026-07-29 09:54:31
vietnamese,Deut,13,18,5234,a9d53f71ef54b7e1323c3a61651aa6751bde93ed,2026-07-29 09:54:32
vietnamese,Deut,14,29,6449,8f8739e96aa16f5184292241c0a03be8446934b0,2026-07-29 09:54:32
vietnamese,Deut,15,23,6350,5554293fd071463ecb679775615717ef35e033c3,2026-07-29 09:54:32
vietnamese,Deut,16,22,6174,543fe43608bd9e3f932af35d1b0a66d012262b7e,2026-07-29 09:54:33
vietnamese,Deut,17,20,5536,cacdf0e5862907099d86e369125dfd2f3dba6922,2026-07-29 09:54:33
vietnamese,Deut,18,22,5660,024f2a1c871ffdbe4756e9bd02484e78051ba1bb,2026-07-29 09:54:34
vietnamese,Deut,19,21,5515,694e1ac8276968b9167aae16d3d59284bbae1379,2026-07-29 09:54:34
vietnamese,Deut,20,20,5180,d729dd22012abba0bce02ad7e128b4953e66e8cc,2026-07-29 09:54:34
vietnamese,Deut,21,23,5933,604c4757411442c10d6865457bbbc4b3c78c8e63,2026-07-29 09:54:35
vietnamese,Deut,22,30,7428,e499c8ac4e846e97dd2a8e35103dff4cc12d76c0,2026-07-29 09:54:35
vietnamese,Deut,23,25,6185,171fe83a1f465cc61cfacd1e888f162a6e96a7e0,2026-07-29 09:54:36
vietnamese,Deut,24,22,5751,a84f523e440eb827bba1934b032c82059ab771ce,2026-07-29 09:54:36
vietnamese,Deut,25,19,4870,4165e5fb03873e29244d47955b21f43c2f15e37d,2026-07-29 09:54:36
vietnamese,Deut,26,19,5804,a71c1ec1032d2fb277a7167514f78ce22b3f629f,2026-07-29 09:54:37
vietnamese,Deut,27,26,5895,c1bd04711ef72118ef8269fbd36a4efc1082d7a9,2026-07-29 09:54:37
vietnamese,Deut,28,68,17861,762d70729d53b0b617ec762cd30d5d744d690eb3,2026-07-29 09:54:38
vietnamese,Deut,29,29,7663,c6a7e9534b0aa9438f81d3a0ba75ed86f24d7d00,2026-07-29 09:54:38
vietnamese,Deut,30,20,5846,d21ff51740af9885f9c275914a06dd9b7bc95daa,2026-07-29 09:54:39
vietnamese,Deut,31,30,8339,44d162b2e958523ffd92a8d6db9a4683a2e41b63,2026-07-29 09:54:39
vietnamese,Deut,32,52,12403,bdd022802ea474f416294235633e94c633cfeeaf,2026-07-29 09:54:39
vietnamese,Deut,33,29,7694,be149503be44e0b62df069980a07adb63a675362,2026-07-29 09:54:40
vietnamese,Deut,34,12,3026,9c7fa593b61af1e8c844eee69178c5cb7c8f00a0,2026-07-29 09:54:40
vietnamese,Josh,1,18,5199,abadbfa138b1da5b30689b6a9f8d2b52a5702ce8,2026-07-29 09:54:41
vietnamese,Josh,2,24,6304,1a9403b200fe5a32a2a6224fc514f16b608012d2,2026-07-29 09:54:41
vietnamese,Josh,3,17,4712,bc182251eb4d6884f247a6b1a7371fc33c804d8e,2026-07-29 09:54:41
vietnamese,Josh,4,24,6149,48cd9ad6c61f7ae71062b77f8ff6de8c73828134,2026-07-29 09:54:42
vietnamese,Josh,5,15,4556,b5cb2fd5aeb6404f4208f04c3611c6368ee7299c,2026-07-29 09:54:42
vietnamese,Josh,6,27,7367,50c1920ecbceca49339198a9b9114ebce7feab7a,2026-07-29 09:54:43
vietnamese,Josh,7,26,7634,55e166809576e081a196f73168c29fa48acea0e0,2026-07-29 09:54:43
vietnamese,Josh,8,35,9448,4177855b208c48a6cdc94aab92f8b25279327f72,2026-07-29 09:54:44
vietnamese,Josh,9,27,7103,594c9322d2d8677e555c4f1e55a487cd9bcf983f,2026-07-29 09:54:44
vietnamese,Josh,10,43,11460,64a93c187b50915e820314a9ed8f1d3fbe581018,2026-07-29 09:54:44
vietnamese,Josh,11,23,5914,1fa9a13a96fba2d6950cbb19bd8bd5753e3fdf8f,2026-07-29 09:54:45
vietnamese,Josh,12,24,4312,4fef059f50fb0db22104fe78d3b172a4befb48a5,2026-07-29 09:54:45
vietnamese,Josh,13,33,7767,0288ef1604b164fbbce30bd47088e931666d7067,2026-07-29 09:54:46
vietnamese,Josh,14,15,4376,a94a278cc35299ed32c3aee3cf462926f88b7f53,2026-07-29 09:54:46
vietnamese,Josh,15,63,10639,d6244d7870522a59f66ea0017a819b1ac637c631,2026-07-29 09:54:47
vietnamese,Josh,16,10,2535,058c2315a2ea980c77fddb0baf0dbd7e3552e6e0,2026-07-29 09:54:47
vietnamese,Josh,17,18,5555,0227c41a345206b8852659820a7867beacaae547,2026-07-29 09:54:47
vietnamese,Josh,18,28,6682,274737dbcbc32c58ac3ce5d129f6d8db14d89e28,2026-07-29 09:54:48
vietnamese,Josh,19,51,9661,744e5f6f43e25070bde31a8f276511b31257b483,2026-07-29 09:54:48
vietnamese,Josh,20,9,2715,73dc1ddbd2808b66a3184242fe97be68ae2e2ec2,2026-07-29 09:54:49
vietnamese,Josh,21,45,10289,1ac92949989cfa955136b63145811c5558aff3bd,2026-07-29 09:54:49
vietnamese,Josh,22,34,10887,2c53a7ce6274d9089e08301cef18480e826a9bdd,2026-07-29 09:54:50
vietnamese,Josh,23,16,5232,10ab3eed12a061f401770a50b63a131458f63ee9,2026-07-29 09:54:50
vietnamese,Josh,24,33,9489,112d1a42513a4819613630e023b9fbe3bb94ab2c,2026-07-29 09:54:50
vietnamese,Judg,1,36,8758,35a731254689ce9f10352d196653f3e2bba3d5c7,2026-07-29 09:54:51
vietnamese,Judg,2,23,6502,829bc43cdb9bdf86d5a15d66cb1d8dc3fdf60d0d,2026-07-29 09:54:51
vietnamese,Judg,3,31,7607,48031bb7d469409223ebdd5fc47c73aa03b77d04,2026-07-29 09:54:52
vietnamese,Judg,4,24,6350,84249634d7143b20dacf8f7258e05b4dbbb039b5,2026-07-29 09:54:52
vietnamese,Judg,5,31,7677,631c2f213e890895674102c76fcb315d4483b935,2026-07-29 09:54:52
vietnamese,Judg,6,40,11317,62c8bfbf1e7adfe9150bd3827e4bd1196cfffe3f,2026-07-29 09:54:53
vietnamese,Judg,7,25,7545,d5e5344d07aaffce4047a04e492db9faebb642b3,2026-07-29 09:54:53
vietnamese,Judg,8,35,9142,59692f62457d4e72f6853412f583e439d421daaa,2026-07-29 09:54:54
vietnamese,Judg,9,57,14007,e91e33e7e734d71033e245a1c3ac9ad38442baf0,2026-07-29 09:54:54
vietnamese,Judg,10,18,4528,dfb2b84634f7e9de862e707d367296af0e502bec,2026-07-29 09:54:55
vietnamese,Judg,11,40,10655,065e9c37236d68adddba84dd59384513690da340,2026-07-29 09:54:55
vietnamese,Judg,12,15,4029,9bf2c46be7826838648665b538644b455ad8d312,2026-07-29 09:54:55
vietnamese,Judg,13,25,6859,5f82a5f6a68550310312e762b625c2c5150fe387,2026-07-29 09:54:56
vietnamese,Judg,14,20,5634,a6de2a39d6ab7757408d13d150a24c3bddd59668,2026-07-29 09:54:56
vietnamese,Judg,15,20,5330,26e767ea3e00e45f800bd57a5549854191372c1d,2026-07-29 09:54:57
vietnamese,Judg,16,31,8891,124b5ed0ab7022f9f7781e4beb4aca45b70c553e,2026-07-29 09:54:57
vietnamese,Judg,17,13,3346,4bb867668c7089410e34a2746a92211f2591782e,2026-07-29 09:54:58
vietnamese,Judg,18,31,8010,b299d635b11d1ca5d549ee21e2c240ddb0288a52,2026-07-29 09:54:58
vietnamese,Judg,19,30,8355,acb70f89fd0e0ca7b22b9af97681ac50f7dc0fdc,2026-07-29 09:54:58
vietnamese,Judg,20,48,12540,85295937b57095959e5fca7baa65ed65bfb3d39c,2026-07-29 09:54:59
vietnamese,Judg,21,25,6686,f8fc5fe61cd779a6a2521719aaf0e9d9416de663,2026-07-29 09:54:59
vietnamese,Ruth,1,22,5424,d7a826e5ea362f3fdd569860b4b1498a7cdfd2b5,2026-07-29 09:55:00
vietnamese,Ruth,2,23,6218,179539069cdbfcb8ceccfcc89516b686fa6e68d3,2026-07-29 09:55:00
vietnamese,Ruth,3,18,4739,e2b4d1d1e0cf551ba927a2120130d7319df9453c,2026-07-29 09:55:01
vietnamese,Ruth,4,22,5652,4cf697a0cde664f7a77be00bf527afda39205d46,2026-07-29 09:55:01
vietnamese,1 Sam,1,28,7178,f6cfcc252e77b0230bfcccb802ac78936cf8995a,2026-07-29 09:55:01
vietnamese,1 Sam,2,36,10301,2af1b98f0c28d4e0443dfeb7598933c79cdd73f5,2026-07-29 09:55:02
vietnamese,1 Sam,3,21,5188,9a4ee82edbaec0ff2c6b6a7f2d9fde04a0e39069,2026-07-29 09:55:02
vietnamese,1 Sam,4,22,6470,7f35ae589262d2184f055fc12e92c1501e019bc9,2026-07-29 09:55:03
vietnamese,1 Sam,5,12,3710,d8d553790830bf7b45a3a39e9c5636aba90f11a7,2026-07-29 09:55:03
vietnamese,1 Sam,6,21,6496,c43ebc2d0a885b7d1ba2f011c9d83cabd473aca8,2026-07-29 09:55:03
vietnamese,1 Sam,7,17,4859,b6e53a8cd9054c016b7570a8621aba7713b05af3,2026-07-29 09:55:04
vietnamese,1 Sam,8,22,5310,bd61d18ed46b505e28142b088b365ffc32204920,2026-07-29 09:55:04
vietnamese,1 Sam,9,27,7895,d0d45a9ec04f2016928ae84c656cf863c35479de,2026-07-29 09:55:05
vietnamese,1 Sam,10,27,7495,1176077c00eedef9afd4ba592e8ac2c5f97de08b,2026-07-29 09:55:05
vietnamese,1 Sam,11,15,4369,99450ade8817f8c877681aa2a1cda403262f6cb1,2026-07-29 09:55:06
vietnamese,1 Sam,12,25,7319,89080fd0cc341efdd11e5d4c003dfb962789539f,2026-07-29 09:55:06
vietnamese,1 Sam,13,23,6034,694cd39a8de65d4ce2190c3c535e2e5e58d71b22,2026-07-29 09:55:06
vietnamese,1 Sam,14,52,14142,5176feb832ff0149b7b230b1dedf103bd920a733,2026-07-29 09:55:07
vietnamese,1 Sam,15,35,9305,a703c816d8c53c8dae8fc01f48e110c64f142a03,2026-07-29 09:55:07
vietnamese,1 Sam,16,23,6492,64e90eb879e0cd75872bb0e59bee1af5d87250dd,2026-07-29 09:55:08
vietnamese,1 Sam,17,58,14674,c374e34c6dd9664e4df154d5bb2a0ecad82ba854,2026-07-29 09:55:08
vietnamese,1 Sam,18,30,7326,d190c25de757b5d0b40cc2c8010192ce90afb334,2026-07-29 09:55:09
vietnamese,1 Sam,19,24,6418,2571c904bede53715c6f7474b83766a23ee436bf,2026-07-29 09:55:09
vietnamese,1 Sam,20,42,11060,b867797296838a4422b4933fa0c3330d5711209c,2026-07-29 09:55:09
vietnamese,1 Sam,21,15,4422,70fb6baaad37f251cd05d3376181eecc994b114a,2026-07-29 09:55:10
vietnamese,1 Sam,22,23,6777,7a8eef06896cde9de53035e86631189f4c667d1e,2026-07-29 09:55:10
vietnamese,1 Sam,23,29,7558,dab25745a0ab60f74d6b147c21d36bd515ae8b8f,2026-07-29 09:55:11
vietnamese,1 Sam,24,22,5953,9a161d6b6f35dda92c9f88b6f5d5fb503402a9c9,2026-07-29 09:55:11
vietnamese,1 Sam,25,44,12103,bc36f122cdcd614d97f58f34bfcd1954854664c0,2026-07-29 09:55:11
vietnamese,1 Sam,26,25,7369,3eefa36aec9424d59740f656ad457156f2ba77f9,2026-07-29 09:55:12
vietnamese,1 Sam,27,12,3292,acc9b020e854bfdd642162727a9823735356ed28,2026-07-29 09:55:12
vietnamese,1 Sam,28,25,6916,b4f282cd55c26e7c7de8596b8ba4a41374c11b16,2026-07-29 09:55:13
vietnamese,1 Sam,29,11,3540,f69f5ecc791c790f6de25a9b8502093cd7219561,2026-07-29 09:55:13
vietnamese,1 Sam,30,31,8014,031d66d27dbe151b4a1472ec60a02754e790197a,2026-07-29 09:55:14
vietnamese,1 Sam,31,13,3414,a0805251bb0d42a37b5e2c0336c4e9b0874a633a,2026-07-29 09:55:14
vietnamese,2 Sam,1,27,6489,9a74a95af5d8423dab7c3faab0ff5a38010c73aa,2026-07-29 09:55:14
vietnamese,2 Sam,2,32,8150,53da9f8f203b0ef00187998acfe0375ee1552a0a,2026-07-29 09:55:15
vietnamese,2 Sam,3,39,10159,b385f66b418061e44817c389f86e74eb745db3f8,2026-07-29 09:55:15
vietnamese,2 Sam,4,12,3671,37d7a0f53bc0373ce126cbc7b1b610c227ac0813,2026-07-29 09:55:16
vietnamese,2 Sam,5,25,6126,7c2aa2f6a343c241e47b4c8ff7728daac547c34d,2026-07-29 09:55:16
vietnamese,2 Sam,6,23,6252,ecfd50cc1bf92a38819b6563f519274c6c787c36,2026-07-29 09:55:16
vietnamese,2 Sam,7,29,8226,62b0048fab746fcdbcbfc1f87a34c5b85c4ca427,2026-07-29 09:55:17
vietnamese,2 Sam,8,18,4369,29560cd265b8f7859a5278a5ec760fcca0615840,2026-07-29 09:55:17
vietnamese,2 Sam,9,13,3548,9b5a475ed2f46344fe603c1367dd27a9e9dc3b6e,2026-07-29 09:55:18
vietnamese,2 Sam,10,19,5207,b7912f2542e148ee4c4fc0dcdd3750cd3647e3db,2026-07-29 09:55:18
vietnamese,2 Sam,11,27,7112,a8a923d20f690fc5a05595ef08c2f98a92997aad,2026-07-29 09:55:19
vietnamese,2 Sam,12,31,8473,c80c50430c20b7245d5d746eda089a81e69aec00,2026-07-29 09:55:19
vietnamese,2 Sam,13,39,10003,4ce8cf74de216670f207cb5a59b71104827163ca,2026-07-29 09:55:19
vietnamese,2 Sam,14,33,9278,39fcc80a4ddd79ad47bd2193a82a7dfe540efc32,2026-07-29 09:55:20
vietnamese,2 Sam,15,37,9909,225fb8c2b25cd1d235ca00a394e480e0a1aff7fa,2026-07-29 09:55:20
vietnamese,2 Sam,16,23,6562,f145e8c129e2558d6d9d3e6a109a6ecf15cb0955,2026-07-29 09:55:21
vietnamese,2 Sam,17,29,8220,cf2effad158427bc86ce5dfb66eccd45b3c28870,2026-07-29 09:55:21
vietnamese,2 Sam,18,33,9301,13491b7cc3bbb75ec7fda022a5b23e7f59252244,2026-07-29 09:55:22
vietnamese,2 Sam,19,43,12147,b510a890ab0869a7a5d158d7848fe264c36f3e60,2026-07-29 09:55:22
vietnamese,2 Sam,20,26,7465,dfd30f4abf8a04f5f5a16052d29a139a330c798c,2026-07-29 09:55:23
vietnamese,2 Sam,21,22,6761,286da8a50d340f36003058cd52e8f90f4f761168,2026-07-29 09:55:28
vietnamese,2 Sam,22,51,10341,b01a47e868e58771521f6b77090f47bc19a889f1,2026-07-29 09:55:29
vietnamese,2 Sam,23,39,9225,39b355818275213df2fafbcc123bdd46e9792f43,2026-07-29 09:55:29
vietnamese,2 Sam,24,25,7539,9f3564b501763a768b38d006d210b60982b08dbb,2026-07-29 09:55:30
vietnamese,1 Kin,1,53,13274,3e01b5ff2a58e3723d0d47947e7bda192ee4cb09,2026-07-29 09:55:30
vietnamese,1 Kin,2,46,12974,b08dd11d35a2d2fbcbeec82a0e0d01e3a74fb1b9,2026-07-29 09:55:31
vietnamese,1 Kin,3,28,7650,904989f636551949ae747ad7545b1342bc2dc8f6,2026-07-29 09:55:31
vietnamese,1 Kin,4,34,7273,470895e3c845b8f54a5a4af08811198cd886cce2,2026-07-29 09:55:31
vietnamese,1 Kin,5,18,4890,93e855b4a5d25e08b0b594031ba5abea3c100920,2026-07-29 09:55:32
vietnamese,1 Kin,6,38,8156,f7bc829181cd0e4b3cdea12d26dfc8deb5dfb1f2,2026-07-29 09:55:32
vietnamese,1 Kin,7,51,11847,e936229c567e2892184ad87d3388d183e503e443,2026-07-29 09:55:32
vietnamese,1 Kin,8,66,18622,5efae440bf5151a62396ea3dcff63be35df71b20,2026-07-29 09:55:33
vietnamese,1 Kin,9,28,7396,79a89ae96ee6977240029853d0f0d896a21bddc8,2026-07-29 09:55:33
vietnamese,1 Kin,10,29,7484,be167909cf9a2c5962502494059f08261fed01ca,2026-07-29 09:55:34
vietnamese,1 Kin,11,43,11576,b1865d379eaa07f12f08ef3aaa00cf6e0c2591fc,2026-07-29 09:55:34
vietnamese,1 Kin,12,33,9017,84304b9376ece3995ab089397f61449cec373664,2026-07-29 09:55:34
vietnamese,1 Kin,13,34,9468,bd47df1916383ecc05c5f0dd79efa6f354f19ae8,2026-07-29 09:55:35
vietnamese,Prov,1,33,6347,ce260cac064de6a02bd3075d7624764f5409202c,2026-07-29 09:55:35
vietnamese,1 Kin,14,31,8507,7e977638db1e697e5be19eeab54d73abdce6d12d,2026-07-29 09:55:35
vietnamese,Prov,2,22,3847,3e22cad62592beb6b57209fe88be2852b420e2f1,2026-07-29 09:55:35
vietnamese,1 Kin,15,34,8507,9614baf9a74e508fab9efb4c582b8b8d53c8efc9,2026-07-29 09:55:35
vietnamese,Prov,3,35,6257,f280d8b90b8b06e889c32a36bdf78f2ce59fc991,2026-07-29 09:55:36
vietnamese,1 Kin,16,34,8778,3a097064ad626aedda0eb28491869822027e6db3,2026-07-29 09:55:36
vietnamese,Prov,4,27,5016,9fa453800687314d94418ef74af66736232aee39,2026-07-29 09:55:36
vietnamese,1 Kin,17,24,6048,46374d850940d9299e7aea15469b335d554ee208,2026-07-29 09:55:36
vietnamese,Prov,5,23,4039,f94952ec1a4b0024f1425d34214e18fb68e1551d,2026-07-29 09:55:36
vietnamese,1 Kin,18,46,12092,195aac91d277d563f99d35756aa90740d77b2862,2026-07-29 09:55:36
vietnamese,Prov,6,35,6432,3bd013b5a80e9c2eafeef709d5a20d0c81d90b09,2026-07-29 09:55:37
vietnamese,1 Kin,19,21,6246,eb3463e6c63072966cd778e9c357b50ea9c008dc,2026-07-29 09:55:37
vietnamese,Prov,7,27,4675,0398d2871c93bc5f736fe5c7bdbf278619607f5b,2026-07-29 09:55:37
vietnamese,1 Kin,20,43,12162,184a31079d7f3e840b69840f945a122b2ff27ad1,2026-07-29 09:55:37
vietnamese,Prov,8,36,6598,b7bdd50ee527fd4d4ab03223167a9ebc04d9f4e3,2026-07-29 09:55:37
vietnamese,1 Kin,21,29,7805,3f76b92567cb7d8307d67290d2d42dbf40250ba2,2026-07-29 09:55:38
vietnamese,Prov,9,18,3313,550e2e1faf5ad3f29cbb8530b2aeff4e1ffcd59f,2026-07-29 09:55:38
vietnamese,1 Kin,22,53,13388,f699e6376a8d9f001cfea44c2c05f5a5ed12ef49,2026-07-29 09:55:38
vietnamese,Prov,10,32,6002,728be87a49b64cb1766af93644329fabbf36d043,2026-07-29 09:55:38
vietnamese,2 Kin,1,18,5729,e9372de22cf1d451fae26dca30fff4de672bc188,2026-07-29 09:55:38
vietnamese,Prov,11,31,6167,48015d04ae257325b5424952ef8382482926978f,2026-07-29 09:55:38
vietnamese,2 Kin,2,25,7201,304c99e6d2c0e98852855e1f6b4b3684d94e9026,2026-07-29 09:55:39
vietnamese,Prov,12,28,5429,2366987472b9537312d693c6795693480a2b3845,2026-07-29 09:55:39
vietnamese,2 Kin,3,27,7098,49d8fc1812d7b6f924b6861df9d199920fe00c98,2026-07-29 09:55:39
vietnamese,Prov,13,25,4871,5708aa3077527a7db661c735c74e7d90b83d6264,2026-07-29 09:55:39
vietnamese,2 Kin,4,44,11921,e3eeba0f45aeda6a61e3e89da1268355684efc24,2026-07-29 09:55:39
vietnamese,Prov,14,35,6766,5862bdf62901c1b0523907a02339bb1f2c3cdd5f,2026-07-29 09:55:40
vietnamese,2 Kin,5,27,8334,8ef7b950631985060f8947daac5a7ee34b4fe4c8,2026-07-29 09:55:40
vietnamese,Prov,15,33,6278,86746de3c8e401e13fe0d9a63d213d78b57c55e8,2026-07-29 09:55:40
vietnamese,2 Kin,6,33,8932,6d93d524c3c19ebea72e3a8a3732564964ac7f2f,2026-07-29 09:55:40
vietnamese,Prov,16,33,6348,f242c24ae37580588f3148968f5fcdce7cb6a227,2026-07-29 09:55:40
vietnamese,2 Kin,7,20,6467,e7493d72ac0389824501669916219b8d71cd4946,2026-07-29 09:55:40
vietnamese,Prov,17,28,5365,c0790db5fe9da9ec5402a5db88c4d2b8d6f0f7fc,2026-07-29 09:55:41
vietnamese,2 Kin,8,29,8375,ac954ba3ad407f1f135c116c01752bc3a150a8c4,2026-07-29 09:55:41
vietnamese,Prov,18,24,4571,69b556acd169fd526a50be0f3b48d40cab258df0,2026-07-29 09:55:41
vietnamese,2 Kin,9,37,10494,83ea05309304a97252728547873ddc842ec78666,2026-07-29 09:55:41
vietnamese,Prov,19,29,5702,3ee276d862dee30a3bcf9c784eb6e26fe4ac41da,2026-07-29 09:55:41
vietnamese,Prov,20,30,5628,c06688c566f8a9b8190f451ad8c211dba54013c8,2026-07-29 09:55:42
vietnamese,2 Kin,10,36,10594,eca7b68a3d856643e9f72b7b1a74c3f66faee0e2,2026-07-29 09:55:42
vietnamese,Matt,1,25,4843,c10b23f9f80d2c637f3f01007cbd58ca8f748f23,2026-07-29 09:55:42
vietnamese,Prov,21,31,5864,7071e6b5bbdbaa4cd58b4529b243e4062c6d4603,2026-07-29 09:55:42
vietnamese,2 Kin,11,21,5976,67792f4f1a6642d33adc0cf9e3454027a3768f99,2026-07-29 09:55:42
vietnamese,Matt,2,23,5620,13e4b1d4752ed787a599445b191d8b4865581b1f,2026-07-29 09:55:42
vietnamese,Prov,22,29,5466,491b46b01ae9f1b4256eb3ef763618fe8f1657f2,2026-07-29 09:55:42
vietnamese,2 Kin,12,21,6032,388fd4c15fba3f4671431fad2b81ea569b3baac9,2026-07-29 09:55:42
vietnamese,Matt,3,17,3899,772ebfeb2954f01b9bd79824e5e1ea9c95b1390d,2026-07-29 09:55:43
vietnamese,Prov,23,35,6193,2f2d8a6a78e621b8d75c1e9b23832d9db73513c5,2026-07-29 09:55:43
vietnamese,2 Kin,13,25,6820,cbf36121b26ec7d26606fe82846032c7a5ca9428,2026-07-29 09:55:43
vietnamese,Matt,4,25,5602,950e780d94ca6388e7c0fe17cc99529aad071b29,2026-07-29 09:55:43
vietnamese,Prov,24,34,6489,ceb81b9189c3a5ebab1e815e88ecfe2aef26b80b,2026-07-29 09:55:43
vietnamese,2 Kin,14,29,7658,8afaa8add358d0a02fbfa71e58e36bc8a8638c08,2026-07-29 09:55:43
vietnamese,Prov,25,28,5359,12adc2dda780cf7870a5dc02e3ffaf08465db0fd,2026-07-29 09:55:43
vietnamese,Matt,5,48,10352,05d0346d4b9a4262f45b8c7a4e2bcabd46427b5d,2026-07-29 09:55:43
vietnamese,2 Kin,15,38,9403,e5c204a183093dda0d6301a1ec0ea8a5ce30729c,2026-07-29 09:55:43
vietnamese,Prov,26,28,5015,79513b0b621b8929662d401e7d8662d17f46df56,2026-07-29 09:55:44
vietnamese,Matt,6,34,7993,0e48537f5a29551b46f51e086b7d77c392ffff44,2026-07-29 09:55:44
vietnamese,2 Kin,16,20,5569,cf7c07a16063b67e36f7e24b5b71f75ff5a7419e,2026-07-29 09:55:44
vietnamese,Prov,27,27,5163,28e1ef9b2ace6bb256b4a59effda891f844e625d,2026-07-29 09:55:44
vietnamese,Matt,7,29,5815,ec79f6db59344ed4b9b53ee400f34b5e68877cf4,2026-07-29 09:55:44
vietnamese,2 Kin,17,41,11296,6976ed4ac7a76ae66d4d69cf3e17573541b03e61,2026-07-29 09:55:44
vietnamese,Prov,28,28,5747,cd495ca02681b0183b8f0d71ad9afc8fdac96bad,2026-07-29 09:55:44
vietnamese,Matt,8,34,7414,6adb20fc9f6654939e7c8da840d2c351c35104b6,2026-07-29 09:55:44
vietnamese,2 Kin,18,37,10306,9c43dff608d87c783bbc166c3386f45ff00f4745,2026-07-29 09:55:45
vietnamese,Prov,29,27,5249,9eae531f005262d2835a4448ac4af6f2baf850c9,2026-07-29 09:55:45
vietnamese,Matt,9,38,8516,c70836d835167f219873d081d495057978a9c639,2026-07-29 09:55:45
vietnamese,2 Kin,19,37,10012,75d2795cb6bf78002b7aef7ce6a75683fe43ce1d,2026-07-29 09:55:45
vietnamese,Prov,30,33,6362,2f604696e2d6bc99fc88e64db70e93e2bb289946,2026-07-29 09:55:45
vietnamese,Matt,10,42,8796,001183232db2e992cd174cc3f7c75b68802c9649,2026-07-29 09:55:45
vietnamese,2 Kin,20,21,5752,994a5955593d0d17f76bc28ccea66fa9a8584088,2026-07-29 09:55:45
vietnamese,Prov,31,31,5631,c789d8faf1760d3ed4cb4347ad86e150676acc1b,2026-07-29 09:55:45
vietnamese,Matt,11,30,6547,ded39305de3bd35a244c8d567c6eb0aa550e6d86,2026-07-29 09:55:45
vietnamese,2 Kin,21,26,6832,e44f554851ea3cb6b451d71523b512cbab1221ce,2026-07-29 09:55:46
vietnamese,Eccl,1,18,3752,c954aa22c785fec999f4ba55b7395c3bddb0f1c2,2026-07-29 09:55:46
vietnamese,Matt,12,50,10699,5e27b227aa9270aeb090cb52c1406c5295b2a551,2026-07-29 09:55:46
vietnamese,2 Kin,22,20,5781,f6b10fde919d1ea96f1a29b29b912a82d8b82580,2026-07-29 09:55:46
vietnamese,Eccl,2,26,6552,ec770f2c2673378870d8c591b67d55b02a62d86a,2026-07-29 09:55:46
vietnamese,Matt,13,58,12453,7cb93b9677112ceb00bf2a80c26a180b4d900cfc,2026-07-29 09:55:46
vietnamese,Eccl,3,22,4818,b378f619530c3866cc8aa98b8a286b66536d406c,2026-07-29 09:55:46
vietnamese,2 Kin,23,37,11854,eeaa26ef69da8bc17551a91c2aab4a27d90c42fd,2026-07-29 09:55:46
vietnamese,Matt,14,36,6920,e9bc088cd8f50ac53d09e1b24595805ed963d27e,2026-07-29 09:55:47
vietnamese,2 Kin,24,20,5419,0c3065048044ce2d70858978dc8696832435edf4,2026-07-29 09:55:47
vietnamese,Eccl,4,16,3584,7452f6f28f6efccad1d180c4b99c300f70b7ef5e,2026-07-29 09:55:47
vietnamese,Matt,15,39,8048,8210ab133199bf3da90b75d7c3a1c6eb925399ac,2026-07-29 09:55:47
vietnamese,Eccl,5,20,5030,e7d6977b6e8dd24f5014c471a6064d37466b0263,2026-07-29 09:55:47
vietnamese,2 Kin,25,30,7638,f801b2f89f926ebcef875dc311116703f81ecb7b,2026-07-29 09:55:47
vietnamese,Matt,16,28,6644,1b049f15b384898bbb0bd02fd51ecec6f9fbe2b9,2026-07-29 09:55:47
vietnamese,Eccl,6,12,3027,ef38ddf666fac35321742d5be01eea44a0616614,2026-07-29 09:55:47
vietnamese,1 Chr,1,54,8651,958c0677330ad1d1a236ebd3a1edea5f76c93144,2026-07-29 09:55:47
vietnamese,Matt,17,27,6333,4f294b02dd4e93aac75596a26c980f94d1057176,2026-07-29 09:55:48
vietnamese,1 Chr,2,55,9579,63be78604a60abb0e4f770016cbb69ddb01089e8,2026-07-29 09:55:48
vietnamese,Eccl,7,29,6074,1b68cdd6120d6b5b3745afbab2a4e76a4da0c646,2026-07-29 09:55:48
vietnamese,Matt,18,35,7842,3612742e28022959e9526a475ba436bbab90e713,2026-07-29 09:55:48
vietnamese,1 Chr,3,24,4673,970add6116367816e46b8ef1c983ba08130f8ef3,2026-07-29 09:55:48
vietnamese,Eccl,8,17,4453,fa3bd84109ca7bc8c76b6388a1ea7a4def3cab22,2026-07-29 09:55:48
vietnamese,Matt,19,30,6888,7ca33db18e970ff11feb795cd461673f8d14f9ce,2026-07-29 09:55:48
vietnamese,1 Chr,4,43,8703,98b0b97b7d99d66f3d4c74aac76903791efff0b9,2026-07-29 09:55:48
vietnamese,Eccl,9,18,4963,ad394d95ffacb102d38ebd44504f3a7c9bbf27a6,2026-07-29 09:55:48
vietnamese,Matt,20,34,7400,2551942c87e20700baff5aece2baa3e0c1954b5a,2026-07-29 09:55:49
vietnamese,1 Chr,5,26,6394,5f8decbfb15b4dd25c07513366b3322be77c8f80,2026-07-29 09:55:49
vietnamese,1 Tim,1,20,5188,def6ce031a0921dcb1af3468407c973e895b6fda,2026-07-29 09:55:49
vietnamese,Eccl,10,20,4096,7e3e5a030b6a527b9a63114312fa78fad1b9ca96,2026-07-29 09:55:49
vietnamese,Matt,21,46,10804,51abf747738b0e4fd6df7d8f02dcdf6d9520cec2,2026-07-29 09:55:49
vietnamese,1 Tim,2,15,3259,056f3fca46bccfc23be5acaf587f5cccf525ab47,2026-07-29 09:55:49
vietnamese,1 Chr,6,81,15192,3207319b30556a8574f9832ba207af967a40ac5d,2026-07-29 09:55:49
vietnamese,Eccl,11,10,2668,46f273addd14d744c1bd73a0e62e7caee380d787,2026-07-29 09:55:49
vietnamese,Matt,22,46,8792,fd22011e8d4ed29405bd05618c455e1d04ac8041,2026-07-29 09:55:49
vietnamese,1 Chr,7,40,8286,219dc0d6750565c786d23477eb8eca84aaaa9721,2026-07-29 09:55:49
vietnamese,1 Tim,3,16,3679,91a10099f230ca5adaa7985a100bd34e55dddf7b,2026-07-29 09:55:50
vietnamese,Eccl,12,14,3602,5ed028577944773931fc3f922809c216a94652b6,2026-07-29 09:55:50
vietnamese,Matt,23,39,9136,d946ae32c3e3d3f7880498c46706f8740f57d780,2026-07-29 09:55:50
vietnamese,1 Tim,4,16,3645,ba39d8b37d7c090ef68b930739bf52320089a6f6,2026-07-29 09:55:50
vietnamese,1 Chr,8,40,6255,344e89ae5895b02f5cbb7b101f3e0ceea3d4dbdd,2026-07-29 09:55:50
vietnamese,Song,1,17,3516,8a560b56ea8aa55b7b7c5587a54d1ed4854f3e4d,2026-07-29 09:55:50
vietnamese,1 Tim,5,25,5518,8d5b278c1a09075a36e13eaad9a60ca5935d631d,2026-07-29 09:55:50
vietnamese,Matt,24,51,10195,6e54e04f444e073a759057795db5d2dde2d23e3a,2026-07-29 09:55:50
vietnamese,1 Chr,9,44,9831,5b0897fbc1b90c7747716173b370c99715b6bdfe,2026-07-29 09:55:50
vietnamese,Song,2,17,3615,29a2a964d27e1637ec6cb86e0a7e182bc84828bb,2026-07-29 09:55:50
vietnamese,1 Tim,6,21,5307,f3a3f86f47e5e449ce736ab433c7a9cb3431464f,2026-07-29 09:55:51
vietnamese,Matt,25,46,9795,687b66a8c936d811ecf5b589e080ffd7e5cf28d8,2026-07-29 09:55:51
vietnamese,1 Chr,10,14,3637,094005cc4cb2c6f697a56d0e47fbd55b0566bfd6,2026-07-29 09:55:51
vietnamese,Song,3,11,2722,062cec33d3d0862a1723400ee83df4ce1d7675d9,2026-07-29 09:55:51
vietnamese,2 Tim,1,18,4570,2eb9db9a9b84a0845abe89c92b9afdb59046bc17,2026-07-29 09:55:51
vietnamese,1 Chr,11,47,9985,b2384c71cfdd56a69bd7e41be997947973f5f7c6,2026-07-29 09:55:51
vietnamese,Matt,26,75,15969,4953d25156f9a7ac1be45cc8a49bbcb748054c82,2026-07-29 09:55:51
vietnamese,Song,4,16,3615,41027a19c52c5669957ea62b5fb780057ed6f645,2026-07-29 09:55:51
vietnamese,2 Tim,2,26,5948,9064842c9cad264f352cff43da3662cef577f8e8,2026-07-29 09:55:51
vietnamese,1 Chr,12,40,9402,2a9c179115dea6db046ed14647ddfb65adca3162,2026-07-29 09:55:51
vietnamese,Song,5,16,3899,0c2f8bba61273eb597a1f65b56c5101362b4d5e6,2026-07-29 09:55:51
vietnamese,Matt,27,66,13394,a180362778b0a0d33f5b89f9551dfe2c524021f9,2026-07-29 09:55:51
vietnamese,2 Tim,3,17,3907,88210ffe0330c62faba1b07cea6b55cf060507e0,2026-07-29 09:55:52
vietnamese,1 Chr,13,14,3872,b657c1f8551195e16c6fa111d1c7cb5434a0c0e9,2026-07-29 09:55:52
vietnamese,Song,6,13,3028,bd4c71f4c34bfbd555e6491478b7c674723bb4c0,2026-07-29 09:55:52
vietnamese,Matt,28,20,4411,789b4601db85af8efaec3e4d56d46947975da578,2026-07-29 09:55:52
vietnamese,2 Tim,4,22,4904,4b6f069f45cced5352c8ee2f7a64b3184008cf20,2026-07-29 09:55:52
vietnamese,1 Chr,14,17,3822,0ccd1cde21685fea94b2fffe17e22740c4d3a448,2026-07-29 09:55:52
vietnamese,Song,7,13,2848,e17d4853d6c89387fcef6f1f1b6395648e9d99b7,2026-07-29 09:55:52
vietnamese,Mark,1,45,8869,b78cd63a251f2bd638116cde71cba6ffb46180e6,2026-07-29 09:55:52
vietnamese,1 Chr,15,29,7164,5d8087754f4ebe61123e523f544dd0f95dc6d120,2026-07-29 09:55:52
vietnamese,Titus,1,16,4081,e1ef5f218447839c6cf948be497e99bda33c2730,2026-07-29 09:55:52
vietnamese,Song,8,14,3584,2eafc616959b43664455f838f8e977fd7637ecc4,2026-07-29 09:55:52
vietnamese,Mark,2,28,6462,176d344e6d5496acb3edcfd25c25a5a73e9112d7,2026-07-29 09:55:52
vietnamese,1 Chr,16,43,9425,fc4d3bc810f7b733e4b957c2e8e4640d6b5482a9,2026-07-29 09:55:53
vietnamese,Titus,2,15,3354,da77e6c182829d7794e55faeaab28888ce91804e,2026-07-29 09:55:53
vietnamese,Is,1,31,7281,f19bb3fce1c622071cd39d27eaa8fdb78b98bb2c,2026-07-29 09:55:53
vietnamese,Mark,3,35,6805,d87c1431398ca8a19ab1d8ccbb574a6f1e4d2d77,2026-07-29 09:55:53
vietnamese,1 Chr,17,27,7476,c7c1e4020ff390bd9ebd072be11d273745296f64,2026-07-29 09:55:53
vietnamese,Titus,3,15,3733,16a78d4227606c257252e32337235fd7ccc85d8a,2026-07-29 09:55:53
vietnamese,Is,2,22,4835,8ded20a98f58a6764bc822b017a2667851fa6856,2026-07-29 09:55:53
vietnamese,Mark,4,41,8205,145b8526c82ee27b2322ed1190c874d9dec5d21f,2026-07-29 09:55:53
vietnamese,1 Chr,18,17,4227,14c29323c0db498a6679898298746309589a1dd5,2026-07-29 09:55:53
vietnamese,Philem,1,25,5183,a36d443713ee558fa4e0866a1cb5a8ea45af2750,2026-07-29 09:55:53
vietnamese,Is,3,26,5192,876276119664465e4e2e740779faa630f2ce4128,2026-07-29 09:55:53
vietnamese,Mark,5,43,8584,211a95dcccd3e3a9b9bf8be3c46b289a55dceb22,2026-07-29 09:55:53
vietnamese,1 Chr,19,19,5357,6eec32947a2f735e667a84902f9c1bfe54c896c1,2026-07-29 09:55:54
vietnamese,Heb,1,14,3541,6b5c91f45418b4016283ae6eaf0251a270907143,2026-07-29 09:55:54
vietnamese,Is,4,6,1795,0bbf2b4a3d6ca7b9c445a94a8b7138a31a8e5956,2026-07-29 09:55:54
vietnamese,Mark,6,56,11506,d4063d8df1e979698045469e720650532401537f,2026-07-29 09:55:54
vietnamese,1 Chr,20,8,2544,be0483834615a37e8c56b1e2cbc087c498d613a5,2026-07-29 09:55:54
vietnamese,Heb,2,18,4567,f21d14eb533d45d623242cb8329406bab15649c1,2026-07-29 09:55:54
vietnamese,Is,5,30,7405,a556c0fe8505552c5f7552b686929e08cee8c72a,2026-07-29 09:55:54
vietnamese,Mark,7,37,7660,9acd6ad0dc31439fcfb78d9aa5caba884a322585,2026-07-29 09:55:54
vietnamese,1 Chr,21,30,8419,fb86a1de7d20ccc7cd47b23f5c23390e1efa2a64,2026-07-29 09:55:54
vietnamese,Heb,3,19,4233,117d53aa6446ec3f4945a9523bb9f21ca8a4a16a,2026-07-29 09:55:54
vietnamese,Is,6,13,3111,d2ea97543980ac6bb2075804ebef2c127f99a3a5,2026-07-29 09:55:54
vietnamese,Mark,8,38,7698,3c22e86afae30a5712e567f25aa6d02e6730ae9a,2026-07-29 09:55:55
vietnamese,1 Chr,22,19,5591,b3df300e7537ea10415d476efa0f66be3427e657,2026-07-29 09:55:55
vietnamese,Heb,4,16,4065,a26b1b2f3c17b544deb675b6ce24d74941f0e021,2026-07-29 09:55:55
vietnamese,Is,7,25,5619,071a09e9366b958f39cbb789a5e6e25bb5bd8982,2026-07-29 09:55:55
vietnamese,Mark,9,50,10889,f3f0b0e76781832d98d2805ef518530380bb524e,2026-07-29 09:55:55
vietnamese,1 Chr,23,32,6918,8260e881c6318f09ba16793d8adb46e1ad715882,2026-07-29 09:55:55
vietnamese,Heb,5,14,3231,ee7947493f3586cd249bebb3f1a2e7652bcfd0ca,2026-07-29 09:55:55
vietnamese,Is,8,22,4935,7c43f54b6e47ea240b94375823e1dfd354efbcf6,2026-07-29 09:55:55
vietnamese,1 Chr,24,31,6404,24c44a3cd487d005318db952fdd451dd834041f1,2026-07-29 09:55:55
vietnamese,Heb,6,20,4773,b12717b93c66345c569d1245e7bc5584cc7bf7c1,2026-07-29 09:55:55
vietnamese,Is,9,21,5510,da3175318c856287e676be9c611144eda99433d8,2026-07-29 09:55:55
vietnamese,Mark,10,52,11394,508b8ac2e13d6a1c3a7a86fc3986bec5457c7d64,2026-07-29 09:55:56
vietnamese,1 Chr,25,31,7091,ba0691ee03432f905356008ae495697395b82f16,2026-07-29 09:55:56
vietnamese,Heb,7,28,6764,2dd560e18dfe11979a16e218a525fb36021b5c33,2026-07-29 09:55:56
vietnamese,Is,10,34,7905,034ca55662660fce1d43f10382e782e6c4e10d95,2026-07-29 09:55:56
vietnamese,Mark,11,33,7346,0ba5142c1ddfee76ed4e100aa47b2cd5806d7e85,2026-07-29 09:55:56
vietnamese,1 Chr,26,32,7824,8d2259616e9fa2ff360a70c5fcf6d0f18090d887,2026-07-29 09:55:56
vietnamese,Heb,8,13,3539,d5d2e24a417e5a728b4cbb10819b61aff0281386,2026-07-29 09:55:56
vietnamese,Is,11,16,4029,460aeceb1830bc8a3430b87d7bb91217cee654c3,2026-07-29 09:55:56
vietnamese,Mark,12,44,10098,1ceb44fbc786a5003332222df65d1e6733de3cb1,2026-07-29 09:55:56
vietnamese,1 Chr,27,34,8040,829afc3d8576c87a0293bdb40374c1237b479bac,2026-07-29 09:55:56
vietnamese,Heb,9,28,6943,1555b81e0bf2a4bac403f531ee813b0c9dedc8d1,2026-07-29 09:55:56
vietnamese,Is,12,6,1586,95b04747b6260ea9e833cc593dcaa4760ed94326,2026-07-29 09:55:57
vietnamese,Mark,13,37,7825,188912f154e3a3a9039b104be53d3b10385426b1,2026-07-29 09:55:57
vietnamese,Heb,10,39,8338,8e26262815537f582302e1dde88984555e85ffa2,2026-07-29 09:55:57
vietnamese,1 Chr,28,21,6874,1ae75d908bb131493bf1d0e860a15b9f5b140ff2,2026-07-29 09:55:57
vietnamese,Is,13,22,5064,2d7c102056f9021b44d16c8a85219ede078bfc47,2026-07-29 09:55:57
vietnamese,Mark,14,72,15512,6356d76ff2b141199f947af6e053083e104ab3e6,2026-07-29 09:55:57
vietnamese,Heb,11,40,9608,e320c52e39c59665be1add84ec7831017aad8a17,2026-07-29 09:55:57
vietnamese,1 Chr,29,30,9095,916b5f9ff28911d2f8b73d64944beca7c1f64c42,2026-07-29 09:55:57
vietnamese,Is,14,32,7648,ebdbae4ea6f8bd4912c056e29ad20561b5d07de0,2026-07-29 09:55:57
vietnamese,Mark,15,47,9396,eef6ca1fdba016d0be87478928abba8371a0bce2,2026-07-29 09:55:57
vietnamese,2 Chr,1,17,4842,f64d2440ad3fd850cc00099315857ede67be29d4,2026-07-29 09:55:57
vietnamese,Heb,12,29,7239,59ec3f86badd9238d76910db57b53ca0f5ddc963,2026-07-29 09:55:57
vietnamese,Is,15,9,2255,4e030e7207e2e9139942c38b2d24765071022501,2026-07-29 09:55:58
vietnamese,Mark,16,20,4306,322f78b4b807ee2fb1741079ce9288a88220f163,2026-07-29 09:55:58
vietnamese,2 Chr,2,18,5667,f95d49e57726bfed6dd61400541f5ff6080c06b4,2026-07-29 09:55:58
vietnamese,Heb,13,25,5742,6dbf2cd2ce1995ad995f688af5b131a85789ab8f,2026-07-29 09:55:58
vietnamese,Is,16,14,3743,97150fd7abd6c5a09bddc9e1036cd51168710bd1,2026-07-29 09:55:58
vietnamese,Luke,1,80,14948,ee6ac097e7cf959fe53fee3bfe60f8b284356a79,2026-07-29 09:55:58
vietnamese,2 Chr,3,17,4233,8abb8c4a7b1091037eeb583df846b7b77f13fb82,2026-07-29 09:55:58
vietnamese,James,1,27,5825,bbfdbad4923e03d381beea09c45677fd92e910ec,2026-07-29 09:55:58
vietnamese,Is,17,14,3774,018de2bd85f6cfe7a18d8a13873f176e2e7eeb92,2026-07-29 09:55:58
vietnamese,James,2,26,5880,30ed17ba692a0e387c03f24e65d821b13961eb54,2026-07-29 09:55:59
vietnamese,Luke,2,52,10198,f6eeefa715153b2d667397b30113367527809869,2026-07-29 09:55:59
vietnamese,2 Chr,4,22,5003,283a261b77ff2f4caa1644fdb9f8ec1e0e2cb183,2026-07-29 09:55:59
vietnamese,Is,18,7,2104,98330d5b97b6b034928feed9c64250ea9f0eb63e,2026-07-29 09:55:59
vietnamese,James,3,18,4374,6c0a5f6ffa0ac0c0cebe4a5fd731a09fbfea98a3,2026-07-29 09:55:59
vietnamese,Luke,3,38,8107,2939a8d34fbfb1016bb13357bcfd64d2d9f74a8c,2026-07-29 09:55:59
vietnamese,2 Chr,5,14,4043,3bd1d1dba842d06c75c123f6f824eccc43a61db9,2026-07-29 09:55:59
vietnamese,Is,19,25,6279,1b94c93d4fc20bbdee1b29a9444fd2e7274b328f,2026-07-29 09:55:59
vietnamese,Luke,4,44,9200,2bd5466ac48f9c6c8b6fac12afd44008b71517c3,2026-07-29 09:55:59
vietnamese,James,4,17,4090,8456e45ccb349778738d5e59d81eb609a9867bd8,2026-07-29 09:55:59
vietnamese,Is,20,6,1775,78b52638a6687e0f684302b82090c6c9caf726d6,2026-07-29 09:55:59
vietnamese,2 Chr,6,42,12230,24d9c25c2f6bcf622e161c5cab193b35f3bb3789,2026-07-29 09:55:59
vietnamese,Luke,5,39,8707,eeaa5264e2832e013c10208280b73ef27b970097,2026-07-29 09:56:00
vietnamese,James,5,20,4698,7a48e14ddfa0aa0033d8e0032f091dfab046a2bd,2026-07-29 09:56:00
vietnamese,Is,21,17,3867,714ce780eeb64a4702a4f243f7590d1145356a23,2026-07-29 09:56:00
vietnamese,2 Chr,7,22,6435,5a35e0fc0b23c6188942d8eab019362513905631,2026-07-29 09:56:00
vietnamese,1 Pet,1,25,6375,bc649188790cc7fb83dfa438e4f63890f452f435,2026-07-29 09:56:00
vietnamese,Is,22,25,5853,aec2da986ecb168d18788a1ed5b87a82f36d460b,2026-07-29 09:56:00
vietnamese,Luke,6,49,10660,3309a85b5398cbc8e51da4c7cf7267f1c8bb2e3e,2026-07-29 09:56:00
vietnamese,2 Chr,8,18,5074,06d00689894530d6c68839547966d8e9f08471bc,2026-07-29 09:56:00
vietnamese,1 Pet,2,25,6094,e6398a5050e783c761ada4374380125522b80c64,2026-07-29 09:56:00
vietnamese,Is,23,18,4495,b8b4789db724e5a22744c7d6ea5446d8096e5b97,2026-07-29 09:56:00
vietnamese,2 Chr,9,31,8201,7a956f910fc4f151f97d80e447072ab715c25d88,2026-07-29 09:56:00
vietnamese,Luke,7,50,11178,48e79d7bea0d733b1fc0f46a8c5a7ddd014a0dbe,2026-07-29 09:56:00
vietnamese,1 Pet,3,22,5626,35b1b505362f155a3c7db8c1f3bd8432ee3d15fe,2026-07-29 09:56:01
vietnamese,Is,24,23,4981,ba9a4913f3a75f065f80fc96fb0d44dba07fe960,2026-07-29 09:56:01
vietnamese,2 Chr,10,19,5415,e9f7200f82afdf66acca3bff529dc9db8b24c03d,2026-07-29 09:56:01
vietnamese,Luke,8,56,12364,a12e59efc7020d4154bf2d071bfc4027542f4d64,2026-07-29 09:56:01
vietnamese,1 Pet,4,19,4859,753c47d91cc7e43307c82764791d90ddafc7efda,2026-07-29 09:56:01
vietnamese,Is,25,12,3311,2580808917d5d77030bb0135fe8fe11bfccf9564,2026-07-29 09:56:01
vietnamese,2 Chr,11,23,5329,50db9cb356fe71c821f7681b27076a8b32b50c8b,2026-07-29 09:56:01
vietnamese,Luke,9,62,13526,0452b6c764dd38a5c5d2ec66ca8afb63441f06ad,2026-07-29 09:56:01
vietnamese,1 Pet,5,14,3583,8a4281da593c045032118a44fec83f2d931a5603,2026-07-29 09:56:01
vietnamese,Is,26,21,5089,f1665c9d6fe1bbca109e35624a4ed7a0c04ea131,2026-07-29 09:56:01
vietnamese,2 Chr,12,16,4585,66fc432f9eec010257d6504d44af8c6addf72500,2026-07-29 09:56:01
vietnamese,Luke,10,42,9152,f3c09eb2c80e7434b107b7a1964038c5d2672ef8,2026-07-29 09:56:02
vietnamese,2 Pet,1,21,5438,612e6630ab073896825a66b8fc8ad5acffbe1776,2026-07-29 09:56:02
vietnamese,Is,27,13,3366,a0a09c338511174a6443d193f252dea28fd90fbd,2026-07-29 09:56:02
vietnamese,2 Chr,13,22,6378,948c3472202f72b458a42cd57a89366f459d467a,2026-07-29 09:56:02
vietnamese,Luke,11,54,11819,e9ae322f30b4aafa96f8de956c8cc1ab8e49214a,2026-07-29 09:56:02
vietnamese,2 Pet,2,22,5974,7f3911ee291ff89d9f812960ef7e2187e368ce27,2026-07-29 09:56:02
vietnamese,Is,28,29,7212,69300f19c1a73635322f304588cd3d977f6a04b3,2026-07-29 09:56:02
vietnamese,2 Chr,14,15,4553,6be7e4a830c0d425d4b90b756f66e8fbf746b74c,2026-07-29 09:56:02
vietnamese,2 Pet,3,18,4974,4b94b7b612ec104f58680b14b5398d77ce7cbfc7,2026-07-29 09:56:02
vietnamese,Is,29,24,6205,3f862a1fca69b0bf345e400d182f5cbbc7e70d56,2026-07-29 09:56:02
vietnamese,Luke,12,59,12714,cb932286afdadb60dba0bbeeafcf5bb4d0c495c0,2026-07-29 09:56:02
vietnamese,2 Chr,15,19,4932,9e695031de272cdfe937a52107769c6a18eeb46d,2026-07-29 09:56:02
vietnamese,1 John,1,10,2773,76c9553b05439962fa51ba6276c72484079f9595,2026-07-29 09:56:03
vietnamese,Luke,13,35,8020,c706b9321e2de975dd5e552c24b011c477f3a4ee,2026-07-29 09:56:03
vietnamese,Is,30,33,8657,e09f5bcec149082c4107e107483fa4efbc782ae2,2026-07-29 09:56:03
vietnamese,2 Chr,16,14,4011,cb59f458a03ef6b2de7499212f859274ee11cd97,2026-07-29 09:56:03
vietnamese,1 John,2,29,7579,2cef09f82f6d1a83e208749fc215b01d00d2070c,2026-07-29 09:56:03
vietnamese,Luke,14,35,7305,3e9e24aa915f53fa20dda09e29819853de11d6dd,2026-07-29 09:56:03
vietnamese,Is,31,9,2869,c210f83a79ec06409a0f17a7861ce5ad27482a09,2026-07-29 09:56:03
vietnamese,2 Chr,17,19,4630,afa415fed19ca0dd4c4b9ea4360553d30edf558a,2026-07-29 09:56:03
vietnamese,1 John,3,24,6038,2eb53be2460400ab90d4f7b4a80697313a202ab5,2026-07-29 09:56:03
vietnamese,Luke,15,32,6414,42114d55b6c32aacfa388fb22f91799216d5fa85,2026-07-29 09:56:03
vietnamese,2 Chr,18,34,9256,7b376a98b958330441919dba269679faecd6cb67,2026-07-29 09:56:03
vietnamese,Is,32,20,4219,6435d5cf60060fd37b69cfe3d9f91b4af7ce602d,2026-07-29 09:56:03
vietnamese,1 John,4,21,5553,cfa546fc0ba35650e12021ad457b5575057d8a31,2026-07-29 09:56:04
vietnamese,Luke,16,31,7227,c5992349545d1dd80933780b76b1f4c1240a002b,2026-07-29 09:56:04
vietnamese,2 Chr,19,11,3629,9913f4533e0137f7e99bddc23c551aa180b96245,2026-07-29 09:56:04
vietnamese,Is,33,24,5674,4dbe628cfb00890634d86349b04621589581a74a,2026-07-29 09:56:04
vietnamese,1 John,5,21,5131,b90433a6f8d3c92b3c11e7d59f8836de378f6b48,2026-07-29 09:56:04
vietnamese,Luke,17,37,7408,663e381d195166855bcc924c7aec062aa83367ed,2026-07-29 09:56:04
vietnamese,2 Chr,20,37,10592,f397211c5427964af1edcf50df5d4f4e7ca94c16,2026-07-29 09:56:04
vietnamese,Is,34,17,4276,4fd688d972a1e29a839bea8d4158736d1d1875ef,2026-07-29 09:56:04
vietnamese,2 John,1,13,3394,f9cf84ffef8e23aec05fd2019b3877a040c4a54e,2026-07-29 09:56:04
vietnamese,Luke,18,43,9021,a7fad113e9a014253d3cc19d126c15f986ec6e01,2026-07-29 09:56:04
vietnamese,Is,35,10,2730,b10d55d8cafa2cf7394517a5f60a52c312211a87,2026-07-29 09:56:05
vietnamese,2 Chr,21,20,5629,74d2b92c75db2490a7878bf5a30ae1f4c888712a,2026-07-29 09:56:05
vietnamese,3 John,1,15,3718,800da9a31de402c0a401c47b21a3890966443f94,2026-07-29 09:56:05
vietnamese,Luke,19,48,9477,c8c0b3deec0afdb8c9bbfb9269311c959d30d62e,2026-07-29 09:56:05
vietnamese,Is,36,22,5995,f196a0e3208e702ffb8f07f44e8bedc691c5097d,2026-07-29 09:56:05
vietnamese,2 Chr,22,12,3983,2c2130c012d4f14f32030ef40fd738e30b720caf,2026-07-29 09:56:05
vietnamese,Luke,20,47,9621,ef330f6dc4ddf97aaf1057247aff18aed5258295,2026-07-29 09:56:05
vietnamese,Jude,1,25,6764,31c351eec920928b43315487fdec69aee6a3bc2b,2026-07-29 09:56:05
vietnamese,2 Chr,23,21,6488,06fa624f859ba935e348f2390ae2b9066e18c186,2026-07-29 09:56:05
vietnamese,Is,37,38,9722,276790f865cf2b7c3c18d178e8b582e246f1f678,2026-07-29 09:56:05
vietnamese,Luke,21,38,8004,ebc885433b502af9c088aaa4cf88607e105737f8,2026-07-29 09:56:05
vietnamese,Rev,1,20,5022,8372b8333ab5dec2f876f428d077d11303f238aa,2026-07-29 09:56:05
vietnamese,2 Chr,24,27,8177,11ed8f0170f2c6dcda7034af24d50fcf4834fb91,2026-07-29 09:56:06
vietnamese,Is,38,22,5370,73540433000768a9b075d678943067763344cc07,2026-07-29 09:56:06
vietnamese,Rev,2,29,7412,c09fe0b9bb1a399dc84ec959fa4147f5ce960a61,2026-07-29 09:56:06
vietnamese,Luke,22,71,14130,292db5e3c7fdca4f5414a72fd2d65b9a5f61600b,2026-07-29 09:56:06
vietnamese,2 Chr,25,28,8051,3423970a7b2315c072cc5632dd23736215084698,2026-07-29 09:56:06
vietnamese,Is,39,8,2399,e2806435f1bb2f58709d495341dfc6d9d260980d,2026-07-29 09:56:06
vietnamese,Rev,3,22,5880,74e686d0ee563f67ea404b8e722a42b5a5ab6d8e,2026-07-29 09:56:06
vietnamese,2 Chr,26,23,6665,f5262f57bde0e731f8f648c2723f0b819cae02bc,2026-07-29 09:56:06
vietnamese,Luke,23,56,11152,296404cc30e809649756a4ea8648e07734e376da,2026-07-29 09:56:06
vietnamese,Is,40,31,7282,5a0089b5a8ff85580cfbbcf042a058a37ac1c62b,2026-07-29 09:56:06
vietnamese,Rev,4,11,3117,4fc1f98af2d090b2fec32b45421ff88375613c4b,2026-07-29 09:56:06
vietnamese,2 Chr,27,9,2451,25586dd4d8094d8f2f09a2203a085f8ca2e902b7,2026-07-29 09:56:07
vietnamese,Luke,24,53,10332,e7a674d412e9fc941d8049891b38b12dcb4baf21,2026-07-29 09:56:07
vietnamese,Is,41,29,7387,9c8969c327318cbf52b848e2a16933206214e978,2026-07-29 09:56:07
vietnamese,Rev,5,14,3722,54e455abb10e4df63aca0bd600bc07db0b322b5b,2026-07-29 09:56:07
vietnamese,2 Chr,28,27,7996,6b7af86700d04570fc18d7547dc04ba8aaec529d,2026-07-29 09:56:07
vietnamese,John,1,51,10399,f61d4de1751006798e954dba0cae914b1ffd25e9,2026-07-29 09:56:07
vietnamese,Is,42,25,6189,22e58b7173f67d62f11e1f01cdeb5746aae1c965,2026-07-29 09:56:07
vietnamese,Rev,6,17,4424,b2c70d0b1899bfce5d0234b7d9f20851f8c32f31,2026-07-29 09:56:07
vietnamese,2 Chr,29,36,10271,0270677b9f8412818636df09149af48aad4d32f9,2026-07-29 09:56:07
vietnamese,John,2,25,5146,e324363168427b9b4cff6519cf49b429c62bdffa,2026-07-29 09:56:07
vietnamese,Rev,7,17,4418,c37e85ca839b6c5ae6adea646889f676c915a238,2026-07-29 09:56:07
vietnamese,Is,43,28,6884,2926e0905be85da6e7c83ad597bc1326ab085db5,2026-07-29 09:56:08
vietnamese,2 Chr,30,27,8238,410183adc48ec993f5450d0f5fb2b358081f0066,2026-07-29 09:56:08
vietnamese,John,3,36,7996,51179420c739c391042096ebdb9715266214a846,2026-07-29 09:56:08
vietnamese,Rev,8,13,3341,fceedf8848d110df8ce2bdf7ae87a15211e582d0,2026-07-29 09:56:08
vietnamese,Is,44,28,7711,5446dcfd121e75c6fb3ee9a7a2c661f515b1649f,2026-07-29 09:56:08
vietnamese,2 Chr,31,21,6993,aa58554e10025d919f87810d55458b9531e38cbe,2026-07-29 09:56:08
vietnamese,Rev,9,21,4994,f8ad508ff627e13c670e179feb69d503ba9ed55a,2026-07-29 09:56:08
vietnamese,Is,45,25,7394,f60e6661531ab59794d83f04c6386b8efdb558c5,2026-07-29 09:56:08
vietnamese,John,4,54,11406,183fdde697535a646d5d9254c719dd04c7126641,2026-07-29 09:56:08
vietnamese,2 Chr,32,33,9476,347dfe76860fc6fc4ec89c3f3b5e9268794efdc7,2026-07-29 09:56:08
vietnamese,Is,46,13,3321,d4e6fa7c670f3899651aa90af878e2b7c39ab2b2,2026-07-29 09:56:09
vietnamese,Rev,10,11,3050,6d837202396f165e83e8556c1456d49ba1dd7684,2026-07-29 09:56:09
vietnamese,John,5,47,9795,511cca75a15037f408951b910bf3ff5aa9333a70,2026-07-29 09:56:09
vietnamese,2 Chr,33,25,6988,52fb81ebf9b0aa144c7d7c845565c32308418763,2026-07-29 09:56:09
vietnamese,Is,47,15,4260,df5f6ad112261459fc1399c7559b603ec005f865,2026-07-29 09:56:09
vietnamese,Rev,11,19,5273,bfac3aa2ddc75ad204013a5805dd818272cdf46e,2026-07-29 09:56:09
vietnamese,John,6,71,14390,d1b19928cc5bd5f5378d66dfee6e577af952cf32,2026-07-29 09:56:09
vietnamese,2 Chr,34,33,9976,3008bc6efa9a1c4af66e052e3b0f6383439cc8ca,2026-07-29 09:56:09
vietnamese,Is,48,22,5662,4cdd8c935bc4fd412013978e3ea3de12fe7d7c64,2026-07-29 09:56:09
vietnamese,Rev,12,17,4444,9a14b099e8da27a71b5fe30cfa80edea7a9d3312,2026-07-29 09:56:09
vietnamese,John,7,53,10654,94bcadb4e2de09e19633de4c81dbfab632dc932e,2026-07-29 09:56:09
vietnamese,2 Chr,35,27,8776,beea98bf711f20a11640b0e75e0757faba71583f,2026-07-29 09:56:10
vietnamese,Rev,13,18,4514,08d8cb59e9878cba64465edeb7d349dd9b197668,2026-07-29 09:56:10
vietnamese,Is,49,26,7545,47a8389b5bdacf532d4f9fed12468f639bb6d4ba,2026-07-29 09:56:10
vietnamese,2 Chr,36,23,6904,99aeb1fb0c966383682fc2a0edd8969eb5a3f1e5,2026-07-29 09:56:10
vietnamese,John,8,59,13119,1d30ca045b4dae6ddedaebada7418dd925d51e63,2026-07-29 09:56:10
vietnamese,Rev,14,20,5661,dc48a8cac54cba8d13313983797effd60397f45d,2026-07-29 09:56:10
vietnamese,Is,50,11,3157,06b27d220f5ba2fdb1f676a63d31bc82320a3c01,2026-07-29 09:56:10
vietnamese,Ezra,1,11,3399,07fa69107f1ff5c35762f8dd5ae053ae3391ac49,2026-07-29 09:56:10
vietnamese,John,9,41,8941,839261af70fca11355ad077f86ff2a1b502ee554,2026-07-29 09:56:10
vietnamese,Is,51,23,6572,8198de7bd36d57b4806efbed29ebbf61b1b2b1f7,2026-07-29 09:56:10
vietnamese,Rev,15,8,2372,bf825249b2882ec75d99a3160da7f1a2fa260b8d,2026-07-29 09:56:10
vietnamese,John,10,42,8177,86165d21f3f14b2d890be377d518bfeb39ab303f,2026-07-29 09:56:11
vietnamese,Is,52,15,3956,5ab7c0e2c5721e176b8e684133bfd9bbc69aa75f,2026-07-29 09:56:11
vietnamese,Rev,16,21,5161,f954e4022e014fb989538ba2392db7a8bc211e9c,2026-07-29 09:56:11
vietnamese,Ezra,2,70,10663,251e39960923d7fe3baee8a9edde9d43fe9e650a,2026-07-29 09:56:11
vietnamese,Is,53,12,3888,974f7e3394f41b89ef002da48aecbe5fa206fa9c,2026-07-29 09:56:11
vietnamese,John,11,57,11454,bfc7eb3f4af04a65bfb2396d148f01e61f560250,2026-07-29 09:56:11
vietnamese,Ezra,3,13,4760,ede4466d864ae9398eb849e8f22934b6999910a6,2026-07-29 09:56:11
vietnamese,Rev,17,18,4892,3736aad509e548589854e0b2e95428329d842e04,2026-07-29 09:56:11
vietnamese,Is,54,17,4728,f14a880ac01fed49dd27ec6ad9b032b5d4f05c6d,2026-07-29 09:56:11
vietnamese,Ezra,4,24,6900,b8769b9cc07f9bf32be5ad660d8af8ca694af4ad,2026-07-29 09:56:11
vietnamese,Rev,18,24,6750,7eea9eec727319a0c7e6ba10136f19d98747c7e2,2026-07-29 09:56:11
vietnamese,John,12,50,10566,f495100318e5f378998c57ff5caed69578a78fd4,2026-07-29 09:56:11
vietnamese,Is,55,13,3660,2d2a1173d6f4f74188a9b9a094ae473ae57e752a,2026-07-29 09:56:12
vietnamese,Ezra,5,17,5004,79e804ac82ed9127cf9cc0b400f6e3ac0535ec0e,2026-07-29 09:56:12
vietnamese,John,13,38,8486,8461737fe6d85748b709c38aab18e1a9df0c7a59,2026-07-29 09:56:12
vietnamese,Rev,19,21,5799,4c4b8719bfd3d26dc937a7b942590be469d29db7,2026-07-29 09:56:12
vietnamese,Is,56,12,3292,959df5535dc9d2822f084adf853f99211c7ada8e,2026-07-29 09:56:12
vietnamese,Ezra,6,22,7054,821798b57a2d7d222497725d47d51c90f2f9ec6d,2026-07-29 09:56:12
vietnamese,John,14,31,6959,a4b96815b280bfd1039fd87dc3cf5c5c3845f4d6,2026-07-29 09:56:12
vietnamese,Rev,20,15,4194,cd89f7fe87c935df2a8bfa357e999f89fa3e7913,2026-07-29 09:56:12
vietnamese,Is,57,21,5348,169ea54cf93a060e80285da7d5ae0abcd79f993c,2026-07-29 09:56:12
vietnamese,Ezra,7,28,7853,cbd16da8a8a111489cc14dae012ecebde6d08b18,2026-07-29 09:56:12
vietnamese,John,15,27,6211,aad1665fd30436a0cc54db832ae37770ef01f042,2026-07-29 09:56:12
vietnamese,Rev,21,27,6987,e6486321f1b7295a067e6112e0f5664173577dcf,2026-07-29 09:56:12
vietnamese,Is,58,14,4532,7d5e0ae264042df718fa686f6d22f0627c023060,2026-07-29 09:56:13
vietnamese,Ezra,8,36,9333,d4931e2a985c0a9d073b960ef423247f5d5d4903,2026-07-29 09:56:13
vietnamese,John,16,33,7650,2b10f04a98b8ba52e80c8ba782fe012b522e93d7,2026-07-29 09:56:13
vietnamese,Rev,22,21,5193,1f9e90dd0b9f763567268e61bab4a1acbf3a1c31,2026-07-29 09:56:13
vietnamese,Is,59,21,5781,b22fec6a3d7a6d1189c19cb108aedbe20d14331a,2026-07-29 09:56:13
vietnamese,John,17,26,5985,03c4167c46c0305c82f8226380d77a1aef28b34a,2026-07-29 09:56:13
vietnamese,Is,60,22,6153,f75c19e28a1d54d048380606910a8c3c1e8b92af,2026-07-29 09:56:13
vietnamese,John,18,40,9583,f0f707ab6a85da71d001aa15ef5db5b9abf80873,2026-07-29 09:56:13
vietnamese,Ezra,9,15,5921,1776336b74af3c9f30307b992e9efea531fec320,2026-07-29 09:56:14
vietnamese,Is,61,11,3418,0a3e79c2142cf88cfca4e9b802824f57dea20eae,2026-07-29 09:56:14
vietnamese,John,19,42,10409,c0038b36513908aa782a0d6a11559eaf7e643005,2026-07-29 09:56:14
vietnamese,Ezra,10,44,9614,04f0ed778810c3c386b0bc0db1f328895f35f3d5,2026-07-29 09:56:14
vietnamese,Is,62,12,3567,07b47d0e607ff894cc0fbdf1273ac89569ee3d60,2026-07-29 09:56:14
vietnamese,John,20,31,7071,bbf857871d25d21f670d94b1b88ff478f04707a6,2026-07-29 09:56:14
vietnamese,Neh,1,11,3531,5032ea6cc122eb8fb6a2180a80101c0efa2e9cfd,2026-07-29 09:56:14
vietnamese,Is,63,19,5207,1dc3be41c7689f83df40cfa4b06bc02d83f620ee,2026-07-29 09:56:14
vietnamese,John,21,25,6598,175a1b44ce82d51035713848fde98afd7e6e4301,2026-07-29 09:56:14
vietnamese,Neh,2,20,6153,27535326d0f178895dd045026edac8bddd22912a,2026-07-29 09:56:15
vietnamese,Is,64,12,3184,ac19874a57927a263fe97b9d4ecd9a1e5e6478d7,2026-07-29 09:56:15
vietnamese,Acts,1,26,6296,de318b963ff3bf00cb39d3c88b73442627acb185,2026-07-29 09:56:15
vietnamese,Neh,3,32,7680,69ffe11e5c4e9e18ec4467a9c73d02587b7cd9dc,2026-07-29 09:56:15
vietnamese,Is,65,25,6606,7ac808584ade2e2051a7bc37ccf90245cea324d3,2026-07-29 09:56:15
vietnamese,Acts,2,47,10441,4040467c50330c69d5ec7037966e2f0a16f0bf4c,2026-07-29 09:56:15
vietnamese,Neh,4,23,6225,245b46186ebed3d7803148531c38590de7798e0e,2026-07-29 09:56:15
vietnamese,Is,66,24,7318,3f9e4fd5bb495ebed63ec6ab409cf1c3db5a3574,2026-07-29 09:56:15
vietnamese,Acts,3,26,6218,2a3fd2c2590f7d5e76e3b76258977591c38c8503,2026-07-29 09:56:16
vietnamese,Neh,5,19,5784,54795e2bb1313d75a17129ab9d8e36420fc1958b,2026-07-29 09:56:16
vietnamese,Jer,1,19,4689,2ea6e6a87a8cb3b372c89ccefaf75f5e7199ced8,2026-07-29 09:56:16
vietnamese,Acts,4,37,8396,2aa7d957a6d7fd535b7c456da951fa5dcaba9a53,2026-07-29 09:56:16
vietnamese,Neh,6,19,5475,5605ef5e527229c9bb42e4bb529dcc0d836c088d,2026-07-29 09:56:16
vietnamese,Jer,2,37,9702,66f5021b26ba6248e25e1d04117ac7e9b014d5a9,2026-07-29 09:56:16
vietnamese,Acts,5,42,9782,e55d268baac3cfab0b20543220020033990dcacf,2026-07-29 09:56:16
vietnamese,Neh,7,73,12686,5e4a43fb176928a4e3e083edb5f55611ad828d57,2026-07-29 09:56:16
vietnamese,Jer,3,25,7446,ada0f3c5f01e161fc3d0849f7d4744b157e91bfe,2026-07-29 09:56:16
vietnamese,Acts,6,15,3708,f14cca3b87c3933c93cf236754e324030cef9ec0,2026-07-29 09:56:17
vietnamese,Neh,8,18,5650,5acf9fec924045708047f09ede894086487acdb8,2026-07-29 09:56:17
vietnamese,Jer,4,31,7724,f1f05d6dbc04b9f5d30705a857aed4d85e9445e1,2026-07-29 09:56:17
vietnamese,Jer,5,31,8046,e0bd35bd38d1884613b19f0e2466376ef518deec,2026-07-29 09:56:17
vietnamese,Acts,7,60,13862,292f0bdeba2fc8690872a08f9cff62ab0b03b98f,2026-07-29 09:56:17
vietnamese,Neh,9,38,12102,c74576f29c505f298f2a0ae93a09532ffd2a50db,2026-07-29 09:56:17
vietnamese,Jer,6,30,7590,f89e819eccf525f5de25a08e0306caf0a1cdbd15,2026-07-29 09:56:18
vietnamese,Acts,8,40,8973,5cb19955b6ef9d16c237140db77f231b5d6cdff1,2026-07-29 09:56:18
vietnamese,Neh,10,39,7804,e5d4028dd953813d83f34eef1d5406d080a4ceb8,2026-07-29 09:56:18
vietnamese,Jer,7,34,8873,237a861517a6f751d7a73425801af885dafc0477,2026-07-29 09:56:18
vietnamese,Acts,9,43,9706,74e90f8d6a4d759c0b6277e6670a009d621c5569,2026-07-29 09:56:18
vietnamese,Neh,11,36,7887,65ce73f8192ccce9e0029940a6cb407544974649,2026-07-29 09:56:18
vietnamese,Jer,8,22,6176,5b02415b58b6fa559a40760c656151c2743b97bc,2026-07-29 09:56:18
vietnamese,Acts,10,48,10984,963c786f7652fed38d674fb970d8751ad92460a3,2026-07-29 09:56:18
vietnamese,Neh,12,47,9960,820e88611e5a3d4676583ba4c2509704ec1f73e6,2026-07-29 09:56:18
vietnamese,Jer,9,26,6898,54daa41cf06e50a5a787898394ee916c18dfb36c,2026-07-29 09:56:19
vietnamese,Acts,11,30,6737,92eb5cf06bbfc1044a5eab5ca46a70963ab84c9b,2026-07-29 09:56:19
vietnamese,Neh,13,31,9129,cb520eba2cb69ecfb57c5e38df5a927c98fee4d8,2026-07-29 09:56:19
vietnamese,Jer,10,25,6111,2955f49d30881b37410e294eb17b7d5f953a1cb0,2026-07-29 09:56:19
vietnamese,Acts,12,25,5886,83e64e43eeec9cc2e020ca2ac425be0e71ceff03,2026-07-29 09:56:19
vietnamese,Esth,1,22,6057,260ceeccc0e22fe080c8a8f2a3faaf2cf609f19c,2026-07-29 09:56:19
vietnamese,Jer,11,23,6331,fa802634934a55b5037f90e6665ce41e2af78afe,2026-07-29 09:56:19
vietnamese,Esth,2,23,6934,1c63f541513820f49f684d28e40e7cf4f8404b8b,2026-07-29 09:56:20
vietnamese,Acts,13,52,12132,34f893025adb6e19b1e72ef4526003fd36ec2192,2026-07-29 09:56:20
vietnamese,Jer,12,17,4715,b384b98759d1837c7ee1f156f93de7d05c4f31c3,2026-07-29 09:56:20
vietnamese,Esth,3,15,4674,e8a4c0d4460d5fc41db14f2490d1d7f9bfc979b4,2026-07-29 09:56:20
vietnamese,Acts,14,28,6468,7d4ace915b5e23b18e2404e2a889c300589cedd5,2026-07-29 09:56:20
vietnamese,Jer,13,27,6772,42299a0afb533d1858fd0da9f19118295b30b41b,2026-07-29 09:56:20
vietnamese,Esth,4,17,4672,58e48bb2c4d9307ddb2bed27f1d857c2b26cfa9b,2026-07-29 09:56:20
vietnamese,Acts,15,41,9355,90a0fee3047a8a5703ca2a9986561931f2d006fb,2026-07-29 09:56:20
vietnamese,Jer,14,22,6318,5c6837c549a40ee76df9a2f47a587771f63ee7fc,2026-07-29 09:56:20
vietnamese,Jer,15,21,6108,53db1341e2cc6ae594b106a8f11e59698fc93250,2026-07-29 09:56:21
vietnamese,Acts,16,40,9147,a1a2bb86ae31f9985bd2cb782581a60a9597f5c1,2026-07-29 09:56:21
vietnamese,Esth,5,14,3981,350dfd95cd3df604017296428f3bfc22b7adf01b,2026-07-29 09:56:21
vietnamese,Jer,16,21,5763,7cdb2224729317b795db7d2a9748f2cba3d38ef1,2026-07-29 09:56:21
vietnamese,Esth,6,14,3919,124f7c2ac2f140ee1f0760a3bdeb5d28ad4a7f05,2026-07-29 09:56:21
vietnamese,Acts,17,34,8468,69f22fe27443ca3748f6389f5f2f2f325a3939e7,2026-07-29 09:56:21
vietnamese,Jer,17,27,7117,224552ebee43f5a73625d4110731c9824717c9ec,2026-07-29 09:56:21
vietnamese,Esth,7,10,2973,b1da459d5985372747e81bab8571ff5477eebf49,2026-07-29 09:56:21
vietnamese,Acts,18,28,6748,aa469efcf5d03d12deaa57dbbb9ba05aac5cfab5,2026-07-29 09:56:21
vietnamese,Jer,18,23,5854,d31d1aa4424325438bd7dc5c3528adccb02efd8e,2026-07-29 09:56:22
vietnamese,Esth,8,17,5419,ed01aa4a413c6acc5cd7821f686ea84828e3f475,2026-07-29 09:56:22
vietnamese,Acts,19,41,9555,e61f41f81c4e15944af52b9fa5f9f278a3750cac,2026-07-29 09:56:22
vietnamese,Jer,19,15,4608,4601866379239a26ac48571d14023dbdfb38545c,2026-07-29 09:56:22
vietnamese,Esth,9,32,8475,67fff26a6d33ae76937fb35e37dda4c02672baef,2026-07-29 09:56:22
vietnamese,Acts,20,38,8706,3fe034c5b7873963a6ff80dec43a7eae478c16a2,2026-07-29 09:56:22
vietnamese,Jer,20,18,5168,dfe3c1a6e0d91719eb71e2dca0845d0fec208bed,2026-07-29 09:56:22
vietnamese,Esth,10,3,985,5107887fd81305663a3551954afaf9de2181c8ce,2026-07-29 09:56:23
vietnamese,Acts,21,40,9690,e426c57bb4eb2c9ffa71919644d7d1debbd70aa1,2026-07-29 09:56:23
vietnamese,Jer,21,14,4204,c085a2c0ff89ff35e6cc4c977fb875ba27de542b,2026-07-29 09:56:23
vietnamese,Job,1,22,5673,dae6b3ce283f88cee66c655e5636963718a85493,2026-07-29 09:56:23
vietnamese,Acts,22,30,7231,30f1058afcf0b2ac79694ef14713c8359505ebf1,2026-07-29 09:56:23
vietnamese,Jer,22,30,7574,7bf68ab0bd226aa555a873a9dcc4f777eacba146,2026-07-29 09:56:23
vietnamese,Acts,23,35,8429,99dc98714610e06c65249fbad027850da3f2a856,2026-07-29 09:56:23
vietnamese,Job,2,13,3619,a13ec05a881204ad089309d03c9ab29f8ee20ee9,2026-07-29 09:56:23
vietnamese,Jer,23,40,10945,58516424d16af91aa7d696390f40d96cb05657f4,2026-07-29 09:56:24
vietnamese,Acts,24,27,6408,cb8c8dc65408b6d4f2f863507e734f1bbad6e4b4,2026-07-29 09:56:24
vietnamese,Job,3,26,4717,1e1f12d847d6981b2ece9ee92e4909d47d946892,2026-07-29 09:56:24
vietnamese,Jer,24,10,3148,1d46713a4c4fbc4e74bbdb020f3d596f765dfe54,2026-07-29 09:56:24
vietnamese,Acts,25,27,6829,e5115c6c4c6d31d320dc9c654dd5cef5da708594,2026-07-29 09:56:24
vietnamese,Job,4,21,4018,8cb5ee5caadc8a7c613e498068ea03ee88684937,2026-07-29 09:56:24
vietnamese,Acts,26,32,7807,15e338925ea6568d42d32fa49d5d5846c3eb2450,2026-07-29 09:56:24
vietnamese,Jer,25,38,9794,c97d563a96978ed4ca77efc299292a3494402d09,2026-07-29 09:56:24
vietnamese,Job,5,27,4991,d24f3f20b46ba7915f16af1e216057a26d29b778,2026-07-29 09:56:24
vietnamese,Jer,26,24,6766,3e4438542e0facff5323aa84895e6e3ab34e83b4,2026-07-29 09:56:25
vietnamese,Job,6,30,5454,4e9ee923d8856237d73cb7ee495d9eafb8014b8d,2026-07-29 09:56:25
vietnamese,Acts,27,44,9954,721236d8ba377501f61a1f9e6fe82f73cb47f65a,2026-07-29 09:56:25
vietnamese,Jer,27,22,6548,36aa84c96da642125499945758f74b18d8d99b78,2026-07-29 09:56:25
vietnamese,Acts,28,31,7374,fa44d7b680739946ccce5369f6f493f82fc70591,2026-07-29 09:56:25
vietnamese,Job,7,21,4230,1bff5c57ab510fb76265a5cd148c4a2fb49f183e,2026-07-29 09:56:25
vietnamese,Jer,28,17,4533,5b91efb13da960e596ea9df8a2894b4f9cfaaa80,2026-07-29 09:56:25
vietnamese,Job,8,22,3998,20d4cdde6979807472a631970413c92530077cff,2026-07-29 09:56:25
vietnamese,Rom,1,32,8029,f08219df0a79bf96dedc6e40e7e2d476ad73048e,2026-07-29 09:56:25
vietnamese,Jer,29,32,9021,884b9ff77aad97ecf1b6122d41734d3dd026b4f0,2026-07-29 09:56:26
vietnamese,Job,9,35,6289,fad49eb5208eb838c933b52682c55ae77e6dc6c1,2026-07-29 09:56:26
vietnamese,Rom,2,29,6925,9d7a20cc222df32c687aeac4d21c7684a986598a,2026-07-29 09:56:26
vietnamese,Jer,30,24,6447,aa4906af9abbdf4896f674eb5a7f2a1a535e6807,2026-07-29 09:56:26
vietnamese,Job,10,22,4336,30199c2bea7718387ad40448be2c1b2a1c5a0747,2026-07-29 09:56:26
vietnamese,Rom,3,31,7057,9e8b0875ed18d2e6c464429c8bb828dde23d0b4d,2026-07-29 09:56:26
vietnamese,Job,11,20,3961,9d1930208e876fec5d06a926f57d679da9b3be2f,2026-07-29 09:56:26
vietnamese,Jer,31,40,10994,3e0069ee46fb6bef95082c382081997280b502b1,2026-07-29 09:56:26
vietnamese,Rom,4,25,6031,1906a95b7d851000ba4961c48665522c6a048787,2026-07-29 09:56:26
vietnamese,Job,12,25,4845,1865c1b183e9a16af21e739d9892301ab309f59f,2026-07-29 09:56:27
vietnamese,Rom,5,21,5897,2d519502bedb08710b83d2037cc1840a1aea9fcb,2026-07-29 09:56:27
vietnamese,Jer,32,44,11655,d851d6f580671f884ae81ceec58e0f8dfe805401,2026-07-29 09:56:27
vietnamese,Job,13,28,5108,f99c0cd9ce525402b5eb044f9443d855af85e841,2026-07-29 09:56:27
vietnamese,Rom,6,23,5722,4df01b71dff3dd6d5cbbd76115e5ed149f1007fb,2026-07-29 09:56:27
vietnamese,Jer,33,26,7514,224f63b0df5e643d43ae513cf4527d50d17059c5,2026-07-29 09:56:27
vietnamese,Job,14,22,4336,c6d351e85988485f694ef1847c589084ff993346,2026-07-29 09:56:27
vietnamese,Rom,7,25,6099,f218de64372b4db796f0bb0bc932b2d5d9231aec,2026-07-29 09:56:27
vietnamese,Jer,34,22,6647,2a4564cc005a93d5b512b007b0036df471595226,2026-07-29 09:56:27
vietnamese,Job,15,35,6529,6f605dd4c8744241b18770439560f2318b1936b2,2026-07-29 09:56:28
vietnamese,Rom,8,39,9594,1a4bf60a320e7dec5c4363fa6741a52a1f1d7123,2026-07-29 09:56:28
vietnamese,Jer,35,19,5774,39dfec6b4b3b0ab21c2c5d27dbf7114fd24b957b,2026-07-29 09:56:28
vietnamese,Job,16,22,4178,ae97615f39946acb4dfcd058a1a5c2d6054c132a,2026-07-29 09:56:28
vietnamese,Rom,9,33,7521,7af4a3d6a000281040df11b6843d31bba3afba13,2026-07-29 09:56:28
vietnamese,Jer,36,32,8389,e2e2ad5868b08a25769426d1552c992f0ecd29d8,2026-07-29 09:56:28
vietnamese,Job,17,16,3026,b7b7b2d5096543cf7e2b74f0b3832909f541c62e,2026-07-29 09:56:28
vietnamese,Rom,10,21,4747,392fdf8edae4e9b5b377d691be4e40fa8f9adb2b,2026-07-29 09:56:28
vietnamese,Jer,37,21,5341,7fffc85053189e4b17508c14087ff4a33fc9bbee,2026-07-29 09:56:28
vietnamese,Rom,11,36,8261,bd6005a86456e127c6f36ad6d5d2c355466c0ef2,2026-07-29 09:56:29
vietnamese,Job,18,21,3810,aef42c327ed899615f607c48e3ed10c844893c0b,2026-07-29 09:56:29
vietnamese,Jer,38,28,7822,491324e49455fc21dcf31d91aab83f6d8430258f,2026-07-29 09:56:29
vietnamese,Rom,12,21,4611,940e2c1b2780c4923031f664ac4ba18304b3b614,2026-07-29 09:56:29
vietnamese,Job,19,29,5401,164143b272d9e0d579e51a8daf7b0e3d8839bf23,2026-07-29 09:56:29
vietnamese,Jer,39,18,4818,92e43f3c4a6f6338c8dc47116f3a6b8f8bf991a9,2026-07-29 09:56:29
vietnamese,Rom,13,14,3739,a2250b7899f5d08887ce907e426cd272e9c7bd01,2026-07-29 09:56:29
vietnamese,Job,20,29,5448,05d708a8edf63afd64f271035d88b2c1e84523c1,2026-07-29 09:56:29
vietnamese,Jer,40,16,5594,81c6925176624d6d4f7be9987ad621ff425ad790,2026-07-29 09:56:30
vietnamese,Rom,14,23,5270,cb14600ddf373f17b2e43966578b972432948ef6,2026-07-29 09:56:30
vietnamese,Job,21,34,6180,a10f80eb65ad5edee116e95b1dcb9a4f815d5e31,2026-07-29 09:56:30
vietnamese,Jer,41,18,5200,8a437ad60dbaa7f83fc90e0ca04fc1f7f38f5a75,2026-07-29 09:56:30
vietnamese,Rom,15,33,7857,fe225cb2f5a17477e2acabfbc73aa8e434f2f32b,2026-07-29 09:56:30
vietnamese,Job,22,30,5639,c4b4b93d15007c528d12e3b4f61aaa3ee54bb327,2026-07-29 09:56:30
vietnamese,Jer,42,22,6702,12f23eb7a2687870d545efa4bf9d4f747bc4cd8f,2026-07-29 09:56:30
vietnamese,Job,23,17,3310,0a45f4ca968af8a78404dbd45e08e9b259644e1d,2026-07-29 09:56:30
vietnamese,Rom,16,27,5961,f4e10dff40b25b1b16a4254bfff4e999330f0a6e,2026-07-29 09:56:30
vietnamese,Jer,43,13,3906,5f99967ef79dc31582381fd0480cfa901aa9cb81,2026-07-29 09:56:31
vietnamese,Job,24,25,5167,5cc5660f94355d8fe9fbd468e94ed01af3bd0521,2026-07-29 09:56:31
vietnamese,1 Cor,1,31,7444,e714c631c81cde9195ecdb99dc1789ef9506a1b9,2026-07-29 09:56:31
vietnamese,Jer,44,30,10016,4bdd1d247f981432c765688b97ca6551f09d5924,2026-07-29 09:56:31
vietnamese,Job,25,6,1256,cfb8380d48b5da68b1fd8a156fbde7efdbd73c38,2026-07-29 09:56:31
vietnamese,1 Cor,2,16,4402,751fc3f64c63267b9f002db9f33ba36c9e8bba3d,2026-07-29 09:56:31
vietnamese,Jer,45,5,1557,33e6fd5e30ef2a219391e97645cad07a73dd51b0,2026-07-29 09:56:31
vietnamese,Job,26,14,2535,4b756ea4e5a2448516048db8012fc007e57abafc,2026-07-29 09:56:32
vietnamese,1 Cor,3,23,5341,fa2375f04b4e775501f171f93270527b910e6d9f,2026-07-29 09:56:32
vietnamese,Jer,46,28,7248,6aabd18b610f09898c6fb6352fbd568364347dec,2026-07-29 09:56:32
vietnamese,1 Cor,4,21,5446,deaf6b4c53318150ac302ca323119e534e16b1f3,2026-07-29 09:56:32
vietnamese,Job,27,23,4531,d751a6529d9752118a128eb889f34286f2cbaf95,2026-07-29 09:56:32
vietnamese,Jer,47,7,1996,42e6d7282c12f12ecd728ffa5e57d6b6174c15c7,2026-07-29 09:56:32
vietnamese,1 Cor,5,13,3370,ff7e4620a2e489577938f466450dcbf5e3296fff,2026-07-29 09:56:32
vietnamese,Job,28,28,4903,a97f4b52e45426a2a5e6250e2fa89b1826ad5da9,2026-07-29 09:56:32
vietnamese,Jer,48,47,10741,99e128b948ecd17b958d891ccdea2843275899ce,2026-07-29 09:56:32
vietnamese,1 Cor,6,20,5085,17a60b10261c6126910aa9e4c53e4b0770d4cf2d,2026-07-29 09:56:33
vietnamese,Job,29,25,4338,66884ed2cc695ba3e1ae6df4eff0dc2b9ecdc812,2026-07-29 09:56:33
vietnamese,Jer,49,39,10616,6f4fece8e77510da66fe5c6890330a74d0be5305,2026-07-29 09:56:33
vietnamese,Job,30,31,5775,3aaa910f4f4189fee18d5e8de223d2277e43cf73,2026-07-29 09:56:33
vietnamese,1 Cor,7,40,9700,41cbf4f4505e5117b23a71b7cd11641243148e01,2026-07-29 09:56:33
vietnamese,Jer,50,46,12561,21d699e97a497801eb523236116d4c67442ff592,2026-07-29 09:56:33
vietnamese,Job,31,40,7573,2523aa00fa04dbdd91099095811fe0fb924488ac,2026-07-29 09:56:33
vietnamese,1 Cor,8,13,3431,ae400016f4f5ed77b87138e1acda0a2dffbb557b,2026-07-29 09:56:33
vietnamese,Job,32,22,4318,e60f30b89ffdabd347b78640b92d0a2d60e651ba,2026-07-29 09:56:34
vietnamese,1 Cor,9,27,6726,f04009287266e7cc60f510d185f497d21e6b9716,2026-07-29 09:56:34
vietnamese,Jer,51,64,16289,a021464d98603a8118716d01354d58a96ad5538c,2026-07-29 09:56:34
vietnamese,Job,33,33,6245,a7179834457496ac86fefb9223a47c15b25e2249,2026-07-29 09:56:34
vietnamese,Jer,52,34,8385,6e7a00b60f482d1d76918da21697a61a43ce0123,2026-07-29 09:56:34
vietnamese,1 Cor,10,33,7114,8b02942ae89274d47c79cfa5ecc0d8de567c246f,2026-07-29 09:56:34
vietnamese,Job,34,37,7092,472384c8ff9ad9f9fa5fdb356438aaade794159f,2026-07-29 09:56:34
vietnamese,Lam,1,22,6355,9ba133300035b81bed3325ec715b60b530986659,2026-07-29 09:56:34
vietnamese,1 Cor,11,34,7537,e04b3b0e42ecdfabf427705516a13fb3a905e333,2026-07-29 09:56:34
vietnamese,Job,35,16,3127,257d39ed208f85f8c2d6cc538cbdb5481b24ed30,2026-07-29 09:56:35
vietnamese,Lam,2,22,6818,7628ee451c6f08d3aab9e1c70319044f714e2f9d,2026-07-29 09:56:35
vietnamese,1 Cor,12,31,7060,cdee502161f259be0664fbde1771e8263b824017,2026-07-29 09:56:35
vietnamese,Job,36,33,6124,6c55732b3e6d112fc5453f2639cb151d62bc3fa2,2026-07-29 09:56:35
vietnamese,Lam,3,66,10064,06250c0c890865313a38a89e2952b25069a27f09,2026-07-29 09:56:35
vietnamese,1 Cor,13,13,3176,5cb46c553e7704124318bd9b1655a49a44f9d9d2,2026-07-29 09:56:35
vietnamese,Job,37,24,4852,ae3618f3fd61451de48e76320f6a9e6bf3cc15fb,2026-07-29 09:56:35
vietnamese,Lam,4,22,5207,71dbfa87ea0eb882526a289c924899221b86fea3,2026-07-29 09:56:35
vietnamese,1 Cor,14,40,9478,d884001c0f78089e04cce1283f8a6d756232adc0,2026-07-29 09:56:35
vietnamese,Job,38,41,7135,617fb53c4e984e9d6a7716ea2fed3d9c85c0223e,2026-07-29 09:56:36
vietnamese,Lam,5,22,3768,63e03282d3d9e2bb069a5b9f617ffe113b91927a,2026-07-29 09:56:36
vietnamese,1 Cor,15,58,13099,4e3296acdca52eec05df445cc1cc6580fe52cda6,2026-07-29 09:56:36
vietnamese,Job,39,30,5516,092b75f996889efb34ea1403b1dcef47894f8614,2026-07-29 09:56:36
vietnamese,Ezek,1,28,6527,aab99bac62d43ed129e5946a92822a14d844cd5e,2026-07-29 09:56:36
vietnamese,1 Cor,16,24,5107,2fcebafae1fbd902d1da6a996523a2b2e1ad384d,2026-07-29 09:56:36
vietnamese,Job,40,24,4368,675160403f954e7f19ef9c1c242f9d0b45562cdb,2026-07-29 09:56:36
vietnamese,Ezek,2,10,2596,90c2b6dd5fde199fe5852c1d28bd7bc450383c33,2026-07-29 09:56:36
vietnamese,2 Cor,1,24,6631,5992524534737942fc693cbc88d19470ed1adce2,2026-07-29 09:56:37
vietnamese,Job,41,34,6080,64af6ba6d49e1cdbc15bcb9b6c050f8916088c17,2026-07-29 09:56:37
vietnamese,Ezek,3,27,6890,1c05af13514ad01b83da3429e7a030d41391af6b,2026-07-29 09:56:37
vietnamese,2 Cor,2,17,4181,4d58bd59323bfa5404c504800c28ba9b76a506fe,2026-07-29 09:56:37
vietnamese,Job,42,17,4337,53c61d09b39580cfc72c266bd38c8b909c111005,2026-07-29 09:56:37
vietnamese,2 Cor,3,18,4348,24660e2189d4a0c97f348573e7f56d31be0a7c79,2026-07-29 09:56:37
vietnamese,Ezek,4,17,4290,ec2135c48397fab5d659dfcdff32632500c379ce,2026-07-29 09:56:37
vietnamese,Ps,1,6,1395,a7d2771497d15c6cd656b8bf4ff28aa676720523,2026-07-29 09:56:37
vietnamese,2 Cor,4,18,4706,1863d0dd47797a2eb9b2a93042e00972d8a179a9,2026-07-29 09:56:38
vietnamese,Ezek,5,17,5071,357133fb9a9011b997c701120ef4399290354204,2026-07-29 09:56:38
vietnamese,Ps,2,12,2379,f71de02645283b1da8467e463b43190acdd3f7dc,2026-07-29 09:56:38
vietnamese,2 Cor,5,21,5403,256e0df787c7502347b9348be0b62b07c1ec2c3d,2026-07-29 09:56:38
vietnamese,Ezek,6,14,4236,5aec2be4988f8e171f2f8311c606c9fccd8c49ad,2026-07-29 09:56:38
vietnamese,Ps,3,8,1647,c4c4d1255eb10549c1f2388d111fa4eed89a9018,2026-07-29 09:56:38
vietnamese,2 Cor,6,18,4242,d87e07d16aa9c9bd709faf87dac0a1e2f701c9b1,2026-07-29 09:56:38
vietnamese,Ezek,7,27,6975,12a03cd2d5e13a8d2dd3f3ed282beb685501350b,2026-07-29 09:56:38
vietnamese,Ps,4,8,1901,db69783f61ea13ef230767fc0c788aca1aac72dc,2026-07-29 09:56:38
vietnamese,2 Cor,7,16,4901,aa6de4d753ed940bbb1f02e12a19d585ed5cfbcc,2026-07-29 09:56:39
vietnamese,Ezek,8,18,5282,7a53f800a56519c7e1cf9178d4588e3ab72b328d,2026-07-29 09:56:39
vietnamese,Ps,5,12,2801,9a4eb9d63ba1907fdbbf59ae2eb1dd26d8554db1,2026-07-29 09:56:39
vietnamese,2 Cor,8,24,5966,b014cadb68c1e0d536f7c2cbef7df050e0aba77f,2026-07-29 09:56:39
vietnamese,Ezek,9,11,3278,18ec3080d7f3a234040d49a394f67118cfc4af76,2026-07-29 09:56:39
vietnamese,Ps,6,10,1982,e20cc74e7600703a48131afa9ac629de6fd8ad0a,2026-07-29 09:56:39
vietnamese,2 Cor,9,15,4012,f3ccdf790affd14106b174ea21764f246c204929,2026-07-29 09:56:39
vietnamese,Ezek,10,22,5264,f5be85a5c94abcb0e99c5f2f6e25e7a04f046938,2026-07-29 09:56:39
vietnamese,Ps,7,17,3548,88c322f12ea43ed75190fc2dc79f3daf02d367e6,2026-07-29 09:56:40
vietnamese,2 Cor,10,18,4681,92ea81cb5f458f722243307327e85591afd4a533,2026-07-29 09:56:40
vietnamese,Ezek,11,25,6356,779f29d94361d519ad02ad5032887e3e565c0d84,2026-07-29 09:56:40
vietnamese,Ps,8,9,1890,1cb1298428bafa7949d04a2a5f4fc17b16494ed4,2026-07-29 09:56:40
vietnamese,2 Cor,11,33,7902,3ee43f97f344cbfa5b82f8cade2a17aeb965f302,2026-07-29 09:56:40
vietnamese,Ezek,12,28,7133,032469ff322d80b881a7a89963f9eaa398b26a17,2026-07-29 09:56:40
vietnamese,Ps,9,20,3958,1cae3fd5f26b6197056f57223059c30cdff2460b,2026-07-29 09:56:40
vietnamese,2 Cor,12,21,6093,849191847f8bc696deb796dd4ce98b3c60912fc8,2026-07-29 09:56:40
vietnamese,Ezek,13,23,6632,cd9c60e796136ecf0b2eb83dd6c235a33f4957c5,2026-07-29 09:56:40
vietnamese,Ps,10,18,3878,7ffd48a2dc52ca10e3b69dfa34bf47b515391a05,2026-07-29 09:56:41
vietnamese,2 Cor,13,14,3761,2b7d6dbc32faf97d12ad4f9113dff810f06a56b8,2026-07-29 09:56:41
vietnamese,Ezek,14,23,6613,4ed05d4b680c18e47bc4eff7fd222f838826181a,2026-07-29 09:56:41
vietnamese,Ps,11,7,1514,8d5c72382e2d5d4a4d07ab5add811fe1e2c685b5,2026-07-29 09:56:41
vietnamese,Gal,1,24,5382,060196f0443e028c0e50aa7719eed2fbbfb2ea3e,2026-07-29 09:56:41
vietnamese,Ezek,15,8,1912,b7165e8187df7b12ea40ab3284a0d25a90cb7b73,2026-07-29 09:56:41
vietnamese,Ps,12,8,1857,5bee26aeb98c8624717c19fea14db6d991a5cf08,2026-07-29 09:56:41
vietnamese,Gal,2,21,6033,48b3018011e8489af7505fa3070fe36320564df3,2026-07-29 09:56:41
vietnamese,Ezek,16,63,15676,53f28afcada4ccdb70f65d2ab1b8ff5202f6463f,2026-07-29 09:56:42
vietnamese,Ps,13,6,1378,3ef215ccfc6d3d51311f77426f13d3bdd8ff9158,2026-07-29 09:56:42
vietnamese,Gal,3,29,7207,07efd83cc780119cbbfaad2dffdb6eb2aaa1bf49,2026-07-29 09:56:42
vietnamese,Ezek,17,24,6608,12ec1fff8b9a98da306070e2ca0c8dd0f4728647,2026-07-29 09:56:42
vietnamese,Ps,14,7,1733,145fc6f557ed581e0985e551a15f60a97edb41ec,2026-07-29 09:56:42
vietnamese,Gal,4,31,6696,a775fdb8533367e10771cc17493520c18874cd07,2026-07-29 09:56:42
vietnamese,Ezek,18,32,8538,d1cc33808c359c6459ef2746b01aa7617b93e960,2026-07-29 09:56:42
vietnamese,Ps,15,5,1239,5cd0e8b617d055acaf77fe46d56a5ca8f72d6909,2026-07-29 09:56:42
vietnamese,Gal,5,26,5462,44da3d89b66efdff57f91dfba395a4ca94790014,2026-07-29 09:56:42
vietnamese,Ezek,19,14,3149,516a536ac5c4d83648ed947fcd5ef4bbd731d6e4,2026-07-29 09:56:43
vietnamese,Ps,16,11,2342,ddd7d6cbed230f8870ceaa2c72d0aed246be3462,2026-07-29 09:56:43
vietnamese,Gal,6,18,4029,e1abc5fcba494c173bfa37309f2714947c0b6c0d,2026-07-29 09:56:43
vietnamese,Ezek,20,49,14265,47bcc960db49bb573eae5d0daf161efca3dbd886,2026-07-29 09:56:43
vietnamese,Ps,17,15,3324,0a8a20c817390cf21086e1466eed66f99c006580,2026-07-29 09:56:43
vietnamese,Eph,1,23,5538,9710027feadfe5c9bee84d7a9877355c11b94644,2026-07-29 09:56:43
vietnamese,Ezek,21,32,8584,70e1034fd939fbf46aad94335711933e0b49fda6,2026-07-29 09:56:43
vietnamese,Ps,18,50,9770,24f3eba5b111afa8f0d893031b5f315700640763,2026-07-29 09:56:43
vietnamese,Eph,2,22,5369,404eaa44d580cefce586b74c47d5587e06027ba7,2026-07-29 09:56:44
vietnamese,Ezek,22,31,7766,cee079d90271c79b2d214d1df9ae1262a429a59f,2026-07-29 09:56:44
vietnamese,Ps,19,14,3100,dd505ecb3ad1f91999ea2b8aadeb456584f5d7a1,2026-07-29 09:56:44
vietnamese,Eph,3,21,4748,3ebb6a2886c41dcb82aae479ea31ea0e91dbda09,2026-07-29 09:56:44
vietnamese,Ps,20,9,2015,8706be44a2e61be5404284a89763db1c8c14a421,2026-07-29 09:56:44
vietnamese,Ezek,23,49,12237,f7eb23b618844ff3ab75e4175bc92ee25115cfa7,2026-07-29 09:56:44
vietnamese,Eph,4,32,6933,ff666846619f42b91be715261d97a8a531a9e09a,2026-07-29 09:56:44
vietnamese,Ps,21,13,2746,8eba7575971a0203e36bdc7475761a666d34b60c,2026-07-29 09:56:44
vietnamese,Ezek,24,27,6661,1dfd255b06410ac241b5be1539f5733bd15ccf2f,2026-07-29 09:56:44
vietnamese,Eph,5,33,6541,13dda6ea0e5628a00ed8fd17ed20077469e3e38a,2026-07-29 09:56:45
vietnamese,Ezek,25,17,4637,de0aa658cd0c1e3ea822550306782dc63a04572f,2026-07-29 09:56:45
vietnamese,Ps,22,31,6090,948a5dd5a195d3b41e1a36e8c53b1a5411011588,2026-07-29 09:56:45
vietnamese,Eph,6,24,5471,b86462200fd4acc5b6c56802976c2ec7f50df82e,2026-07-29 09:56:45
vietnamese,Ezek,26,21,5885,9094a1508d94de2914d834c18603df98250975ce,2026-07-29 09:56:45
vietnamese,Ps,23,6,1334,c85fdbbaaa279f30ac8d0085c7d01c956870117d,2026-07-29 09:56:45
vietnamese,Phil,1,30,6879,98d29b0146b7d87e13b73e8f7950aab50dafc491,2026-07-29 09:56:45
vietnamese,Ps,24,10,2156,5a02a448d8fe1d8a2cb436d412e059e1cbb6f38b,2026-07-29 09:56:46
vietnamese,Ezek,27,36,8580,4a4dc6a10abfab179b94e1e99e38bd2bc225669d,2026-07-29 09:56:46
vietnamese,Phil,2,30,6621,f147124a4359f2d7e0d12be2c8320700bcc38c17,2026-07-29 09:56:46
vietnamese,Ps,25,22,4320,90c1f2faa64994b51cce43e25821297a9a152810,2026-07-29 09:56:46
vietnamese,Ezek,28,26,7417,2b13d0f614a4dd930dea23334f13e842ac25eec8,2026-07-29 09:56:46
vietnamese,Phil,3,21,5289,8f58984bdd8d57a489dd3600d0ee608b80dc2880,2026-07-29 09:56:46
vietnamese,Ps,26,12,2258,02e46ebc92cfb69c43255c744e6fed9818d1100b,2026-07-29 09:56:46
vietnamese,Ezek,29,21,6104,6be2575daa1ae1e231538e669b51b62b34e9aef7,2026-07-29 09:56:46
vietnamese,Phil,4,23,5276,32351ab43d71c03c5a365edca8da7a0d295a1f9f,2026-07-29 09:56:47
vietnamese,Ezek,30,26,6525,926dec68e5e2d4474ee774acfd04bfdb147f1986,2026-07-29 09:56:47
vietnamese,Ps,27,14,3441,fc71f081570486405a0d56f84c8c49c18cc84e01,2026-07-29 09:56:47
vietnamese,Col,1,29,7415,559366367b0a290434d652e115fb214445fdd001,2026-07-29 09:56:47
vietnamese,Ezek,31,18,5538,1cff71b23a0292495c3bffdb9fcf31b359799c61,2026-07-29 09:56:47
vietnamese,Ps,28,9,2216,fee35767b891a3247fa280717aede5c60b16be62,2026-07-29 09:56:47
vietnamese,Col,2,23,5522,e2500d24af3cc516c0fc94ad19c1be707029ea43,2026-07-29 09:56:47
vietnamese,Ezek,32,32,9758,26fc1b5636bdd5d1b6b2267d678c4b267afd4bc2,2026-07-29 09:56:47
vietnamese,Ps,29,11,2185,c85d0b1283d062b4955aa87c27894899ee8cca93,2026-07-29 09:56:47
vietnamese,Col,3,25,5733,328323f1a0c3289ae79f1f872dbf8f8e543a0dde,2026-07-29 09:56:48
vietnamese,Ezek,33,33,9402,592a254de6ee52788abfc40fbd3959d9fb10e437,2026-07-29 09:56:48
vietnamese,Ps,30,12,2576,6934636b5b7cacc0e213929edeae40ff5f015a1f,2026-07-29 09:56:48
vietnamese,Col,4,18,4359,bbfd204ebd6f7142e7554e4e5182fc01b93ca014,2026-07-29 09:56:48
vietnamese,Ps,31,24,5275,b3b2d7028d52ef6342172fefd72d17e76d6fee8f,2026-07-29 09:56:48
vietnamese,Ezek,34,31,8386,1e6febfa4e4c11f1f5cadfa7b1a6a3276c81dfa6,2026-07-29 09:56:48
vietnamese,1 Thess,1,10,2971,bc1a1a30d6e030bb7b41c6fd890db125e4aaf995,2026-07-29 09:56:48
vietnamese,Ps,32,11,2475,7c9f1a4729ceeeefa316816d9cee0a18b634a26c,2026-07-29 09:56:48
vietnamese,Ezek,35,15,3798,1b2ec6df3fdae94a3786e1c1f38dc4db279d2d10,2026-07-29 09:56:49
vietnamese,1 Thess,2,20,5695,742d91d5823d2ed9e79fb71aa63b3a9510e33acd,2026-07-29 09:56:49
vietnamese,Ps,33,22,4160,a5b20ff940932bb5ec4add35c78daab6d7f98b1d,2026-07-29 09:56:49
vietnamese,1 Thess,3,13,3622,f9aa60b1ac92351c5c3feee91b3b7b3c7a58fe46,2026-07-29 09:56:49
vietnamese,Ezek,36,38,10468,08de87f4ad49c621cfb96d00a03b85be511f3eeb,2026-07-29 09:56:49
vietnamese,Ps,34,22,4080,78bf45e8c9d4ee8a6498a87f62384ac0e308dfaa,2026-07-29 09:56:49
vietnamese,Ezek,37,28,8020,87f99754b8d3e318d60d853e079919b181df8629,2026-07-29 09:56:49
vietnamese,1 Thess,4,18,4524,f6382b6d1f09cb3a930a641fa2c2133177813638,2026-07-29 09:56:49
vietnamese,Ps,35,28,5878,b6a786d44b428a53f0a380f95bfaae30234d207d,2026-07-29 09:56:50
vietnamese,Ezek,38,23,6893,28de903c0ed888cc17b37b7daab802400e073402,2026-07-29 09:56:50
vietnamese,1 Thess,5,28,5398,55381f6490b3d21f2c13b9e400b3c52559bc22cf,2026-07-29 09:56:50
vietnamese,Ps,36,12,2494,e5fe73318d29fba338a9b7bc45ca3a4804eb3eab,2026-07-29 09:56:50
vietnamese,Ezek,39,29,7814,4b5a7c424b4b9d16b36bdcd22d489d399f0eb7fb,2026-07-29 09:56:50
vietnamese,2 Thess,1,12,3381,d33c7f5566689a86b2acbc795327200247ee5214,2026-07-29 09:56:50
vietnamese,Ps,37,40,7542,7dd4bda29f1581f2dcbeb7e22b24484196d88c14,2026-07-29 09:56:50
vietnamese,2 Thess,2,17,4447,56e76e54100ef4548dc0c5de715b45d44364f6d8,2026-07-29 09:56:50
vietnamese,Ezek,40,49,12208,35aefd804966f34727ef0a70d3f551d18e289e56,2026-07-29 09:56:50
vietnamese,Ps,38,22,3940,86ae5ca9780c239d12f635e627bf04c68394b5ed,2026-07-29 09:56:51
vietnamese,2 Thess,3,18,4085,3a5a7a65cd1aa9b7b722629e725fd55cc08bc74a,2026-07-29 09:56:51
vietnamese,Ezek,41,26,6191,479952627c0532adc08425caf8557906d4c938e1,2026-07-29 09:56:51
vietnamese,Ps,39,13,2965,60272053611907afb0968c07fdb9b99f4fbb1fcc,2026-07-29 09:56:51
vietnamese,Ezek,42,20,4863,4931b4ea901e2fc54ff086497c879a054ad63b0d,2026-07-29 09:56:51
vietnamese,Ps,40,17,4325,af3371c2efc51d25a6a490d2f9b7ab191f660db7,2026-07-29 09:56:52
vietnamese,Ezek,43,27,7363,895209e6758dfbd07b34059cfcc089f8b3e9eb2a,2026-07-29 09:56:52
vietnamese,Ps,41,13,2815,1f8e55b33480ca540fd68de538eaf49cb4c444d0,2026-07-29 09:56:52
vietnamese,Ezek,44,31,8937,42da9636c61fa9da5281d09d799729870f15bfe3,2026-07-29 09:56:52
vietnamese,Ps,42,11,2848,1950e24352d63c533e11df2d037acbee09ac359a,2026-07-29 09:56:52
vietnamese,Ezek,45,25,7199,74a8fb85b8c58da26ac662aec2375af052f11960,2026-07-29 09:56:52
vietnamese,Ps,43,5,1528,79e58e09a5a4ac8c06af4191d0513247901a9085,2026-07-29 09:56:53
vietnamese,Ezek,46,24,6740,3a139a2a8260f779abad82a2ffa8be52ad239c20,2026-07-29 09:56:53
vietnamese,Ps,44,26,5142,df92da55a370d22547d47e4e4fdc94730000159b,2026-07-29 09:56:53
vietnamese,Ezek,47,23,6148,6bc07e9ca560d3ca7f2c9b613c8421ca357a7ce0,2026-07-29 09:56:53
vietnamese,Ps,45,17,3623,8bd1df9bb2299dcaa15f48809938403735cf8ae9,2026-07-29 09:56:53
vietnamese,Ezek,48,35,8592,811dc0b26825b693b5fc4f79a90a6188b2141b7e,2026-07-29 09:56:54
vietnamese,Ps,46,11,2352,002fb90d9a545013cee7b416070a95d556e2b7a8,2026-07-29 09:56:54
vietnamese,Dan,1,21,5191,42de594ad20eabb375154eca8a4b3d5535303eb1,2026-07-29 09:56:54
vietnamese,Ps,47,9,1809,aa9b1d72ed034b5a8dbf025945238a57fed21f2f,2026-07-29 09:56:54
vietnamese,Dan,2,49,13018,59a2ff7e25641841527a79ceb32ac57164f024a6,2026-07-29 09:56:55
vietnamese,Ps,48,14,2805,ffa784a87b961bb816ef2de9ccb6048753b39608,2026-07-29 09:56:55
vietnamese,Dan,3,30,8926,92e4b70fa4b631cccf53ec54c84223e906c42a7b,2026-07-29 09:56:55
vietnamese,Ps,49,20,4133,954741d36d2199036ffd1a6e06a0fcc4932d28c2,2026-07-29 09:56:55
vietnamese,Ps,50,23,4615,e0124f6991bb7eba5275a0e35da2b2350f7e837e,2026-07-29 09:56:55
vietnamese,Dan,4,37,10969,11a433a68d00c242856eabd4a7ad3f54e82f9463,2026-07-29 09:56:55
vietnamese,Ps,51,19,4085,bd1ef742721ca5f441b5bfd1009e636149b04335,2026-07-29 09:56:56
vietnamese,Dan,5,31,8951,46309f3b2454a4fff63dc0b66b0b7c1c558ad0f6,2026-07-29 09:56:56
vietnamese,Ps,52,9,2000,4a81944b561f9c6826f075bf0e7396d2bb7bc8f8,2026-07-29 09:56:56
vietnamese,Dan,6,28,8152,e84aae85a529aa992d441ce38a4670849377f79b,2026-07-29 09:56:56
vietnamese,Ps,53,6,1692,49b4c443cf7527cfe276509bd4fdced3a04798fa,2026-07-29 09:56:56
vietnamese,Dan,7,28,7993,4d3e1fceb969b50ab02cc91b1ee8e8f111a1634a,2026-07-29 09:56:56
vietnamese,Dan,8,27,7323,7584ba572d89d2f8b482b866bb6e41b724316bd2,2026-07-29 09:56:57
vietnamese,Ps,54,7,1560,5cc7abcdad9d2827895cf192e26252ecd432db87,2026-07-29 09:56:57
vietnamese,Dan,9,27,8729,7d857d6273a54c85584ab1a08d63285a499acaf2,2026-07-29 09:56:57
vietnamese,Ps,55,23,4795,07e43c4ae17c71aafd5893f9360b3983293b2037,2026-07-29 09:56:57
vietnamese,Ps,56,13,2897,e33823dbbff7220513721ccd6fab955f9ca7bbce,2026-07-29 09:56:58
vietnamese,Dan,10,21,5595,d5883710b90f90d9af67257565719bbe20e347eb,2026-07-29 09:56:58
vietnamese,Ps,57,11,2604,706611eeb288ea8d68a3feffd6d93bc36fabfcb4,2026-07-29 09:56:58
vietnamese,Dan,11,45,12672,5adb6aef54bb6bef1f2f4dc18f820ef6e913847b,2026-07-29 09:56:58
vietnamese,Ps,58,11,2348,d1d9d5f9e4eb0ef435d5dc30702ca6b608b0b1a6,2026-07-29 09:56:58
vietnamese,Dan,12,13,3591,410749da7d4d80aefe64e6021e3f356d45109e9e,2026-07-29 09:56:59
vietnamese,Ps,59,17,3933,f3b19edec63c7c38ca5a9142bf78b6c5ba536aff,2026-07-29 09:56:59
vietnamese,Hos,1,11,3068,d1d9965ada700c7e2aee00d08454ad36533ee77b,2026-07-29 09:56:59
vietnamese,Ps,60,12,2515,09c7fded4be14d87f25e972be8d0aac886bb6ffe,2026-07-29 09:56:59
vietnamese,Hos,2,23,5699,221e9f8605fc0acb34d0b98a093f8b18ea0944f8,2026-07-29 09:56:59
vietnamese,Ps,61,8,1697,8d2de80c340c6bff31a1c8aff63eed2ac038cd06,2026-07-29 09:56:59
vietnamese,Hos,3,5,1537,6ba6d881e75628bc0468d565be0441dda0aa52f6,2026-07-29 09:57:00
vietnamese,Ps,62,12,2880,259f7a7cfb35bb2ce724d95f16d5886a188f8baf,2026-07-29 09:57:00
vietnamese,Hos,4,19,4754,4e8af283fe3addb82fb67553fa949dfc022c8966,2026-07-29 09:57:00
vietnamese,Ps,63,11,2186,c718e8b559daffeda85e327faac8805f099f5390,2026-07-29 09:57:00
vietnamese,Hos,5,15,3710,462c67f9a5150d994497f9d46078d718fd375d70,2026-07-29 09:57:00
vietnamese,Ps,64,10,2208,865eafc6dbf817eb99d75228fdf96e014dc38cbd,2026-07-29 09:57:00
vietnamese,Hos,6,11,2701,e88833ca6d4d8f9923a7f6bbc4d64a5c425500a0,2026-07-29 09:57:01
vietnamese,Ps,65,13,2957,0acd6f52378b83a7c825f80aef6688745c13b75d,2026-07-29 09:57:01
vietnamese,Hos,7,16,4070,350e49a3e17dd94d6ca894113fc6ae51905875d1,2026-07-29 09:57:01
vietnamese,Ps,66,20,3814,e909cbf796fe6e3b449a813a0e53bcf751a5d14b,2026-07-29 09:57:01
vietnamese,Hos,8,14,3452,d233b653c5ec548bc834d36a3c7842c53520ca55,2026-07-29 09:57:01
vietnamese,Ps,67,7,1523,9be4a9cb3d42346b1cebd81e2ef8d8da845ae944,2026-07-29 09:57:02
vietnamese,Hos,9,17,4753,259199c37ba9536f7b760c062c87ca7c4e717462,2026-07-29 09:57:02
vietnamese,Ps,68,35,7667,5f82e156f6e88fe9f74a579acf373d8785ea5eb3,2026-07-29 09:57:02
vietnamese,Hos,10,15,4240,3112528e2d103930a9ec32b9210590dca9d80a78,2026-07-29 09:57:02
vietnamese,Ps,69,36,7304,c844558f0ffe29ed98961ae4442ca59d5ee4d88f,2026-07-29 09:57:02
vietnamese,Hos,11,12,3196,fa11bc3b6e0120378524abf0ee1d43ee62a5177c,2026-07-29 09:57:03
vietnamese,Ps,70,5,1416,7651efddffd012453d3dd6cc60ce177ede440bf7,2026-07-29 09:57:03
vietnamese,Hos,12,14,3474,8ae9a5f69ff98548b481caf1a56abcaaff4f7c79,2026-07-29 09:57:03
vietnamese,Ps,71,24,5098,f30e4fd49ffc5411adb2849296f5e30684381c91,2026-07-29 09:57:03
vietnamese,Hos,13,16,4289,13f04dfa12cec6b7b92f742a48f744568372f123,2026-07-29 09:57:03
vietnamese,Ps,72,20,4193,adfe6ee507c61e9b5c7d814ba79905104dc2a60c,2026-07-29 09:57:03
vietnamese,Hos,14,9,2586,78cf4ddfc5ba6a27ec666de0f6cd7de3e01ea854,2026-07-29 09:57:04
vietnamese,Ps,73,28,5131,32ddeced946015709ec208fff1f15b2265c4b14d,2026-07-29 09:57:04
vietnamese,Joel,1,20,4994,44b4d7b93e76c1227c60d55126397e80daa44a0e,2026-07-29 09:57:04
vietnamese,Ps,74,23,4550,0fa03412f75045bda37c7d6d35af0cdf46bd1a16,2026-07-29 09:57:04
vietnamese,Joel,2,32,8545,d5a9fc22a795b27b59375a8a86cf967bcca4d2cb,2026-07-29 09:57:04
vietnamese,Ps,75,10,2098,4bb1beabd3c2446e8de5efa79da65aaa99d96c61,2026-07-29 09:57:04
vietnamese,Joel,3,21,5290,181b12faa02069066a0f4e24ca05e4edc7d00c38,2026-07-29 09:57:05
vietnamese,Ps,76,12,2294,213e911ccdadc44b217eb021450afc321395f7da,2026-07-29 09:57:05
vietnamese,Amos,1,15,4213,a54865c360e6814f633c3bf9d276c8fb7ffa5127,2026-07-29 09:57:05
vietnamese,Ps,77,20,3726,6bf040ba569f978a2d524398d09ba26485763e4d,2026-07-29 09:57:05
vietnamese,Amos,2,16,4353,3e5d35b8b90e87d485cd2fdca976c5465cb3b575,2026-07-29 09:57:05
vietnamese,Ps,78,72,13345,f29b2a08d1e7b9b6eadcce452166ea82be51a580,2026-07-29 09:57:05
vietnamese,Amos,3,15,4009,b28408194c7416c51bb7de39732896149c7ea86a,2026-07-29 09:57:06
vietnamese,Ps,79,13,3200,ffa730265eec3b2fcb8d98beebc496792c870fb1,2026-07-29 09:57:06
vietnamese,Amos,4,13,4291,b4c7fb15cecbefd4a2b6e333083b39d08000aa9b,2026-07-29 09:57:06
vietnamese,Amos,5,27,6582,68fa081e26763548a3badffa6b52f9864a8cf143,2026-07-29 09:57:06
vietnamese,Ps,80,19,3718,9e7e19b62aeac367922a44cd7c876fc3ad7dd97a,2026-07-29 09:57:06
vietnamese,Amos,6,14,3836,8f91e2dd354f0563fb3ccb4f6df210e03d4d3324,2026-07-29 09:57:07
vietnamese,Ps,81,16,3197,2af779721a65216d00efec5f033acef84fadd200,2026-07-29 09:57:07
vietnamese,Amos,7,17,4437,cbdf082c97843702708b97b4dda0472aba7ddf2d,2026-07-29 09:57:07
vietnamese,Ps,82,8,1621,cf49e05340c7907cda6f96f347273d8e9a147d58,2026-07-29 09:57:07
vietnamese,Ps,83,18,3311,8cbb9ba56fde1b0c697edce286d682785f5596c8,2026-07-29 09:57:07
vietnamese,Amos,8,14,3888,0f2edf0e5a7315c9d1ae5f33fa9eadf2d6a8ea51,2026-07-29 09:57:08
vietnamese,Ps,84,12,2698,5e04044333d29381c81c1cc4823b8be8afe31d95,2026-07-29 09:57:08
vietnamese,Amos,9,15,4604,fd2b76bf4c32856306f616862be3048b9699edb3,2026-07-29 09:57:08
vietnamese,Ps,85,13,2587,a3c79752ab0d37322fd3bf92440895ece88acea8,2026-07-29 09:57:08
vietnamese,Obad,1,21,5907,e2ceaa1eeb252e6e09ed91d0f0b58fddd3583c6e,2026-07-29 09:57:08
vietnamese,Ps,86,17,3655,bceba064b2bf9685e5241ac649b01e1e8a68a16b,2026-07-29 09:57:09
vietnamese,Jon,1,17,4533,eaebcdc5da3604d9d184f0c2717527b99e3efba7,2026-07-29 09:57:09
vietnamese,Ps,87,7,1463,c856abedae5a9928cb88f1fac06d5f7c5b099617,2026-07-29 09:57:09
vietnamese,Jon,2,10,2398,abccffe76396414a18439e4321f98bb5b5280039,2026-07-29 09:57:09
vietnamese,Ps,88,18,3577,6f3cbc56737ff929c9954e7d8279e00d41589980,2026-07-29 09:57:09
vietnamese,Jon,3,10,2609,081ead540e14fbc6b4c3d4aac87d08ec7dfc7b36,2026-07-29 09:57:09
vietnamese,Ps,89,52,10014,cae25e8c2e530a8fd865a3033534cbef2b114e47,2026-07-29 09:57:10
vietnamese,Jon,4,11,3027,d27ba00b9a891d65319f97fc696a8289db77ea97,2026-07-29 09:57:10
vietnamese,Ps,90,17,3710,45afdd531fb87a0a74b19b5382c5e75af1389114,2026-07-29 09:57:10
vietnamese,Mic,1,16,4241,4a84de618f06504d8d019671acf210fd7fec753c,2026-07-29 09:57:10
vietnamese,Ps,91,16,3226,5eff682cf1be9f0f720ba2c2b2529c7428fe9da7,2026-07-29 09:57:10
vietnamese,Mic,2,13,3746,ad054a49d3c2a6245bc55683591b28cbb7d3cd91,2026-07-29 09:57:10
vietnamese,Ps,92,15,2892,5c4e9caefa73f52d6360e1178162fbac6a312229,2026-07-29 09:57:11
vietnamese,Mic,3,12,3433,3efe2e61a6af51e95c8b8a35b6371cdc7de0ef8d,2026-07-29 09:57:11
vietnamese,Ps,93,5,1279,919b8066ecffa3d5b4617db73a1a33402bda9368,2026-07-29 09:57:11
vietnamese,Mic,4,13,4019,2a278bf443372a0ff8461579846a3b5fc4637cb9,2026-07-29 09:57:11
vietnamese,Ps,94,23,4276,ad11bd1d0074b66d7121f43d7d7e9883f0b70374,2026-07-29 09:57:11
vietnamese,Mic,5,15,4043,9cdc81387d13f2845d95199e0f5919ec4a130458,2026-07-29 09:57:12
vietnamese,Ps,95,11,2219,cf593376f6bd4783291b6506461f4681879a9827,2026-07-29 09:57:12
vietnamese,Mic,6,16,4303,0ec31888ceca8601c6a505c2db5b447f72e60835,2026-07-29 09:57:12
vietnamese,Ps,96,13,2827,e43d097876330f9376aec7dd1575677d1a65d8e9,2026-07-29 09:57:12
vietnamese,Mic,7,20,5394,98e8db696d977c8ab193e7c4109464b1c0e71653,2026-07-29 09:57:12
vietnamese,Ps,97,12,2441,5b696d9077a1ba9d06090438a79721a6c0ed7bc3,2026-07-29 09:57:13
vietnamese,Nah,1,15,3536,2933cb4b4e343cf0797a9552499a3c04115effd2,2026-07-29 09:57:13
vietnamese,Ps,98,9,1986,70a971e6d1c4557a0ce3d08ad2f4fcd548f29f81,2026-07-29 09:57:13
vietnamese,Nah,2,13,3364,7a1c705f7a8866228d2ed8bce0948a72bb719b4a,2026-07-29 09:57:13
vietnamese,Ps,99,9,2032,a31208f011ccb6b0467b50c9e37b000075580518,2026-07-29 09:57:13
vietnamese,Nah,3,19,4779,8b50d7f35dbe64f897e12c21d28f038efa886954,2026-07-29 09:57:13
vietnamese,Ps,100,5,1212,daa00dbe68859a5b11ae380328f07c57050f0918,2026-07-29 09:57:14
vietnamese,Hab,1,17,4174,eb9a378265fb9bdaf416e83d750b90c6d8e11d25,2026-07-29 09:57:14
vietnamese,Ps,101,8,1855,8b24817b10aaf70d1dc7a45815662e5121ae76a1,2026-07-29 09:57:14
vietnamese,Hab,2,20,5128,adeeea52121204f37110c798efed5df4bc9cb77a,2026-07-29 09:57:14
vietnamese,Ps,102,28,5082,03522af35316de3744f7d7bd87dc5a3232d6805f,2026-07-29 09:57:14
vietnamese,Hab,3,19,4658,7a94f5c83ec79b9f3b1a49fc2738e32f4192e67f,2026-07-29 09:57:14
vietnamese,Ps,103,22,4374,acc6ddc4084c183a3bcd1638d14060b4227ea639,2026-07-29 09:57:15
vietnamese,Zeph,1,18,4674,8fd651095ee6067d068a4781dd07792af20f7cb9,2026-07-29 09:57:15
vietnamese,Ps,104,35,6496,9ae084e6268b247002de60d8d2807efef25cf4fd,2026-07-29 09:57:15
vietnamese,Zeph,2,15,4533,ca58d2365904ab303d0d51c54eb4c569e55649ea,2026-07-29 09:57:15
vietnamese,Ps,105,45,7656,e1c5ac524383c56d9177805e58dad828c65beaf8,2026-07-29 09:57:15
vietnamese,Zeph,3,20,5616,d09c182159026be43310b76a56fbb0b2b126bdd4,2026-07-29 09:57:16
vietnamese,Ps,106,48,8791,da252484d94b7b134932c2702d12829bc274ed1d,2026-07-29 09:57:16
vietnamese,Hag,1,15,3955,bc3de3e4bfad565f7b0758c7025c253f1758e613,2026-07-29 09:57:16
vietnamese,Ps,107,43,7567,48c49e3c5e436bc0db1e9269bffa00a42c5ee6c7,2026-07-29 09:57:16
vietnamese,Hag,2,23,6178,385d547a1dc5d0eea2bf8107764de5a05019a807,2026-07-29 09:57:16
vietnamese,Ps,108,13,2704,587b8ac9c2b2acfe1f92286d2f47ca15b4d0d167,2026-07-29 09:57:16
vietnamese,Zech,1,21,5758,b1f0a5c864ae2df78b9bd8577c9baafc3c646a91,2026-07-29 09:57:17
vietnamese,Ps,109,31,5747,8c90d73ab81d4373b64899dbc09aa794a9748230,2026-07-29 09:57:17
vietnamese,Zech,2,13,3107,5ad542df4296e9367c655c262b52e2e2160f9afe,2026-07-29 09:57:17
vietnamese,Ps,110,7,1637,d5eac44eaf89c99c74fc97f89c50aeda27467583,2026-07-29 09:57:17
vietnamese,Zech,3,10,2935,3d3b77e6d4f6466de02049adb16b7de001b65ba6,2026-07-29 09:57:17
vietnamese,Ps,111,10,2077,256a8e0d3fe4f8133271ea7e95fe6252a4256c8c,2026-07-29 09:57:18
vietnamese,Zech,4,14,3339,52248d2fb9c774224db744c0cdc8bc90f736dff8,2026-07-29 09:57:18
vietnamese,Ps,112,10,2093,77943114f36987585fda3899c6a4c1e6d3a1399c,2026-07-29 09:57:18
vietnamese,Zech,5,11,2776,7b8862044e4f6f424e8acec250f61bd12b69ae3b,2026-07-29 09:57:18
vietnamese,Ps,113,9,1699,2a591fae6d87f0d36b1f4b6000e28b718aa8c73e,2026-07-29 09:57:18
vietnamese,Zech,6,15,3705,e56fde6617be82ecdad84d529898c18b41d64bcd,2026-07-29 09:57:18
vietnamese,Ps,114,8,1491,f84c58160951e31804e6d3d15a6be26a31631256,2026-07-29 09:57:19
vietnamese,Zech,7,14,3746,4f6a1333594570bd031702d88e95311d23308cff,2026-07-29 09:57:19
vietnamese,Ps,115,18,3360,b52fa0fab2a6a55453b9a28dfbc3dcd757963d7a,2026-07-29 09:57:19
vietnamese,Zech,8,23,6262,0c16bbe51378413355fd74979056ad6401ce739a,2026-07-29 09:57:19
vietnamese,Ps,116,19,3391,eb54a14a7f702df22d41b616a84094d64ea6d113,2026-07-29 09:57:19
vietnamese,Zech,9,17,4699,7f7ed8bab17f1fbce202727fb10c45a2835c3305,2026-07-29 09:57:20
vietnamese,Ps,117,2,576,3186001068bd4680447c5c7643e513c631a26c98,2026-07-29 09:57:20
vietnamese,Zech,10,12,3503,6f0e9591fd2e032262326843979a6dcf8cc2b681,2026-07-29 09:57:20
vietnamese,Ps,118,29,5154,d78005ebce3fc7606e5b049dee69e4410059567c,2026-07-29 09:57:20
vietnamese,Zech,11,17,4510,83bffccbc24803bf86686a8c0f0391cd14fc0fb7,2026-07-29 09:57:20
vietnamese,Zech,12,14,4044,f861fb4ddd68f8728ba2b12a6eb3971d3cbab76d,2026-07-29 09:57:21
vietnamese,Ps,119,176,30296,6a14a6f91b36fd6f5a9994ac82d0541c70263d5f,2026-07-29 09:57:21
vietnamese,Zech,13,9,2798,e4e73ec4852276075f4a939588eb79ca890e7c33,2026-07-29 09:57:21
vietnamese,Ps,120,7,1332,cbd391f93c49f2c7435324f9cb43dc5cb21876e5,2026-07-29 09:57:21
vietnamese,Zech,14,21,5926,fb0aaaba12270a9a03e8260538733ae6a5f6e6c9,2026-07-29 09:57:21
vietnamese,Ps,121,8,1531,d467cf0fdaa67c61a70ada8a20eb088c68447497,2026-07-29 09:57:22
vietnamese,Mal,1,14,4685,cf36535a85b8af6fab2657209fc7cae68975f72f,2026-07-29 09:57:22
vietnamese,Ps,122,9,1663,79af765299394f52f6856ca2221e57a0d4baceb5,2026-07-29 09:57:22
vietnamese,Mal,2,17,5356,c4bcb12a05dae61a7d93e9328e8c9f24c4c1099d,2026-07-29 09:57:22
vietnamese,Ps,123,4,1087,8fe043ead9846c91dbcd1885ebe7f77391b7cd1b,2026-07-29 09:57:22
vietnamese,Mal,3,18,5457,46ce34a02c708e61eefa54a1c0904f236027d358,2026-07-29 09:57:22
vietnamese,Ps,124,8,1534,d0b1a7636487c5d85f9d05dd88ac5c1a9208a793,2026-07-29 09:57:23
vietnamese,Mal,4,6,1773,8e1f7b961c4f0098ae02323e039e1dd2d8930654,2026-07-29 09:57:23
vietnamese,Ps,125,5,1273,8b67b49ca0754a488a5979bab9a3b4da149e0096,2026-07-29 09:57:23
vietnamese,Ps,126,6,1344,4123ff9bf465f23f0fa173fa9df2edab2366bb08,2026-07-29 09:57:23
vietnamese,Ps,127,5,1259,57cb73c61539b410988d341b6444dc1453137f24,2026-07-29 09:57:24
vietnamese,Ps,128,6,1287,8bb855caf6ce466427474cb97d4a80f6b3abea74,2026-07-29 09:57:24
vietnamese,Ps,129,8,1524,fc16619f41fc7e11184a0f7da77c8cc44e3e4375,2026-07-29 09:57:24
vietnamese,Ps,130,8,1555,bce16e69a61e761f8beec06d9294bf52ac91d560,2026-07-29 09:57:25
vietnamese,Ps,131,3,873,249afb552509e6bab3e24ec69f24aefb6dc0264b,2026-07-29 09:57:25
vietnamese,Ps,132,18,3480,f28adaa5ea612fdf29337dd13ae57addb9e6ced9,2026-07-29 09:57:26
vietnamese,Ps,133,3,785,3a7ee91826d125098ccf7e5beb346e74a54e33dd,2026-07-29 09:57:26
vietnamese,Ps,134,3,724,d037807c6bdc12ec7db613fcdec13662ab82e955,2026-07-29 09:57:26
vietnamese,Ps,135,21,3886,66bbc2c808e1c00ac2ecce353718c0f6441662fe,2026-07-29 09:57:27
vietnamese,Ps,136,26,4594,6cfe200dfbe640b6619d74953c035ad3e3e7d26e,2026-07-29 09:57:27
vietnamese,Ps,137,9,1974,19d652642f45fd21463612a3fb63b7a7c8702777,2026-07-29 09:57:27
vietnamese,Ps,138,8,1887,2a76510ef1a92188071d75d22007f684ef9d30ce,2026-07-29 09:57:28
vietnamese,Ps,139,24,4499,1486e791aaf4c24e38d5a095a2a1a4002f470e18,2026-07-29 09:57:28
vietnamese,Ps,140,13,2725,26b78a01f0054dfc6c1c491275e0e7d9971bf752,2026-07-29 09:57:29
vietnamese,Ps,141,10,2222,e63c6218340591f690fef3ea25365c385df6989d,2026-07-29 09:57:29
vietnamese,Ps,142,7,1687,c07a899e2e9c2f9513e80421ed5c7caff86c235d,2026-07-29 09:57:29
vietnamese,Ps,143,12,2788,e3b4b2d56716c34321e23faa610cfda420ff498c,2026-07-29 09:57:30
vietnamese,Ps,144,15,3336,f61c59db25ad0fdb157af75daf5d545adf81ddb3,2026-07-29 09:57:30
vietnamese,Ps,145,21,4007,65237015f9045e80e97b5a45cca165342e763983,2026-07-29 09:57:30
vietnamese,Ps,146,10,2239,9b5203ea2976249b3b4f0d7965297a6ebd61877b,2026-07-29 09:57:31
vietnamese,Ps,147,20,3548,4d58675b2aab8b08a4399f6916c6379f4b16e95c,2026-07-29 09:57:31
vietnamese,Ps,148,14,2717,bd54554b9f9e3ee86e41a037c39263a8489f97d6,2026-07-29 09:57:31
vietnamese,Ps,149,9,1793,ac68f29011c4edeef98aecd522a59c42ca2d7bd9,2026-07-29 09:57:32
vietnamese,Ps,150,6,1272,38755221c66b305cee28f3b418040343032863cf,2026-07-29 09:57:32
jp,Gen,1,31,6479,961d080e211b14f0323b7193f68305c68de7d12e,2026-07-29 10:15:49
jp,Gen,2,25,5100,85f3c77db180973d7cd726929e352f079db31a6a,2026-07-29 10:15:50
jp,Gen,3,24,6024,9af9f2677d454decadca912208220da82d662ba2,2026-07-29 10:15:50
jp,Gen,4,26,6135,0edb0348a701412a25b4483e3bf14672b0a712ba,2026-07-29 10:15:50
jp,Gen,5,32,5253,15e0a58e7c526e098cf7389345d1950408ed2cff,2026-07-29 10:15:51
jp,Gen,6,22,4848,4425663d49a0c0892f201fb819ce0006513114a2,2026-07-29 10:15:51
jp,Gen,7,24,4752,155ed46466053711f0fb2d53cffd7480d3f8f389,2026-07-29 10:15:52
jp,Gen,8,22,4599,770208351adbe83cff77697dcb6c16a69ae1a22e,2026-07-29 10:15:52
jp,Gen,9,29,6094,7b1808434ee01c207eded8ede640a28d3f946017,2026-07-29 10:15:52
jp,Gen,10,32,5691,abe26e83b3f500f850e0fd87bfef95fb38e62a75,2026-07-29 10:15:53
jp,Gen,11,32,5806,e5de0c5d87d0a88ab5ca4cb7fc16008a91183145,2026-07-29 10:15:53
jp,Gen,12,20,4819,0d8e44bfae53b3dbf0b13a3f87d2ce969befe226,2026-07-29 10:15:53
jp,Gen,13,18,4082,5859c50a1b8cb93904fd0428c59aa2f701c9c6a4,2026-07-29 10:15:54
jp,Gen,14,24,5687,d3113ea49f37fe3d20f851a95e80ccf5c7f8ff12,2026-07-29 10:15:54
jp,Gen,15,21,4867,90cca541e9742584e48341ecbbd62bf0601215c4,2026-07-29 10:15:55
jp,Gen,16,16,4356,000243e4f2db3f2b7fbc08dd698073bd14b6cec4,2026-07-29 10:15:55
jp,Gen,17,27,6507,b4ff4ad0c5e14db04084fb55a20eb9c97afbaf2f,2026-07-29 10:15:55
jp,Prov,1,33,6331,5612be8b3d18758e6e2d0484d2d8c49b37165076,2026-07-29 10:15:56
jp,Gen,18,33,8318,4ae09573e03d97917372988fbbe7f76643127cdf,2026-07-29 10:15:56
jp,Prov,2,22,3804,9f5bd3204ce906aad176796d720df44280004a68,2026-07-29 10:15:56
jp,Gen,19,38,9382,a4a682be011f85a5824e1cc822e97312fa1317f8,2026-07-29 10:15:56
jp,Prov,3,35,6582,7043f12103838e315dafc127b4974f1b02044f1a,2026-07-29 10:15:56
jp,Gen,20,18,5036,802721032e663cddacf686696140a9faf33eed91,2026-07-29 10:15:57
jp,Prov,4,27,5116,63a95e0d7fe97f34146cb7f980cd1fa46517ceb7,2026-07-29 10:15:57
jp,Gen,21,34,7476,2568fb126700cedd7de23295fb9c713de2d4fa27,2026-07-29 10:15:57
jp,Prov,5,23,4288,4d693e4a2821bdb2cb924a70ac5164219c688ec0,2026-07-29 10:15:57
jp,Gen,22,24,5708,6f466e256b75c955b8c2313cd612692cf85a70ae,2026-07-29 10:15:57
jp,Prov,6,35,6592,a05cae0c2d6e0d8576af4caf48f1f2a1700094e6,2026-07-29 10:15:58
jp,Gen,23,20,4879,3e34fbb2b03aa211bb47597158524da12a93601c,2026-07-29 10:15:58
jp,Prov,7,27,4998,da01686d52674ead75b93145eba43efcaef66b20,2026-07-29 10:15:58
jp,Prov,8,36,6536,5ffa0377b46189d9180a0375268ecf8bfd2f209f,2026-07-29 10:15:58
jp,Gen,24,67,16241,1bf3a28266613c60a4ebccff957134f97be64ddc,2026-07-29 10:15:58
jp,Prov,9,18,3352,4be3604e22b98e9f2f4851f4f426968ac18df700,2026-07-29 10:15:59
jp,Gen,25,34,7164,efdfd852d3b6bff26af7e13141079439204bca7d,2026-07-29 10:15:59
jp,Prov,10,32,5822,6fee5d3da1af4f9d9fff3f6d1fed2a874c672135,2026-07-29 10:15:59
jp,Gen,26,35,8773,67ad19717f7176df0069ebcd421350e1ff663c59,2026-07-29 10:15:59
jp,Prov,11,31,5670,41c312253e8512812d89ad422699361b7e22a904,2026-07-29 10:15:59
jp,Gen,27,46,11555,a75052d71d7c899c9c539600ca37e4882888b844,2026-07-29 10:16:00
jp,Prov,12,28,5211,e9ac47f132df367fdb80e553e0f2a89b4680d5a9,2026-07-29 10:16:00
jp,Gen,28,22,5175,1c15ad17f248139ff66c4b602f01f55a5f546e7f,2026-07-29 10:16:00
jp,Prov,13,25,4694,d14838671a1a96a3308366d261fadeb4b7415c1a,2026-07-29 10:16:00
jp,Gen,29,35,8101,d1b31cb4d85666595a5c54d406023e280c777ef0,2026-07-29 10:16:00
jp,Prov,14,35,6299,98cff67fc032e8c4a9f006d45a6f6697cbcd749f,2026-07-29 10:16:00
jp,Prov,15,33,5811,ccff19600463b960df73f0055c84f512cbac394b,2026-07-29 10:16:01
jp,Gen,30,43,10644,0d7a2dc5e4aed1b5fdc717bf872775f505034be9,2026-07-29 10:16:01
jp,Prov,16,33,6202,7e7d9ddccb6c071e0098047548195bc2c7eb4b18,2026-07-29 10:16:01
jp,Gen,31,55,14139,243edccea20c56b09d7969e20d700ca388b8bdc4,2026-07-29 10:16:01
jp,Prov,17,28,5389,a30eaa1352a99a57169b244b762d14649ca11d9e,2026-07-29 10:16:02
jp,Gen,32,32,7756,e2228d128054b90a88c60042405dcbe1c7e9bc3f,2026-07-29 10:16:02
jp,Prov,18,24,4440,f6581f83313c86ebe247bb51c8db641082b1fa0c,2026-07-29 10:16:02
jp,Gen,33,20,4840,1457acb773919217812019795b5caa8e045bb888,2026-07-29 10:16:02
jp,Prov,19,29,5508,fa6e7040dcc1261ade62e900ccadbe84c3a33160,2026-07-29 10:16:03
jp,Gen,34,31,7470,7661abd31059d69fefe7d35eff3af8c1a4509207,2026-07-29 10:16:03
jp,Prov,20,30,5792,9e61107438572819e22e1187c00d7d6ff270f4ef,2026-07-29 10:16:03
jp,Gen,35,29,6478,bc75f7a26346a4536bfeb3be0ab4910f49731d90,2026-07-29 10:16:03
jp,Matt,1,25,5102,2b56e0ba8f15e4943cd7f248b2752a80bf37214f,2026-07-29 10:16:03
jp,Prov,21,31,5640,ab62ebb5cf4395205cdd9265b48cf46c4e6a14c1,2026-07-29 10:16:03
jp,Gen,36,43,9216,a9e015d94ba180503948d58e9d75729ac77e680b,2026-07-29 10:16:03
jp,Matt,2,23,5736,82dd1b6fb50108cfd83e79cb7d8c3209e67645a4,2026-07-29 10:16:04
jp,Prov,22,29,5584,45a073e61ed5f1f313064633a8228df8227f3290,2026-07-29 10:16:04
jp,Gen,37,36,8420,04e79cbc779e2b4628ad593dfa585ee45143896e,2026-07-29 10:16:04
jp,Matt,3,17,4294,d7401e1d978e4cbdbe62b1da6791642d508ad1b3,2026-07-29 10:16:04
jp,Prov,23,35,6775,ebfe01978e345dc5316e782bc8f42242be270d6c,2026-07-29 10:16:04
jp,Gen,38,30,7373,d97896909ebef844ddcde965cc3de6a48ee2f40e,2026-07-29 10:16:04
jp,Matt,4,25,5757,ee2c059d496103a8839f14282683a17bd6875e9f,2026-07-29 10:16:04
jp,Prov,24,34,6712,807c9a7caa5b9114f85408ca3c6230e8d389857b,2026-07-29 10:16:04
jp,Gen,39,23,5488,4459985286b80fdfa2ae1ec9c4f8f9c6659da910,2026-07-29 10:16:05
jp,Matt,5,48,11064,f464d5e83524e14225bae2cff1c16486d77f86e7,2026-07-29 10:16:05
jp,Prov,25,28,5569,6917c11db30b5b5f895f13eb41b21efdd9827a78,2026-07-29 10:16:05
jp,Gen,40,23,5275,42b37a23fc08f1bb93b919b66f344e53ab22296c,2026-07-29 10:16:05
jp,Matt,6,34,8539,c72d4a8d4603f47dbc7fb620c1960743088b3f6e,2026-07-29 10:16:05
jp,Prov,26,28,5460,f43b64876447ab85a36908ffb2e195fa34bd28e9,2026-07-29 10:16:05
jp,Matt,7,29,6448,c19fbc11c6c90d8ee4b705f49e8f8596dab31e83,2026-07-29 10:16:05
jp,Gen,41,57,12140,25aff3664f60c093fbac96359d03baba0fd6cd9d,2026-07-29 10:16:06
jp,Prov,27,27,5255,3a1bcf803d7520983cebaa0627136c665a97a3f6,2026-07-29 10:16:06
jp,Matt,8,34,8124,11d738e6a03b3ac6021212410a05969c4025ccf4,2026-07-29 10:16:06
jp,Gen,42,38,9754,762326d524e56bbb799604807f7ace3f1438178c,2026-07-29 10:16:06
jp,Prov,28,28,5340,d32dc0ce126fbc2f428b8f987d6bfd5dd9512491,2026-07-29 10:16:06
jp,Matt,9,38,9011,f7b45853c05a573d3539423bded0baa5394b9f4c,2026-07-29 10:16:06
jp,Prov,29,27,5066,0ded5b33e67b6a89be10048e32b0fa967fcd31bf,2026-07-29 10:16:06
jp,Gen,43,34,8862,6c816a56e6dc5c0c7845c4a9906c3f74faf39368,2026-07-29 10:16:06
jp,Matt,10,42,9291,930d4d24e3d26ca1b1753e685a1c910287fb2560,2026-07-29 10:16:07
jp,Prov,30,33,7133,4246172f6184ed70da1522680846b2aad7596c24,2026-07-29 10:16:07
jp,Gen,44,34,8523,7020e0195d221455302ccac5318236ec1cc31905,2026-07-29 10:16:07
jp,Matt,11,30,7024,2a831669aa71544c8fb191dc044b21458d6af097,2026-07-29 10:16:07
jp,Prov,31,31,5850,14c51e4232d1459ddb0e8e4c79bad685b8118f86,2026-07-29 10:16:07
jp,Gen,45,28,7005,485a8d0fd5985581ec0bc736d7242df27bc92b44,2026-07-29 10:16:07
jp,Matt,12,50,11824,b8c8987a290eb681dd0b30cf68224f067c05c438,2026-07-29 10:16:07
jp,Eccl,1,18,3902,c71aba2c491cf4feadabaaf3a3d19e8769a81fc7,2026-07-29 10:16:08
jp,Gen,46,34,7146,aebe52464e39df74e11ec918f9e8f9bec29f9a21,2026-07-29 10:16:08
jp,Matt,13,58,12711,0f1e88bef1f7fa86ecdce49bd0582f70d173b1d9,2026-07-29 10:16:08
jp,Eccl,2,26,6931,149a348140c23f09e10adba2d573073138c2ff16,2026-07-29 10:16:08
jp,Gen,47,31,8361,ef811ecdce0babc1f009175796a18e152c8acc1c,2026-07-29 10:16:08
jp,Matt,14,36,7657,519f65d337e2387918762ecd09ca1f3e39a5e924,2026-07-29 10:16:08
jp,Eccl,3,22,4943,d2507c6729ceda359098e5db82d7d43d5a8f11e1,2026-07-29 10:16:08
jp,Gen,48,22,6297,750f6aa3ecdb2c21377d25ee0f33abe60815a1b0,2026-07-29 10:16:09
jp,Matt,15,39,8487,07c252998d75327b0645f3e9c040d662df45cec9,2026-07-29 10:16:09
jp,Eccl,4,16,3867,7c5970e3ab370e98f861f2cbb4755daa2e8d0efa,2026-07-29 10:16:09
jp,Gen,49,33,7570,258046c0a3e40e4a160fe43fb666a3187e331e1b,2026-07-29 10:16:09
jp,Matt,16,28,6942,b851adef9b2c3ca13b784549920fc5d0a2aad93e,2026-07-29 10:16:09
jp,Eccl,5,20,4984,890acce93360557b560b6bbc723f0b0b7333ce6d,2026-07-29 10:16:09
jp,Gen,50,26,6551,8e4ff3ea25fa3312ef55c8ae7017603a2ccfd1fb,2026-07-29 10:16:09
jp,Matt,17,27,6856,1fe2c5fedef60018d784ff0780081c7a9938d635,2026-07-29 10:16:09
jp,Ex,1,22,4697,d05af174e7c924b6d8f2a546a015968d35c8f33d,2026-07-29 10:16:10
jp,Eccl,6,12,2921,faf50691d2d782f63940a155d8407a26df9bdca9,2026-07-29 10:16:10
jp,Matt,18,35,8117,7657bd4c8490d7e1bd5c1b04ae21afa3dd1904c6,2026-07-29 10:16:10
jp,Ex,2,25,6066,a9a4a9647fe507802a0208639566fb269ef0bf0f,2026-07-29 10:16:10
jp,Eccl,7,29,6321,fc1040846b73af2d432a5d6c8aca00b023c81c64,2026-07-29 10:16:10
jp,Matt,19,30,7294,564374f16f16e4c4b62a7634b30c469189210e9d,2026-07-29 10:16:10
jp,1 Tim,1,20,5173,2ee826a73f1d695ae646f764752fd8f176398f48,2026-07-29 10:16:10
jp,Ex,3,22,6804,3039dae87cae9c30795739992b34cdc6ea206bc0,2026-07-29 10:16:10
jp,Eccl,8,17,4324,e883e377d1a9bc1951cf846b12f9bb8dbff04908,2026-07-29 10:16:10
jp,Matt,20,34,8118,5ad8a32d80b1de879ae05d85204f403c02afc48c,2026-07-29 10:16:11
jp,1 Tim,2,15,3373,8e55ef7b192575cda68426992730c26f0aeca549,2026-07-29 10:16:11
jp,Ex,4,31,7770,66c33e39f7a7d76c20683a5c6eb5ca3572eb5d79,2026-07-29 10:16:11
jp,Eccl,9,18,5160,eebca0ed8af83f96a2bf079e7e80e15a58885fce,2026-07-29 10:16:11
jp,Matt,21,46,11707,a0d8bb7f69c6ac003957889ca8b28eb47185cf94,2026-07-29 10:16:11
jp,1 Tim,3,16,3819,a5614b8aa2d7b72e3b7c2dacc0212ace72b1441d,2026-07-29 10:16:11
jp,Ex,5,23,6170,fb2e072eac76251f25c0d383e76832ee33d83c54,2026-07-29 10:16:11
jp,Eccl,10,20,4298,f4583caac16fc1cbf4cf89364221c2ef5aaf0325,2026-07-29 10:16:11
jp,1 Tim,4,16,3741,5f142f68edf9982a4dbeae2eaf9f01fb5f37d2d9,2026-07-29 10:16:11
jp,Matt,22,46,9471,2d1b6c2d539093364e7c07701305a07b71d22a7d,2026-07-29 10:16:11
jp,Ex,6,30,7087,188ee3b0b4dad1ccf47e21e7f0dbfe133fb53552,2026-07-29 10:16:11
jp,Eccl,11,10,2578,ff11f43e6af32b13e67ffd12f890e598a4066f15,2026-07-29 10:16:12
jp,1 Tim,5,25,5955,a4c54d3cc69cd983a4e1558e79408cc46582183f,2026-07-29 10:16:12
jp,Ex,7,25,6483,79cc16dc92fbfcf2005ae60b67a2024116323422,2026-07-29 10:16:12
jp,Matt,23,39,9210,14c812db6d8a9a3fb069f192ba845f52cf4c636c,2026-07-29 10:16:12
jp,Eccl,12,14,3226,9abab383eacf24e68192ddc8511ffe87d7af587e,2026-07-29 10:16:12
jp,1 Tim,6,21,5377,43e7c0651744e9392892683317613da073ccfadb,2026-07-29 10:16:12
jp,Ex,8,32,8546,6bfbc83497b018bc734ba11a5bb40841bef4c86f,2026-07-29 10:16:12
jp,Matt,24,51,10594,f629d5a1b75c7e433bdccb64bac891f1eb87d631,2026-07-29 10:16:12
jp,Song,1,17,4189,7a31d82155b683e252412afd051ec13e826db390,2026-07-29 10:16:12
jp,2 Tim,1,18,4828,5addf6d31728bf88f6d66a36e13a27c9d0b0b729,2026-07-29 10:16:12
jp,Song,2,17,4222,4ec38e0bd0a875e2bb860553757997a20bf6ad6d,2026-07-29 10:16:13
jp,Ex,9,35,8577,6864c34232597e3fc0e32f7ef1684fb1da4ff1c5,2026-07-29 10:16:13
jp,2 Tim,2,26,6215,01ee5308a3efb486ea5e58ab0f5076e012bc10d3,2026-07-29 10:16:13
jp,Matt,25,46,10584,3a78456ba265154601b1214924b2f64515773299,2026-07-29 10:16:13
jp,2 Tim,3,17,4049,4af9f3b431c2d11c39a102225baab7f8a2a1aa4b,2026-07-29 10:16:13
jp,Song,3,11,2994,abafea1eef2bba9fb486be36341c16b677a74ae0,2026-07-29 10:16:13
jp,Ex,10,29,8513,c1bf074e42b60cba8af888a654d78c483779b400,2026-07-29 10:16:13
jp,Matt,26,75,17296,586f182e508d111945e5b4b35a0ff17c10ab1927,2026-07-29 10:16:13
jp,Song,4,16,4137,adaa6da2ea293a4d55442a199f96f4d52f5d201a,2026-07-29 10:16:13
jp,2 Tim,4,22,5142,8a4fa65f9de1f65fd50e990be50f1732116e0953,2026-07-29 10:16:13
jp,Ex,11,10,3108,af402ce8b0bb614b796f191b9a94f18c960ceb04,2026-07-29 10:16:13
jp,Matt,27,66,14179,d94e9ed704fb71a00b64481928fd1ea91e323e46,2026-07-29 10:16:14
jp,Song,5,16,4379,492eec45f9e579801bfb40b6a4318ad8630f0ca7,2026-07-29 10:16:14
jp,Titus,1,16,4083,4a80f8be975a5e3032c857dbc439293f66973918,2026-07-29 10:16:14
jp,Ex,12,51,12813,dcabefe6cb62c8bd24f0423b9946be637470c2a8,2026-07-29 10:16:14
jp,Matt,28,20,4672,11c7e91246d4c488f9764671a3b62b3f91f4acdf,2026-07-29 10:16:14
jp,Song,6,13,3273,7aabee47d8da785918ed9348f3a055c1679a5f11,2026-07-29 10:16:14
jp,Titus,2,15,3469,b9ef8e01db99813c2af92ad44bc11b8a95014aa9,2026-07-29 10:16:14
jp,Ex,13,22,6120,1d2d8599660d60227cc3a9ca3e8aa12252f57cfd,2026-07-29 10:16:14
jp,Mark,1,45,9691,cf1323a008c03b4061b554f03871cec9c6eb35f1,2026-07-29 10:16:14
jp,Titus,3,15,3704,a87dea882e8679b79deaa0af11fe22b20bae5b97,2026-07-29 10:16:15
jp,Song,7,13,3383,8c92997c7becfffcb09eccea2c084e952a8751da,2026-07-29 10:16:15
jp,Ex,14,31,8109,ba58a6b25cf3e514e03c2507dbbd22daa06eabf6,2026-07-29 10:16:15
jp,Mark,2,28,7050,b2b12098be1a4793d34637322b14adb083ddd7dc,2026-07-29 10:16:15
jp,Philem,1,25,5717,41b8a05dbbc5c7d98b62245eb3e654649b2a6d70,2026-07-29 10:16:15
jp,Song,8,14,3965,4a9964754666b0abe54e2e89a2439a65ee9ea6f6,2026-07-29 10:16:15
jp,Ex,15,27,6641,a8bfabcdb147009137cdf7356b43d89adcf6ebb6,2026-07-29 10:16:15
jp,Mark,3,35,7429,267c42c187d0e6d3897e93dc9d77114283f04d90,2026-07-29 10:16:15
jp,Heb,1,14,3690,fcd1c790d3802007df08e1a1cf83b576829238a2,2026-07-29 10:16:15
jp,Is,1,31,8053,1652d7807c1ac62b3a3e64b09b8ca8c3df8b0871,2026-07-29 10:16:15
jp,Ex,16,36,9429,b8a7d8a8f29e48e68ad2565db49d9f1638d30195,2026-07-29 10:16:16
jp,Mark,4,41,8590,af971607c856836776b51079796b4cc0a7592575,2026-07-29 10:16:16
jp,Heb,2,18,4633,8f9110b64a40fc64cdf3c63c7664de85b8df964c,2026-07-29 10:16:16
jp,Is,2,22,5094,1aa6855908eda06d048628f60fad6856801918d0,2026-07-29 10:16:16
jp,Ex,17,16,4262,baf0451a386495cbb5f3eae6a3515da3c1fad477,2026-07-29 10:16:16
jp,Heb,3,19,4782,aa3c5a48e154400bb83289a8bdc03e4d7c8fb0a1,2026-07-29 10:16:16
jp,Mark,5,43,9699,76a66de255779cbdb28c5b0a3228d9c0f496a0cc,2026-07-29 10:16:16
jp,Is,3,26,5748,9655d5bf8b96415b2c43d662362fae3a792ca09a,2026-07-29 10:16:16
jp,Ex,18,27,6759,c63cc2cb14601bbd1fa111af675912ed4d310a4a,2026-07-29 10:16:16
jp,Heb,4,16,4640,ee54515a8b5cde29401b2b424404617351c7c03a,2026-07-29 10:16:17
jp,Is,4,6,1689,c3c136feb130f71af04171e1d00e08139d79f426,2026-07-29 10:16:17
jp,Ex,19,25,6246,3f60a1de5a3107f6bd3403e56e9da4ff10d142c0,2026-07-29 10:16:17
jp,Mark,6,56,12445,61ff443ec0be1e0c8920206e970b78f27075f388,2026-07-29 10:16:17
jp,Is,5,30,8160,ff85f469f094689930af293540771a67a56e0fa3,2026-07-29 10:16:17
jp,Ex,20,26,5823,a1b4341270cacb841952e69c3ed7ade19be09965,2026-07-29 10:16:17
jp,Mark,7,37,8459,12e4955864b1ab8b870b062674a9b309237c1bd3,2026-07-29 10:16:17
jp,Heb,5,14,3449,6497e99dd3cf0037b73c1f756607c75e29063b69,2026-07-29 10:16:17
jp,Is,6,13,3790,f8a4acaf639adb6939f11a30c32ea1abce498a2f,2026-07-29 10:16:17
jp,Ex,21,36,8634,4968100484bb8c7f073adfce1cfc25b64eeb555e,2026-07-29 10:16:17
jp,Heb,6,20,4728,bf5cce365b1436ae1ce9d57588636f15d7f24191,2026-07-29 10:16:17
jp,Mark,8,38,8722,d5d18b639076c9fd0df4f7e9230a4557da3d0ee5,2026-07-29 10:16:17
jp,Is,7,25,5900,8b1b545ee4e542c5e6d83c4a8b17cb9f4432b464,2026-07-29 10:16:18
jp,Ex,22,31,7460,370b71e1f7c18b46f2a59023be1b915d77843741,2026-07-29 10:16:18
jp,Heb,7,28,6936,5f6de04e82c8ba374058d806b94a7b0fc9bd19bb,2026-07-29 10:16:18
jp,Mark,9,50,12218,0db1e48877de060df692630212a7a81ddc4018f8,2026-07-29 10:16:18
jp,Is,8,22,5277,b7c7adcd2c2502870c1410bb85b54b501396f77e,2026-07-29 10:16:18
jp,Heb,8,13,3992,e1a691bb38b3ff9a98ea2757533273eef7857431,2026-07-29 10:16:18
jp,Ex,23,33,8733,6172916632cf0adbae4bb374b88209619f173148,2026-07-29 10:16:18
jp,Mark,10,52,12164,f241430b3bc9a4b3cbaf2376754bd0de721f9a03,2026-07-29 10:16:18
jp,Is,9,21,5440,0218b732fec35e7b7ea2d904ad669e0d6e4288a0,2026-07-29 10:16:18
jp,Heb,9,28,6973,a3811fa757fb9c1b1ecfaeab2781f6db3b93b98b,2026-07-29 10:16:19
jp,Ex,24,18,4428,45c7d8d7e5877abd943671595fc3f9cba5529949,2026-07-29 10:16:19
jp,Mark,11,33,8112,df2ab74e760dda8d5279f5898c398767a4e6c751,2026-07-29 10:16:19
jp,Is,10,34,8423,c6656b3ae076df2dfef8f1073f73a404fdf74de3,2026-07-29 10:16:19
jp,Ex,25,40,8301,ff5abf0d3bb2712cd26568381c0227ecfad7a536,2026-07-29 10:16:19
jp,Heb,10,39,8872,2ecb54017b771db2d1a31695c3adff00412d4639,2026-07-29 10:16:19
jp,Mark,12,44,10714,803a6c6969e7586ec33447aaa57e49a0b2859157,2026-07-29 10:16:19
jp,Is,11,16,4110,0eff1f530b0883df7ccfe7edf0249eae8b22f494,2026-07-29 10:16:19
jp,Ex,26,37,8109,a80a263d8a9f146a49e16448df32d1eeb0ebd058,2026-07-29 10:16:19
jp,Heb,11,40,9738,e31a60651667cec562acb8217cb400d26fbe426f,2026-07-29 10:16:20
jp,Mark,13,37,8193,b3912c6e4a27f0623edf5c6d42667511788a6f70,2026-07-29 10:16:20
jp,Is,12,6,1679,181eee53775ad7e928bd59ffbd3631c57f773fe4,2026-07-29 10:16:20
jp,Ex,27,21,4923,a77756959dd1a588b40537a2fdb72a395dac8549,2026-07-29 10:16:20
jp,Heb,12,29,7528,59549c49585c9842583c48c9e1c7157ffb8beaab,2026-07-29 10:16:20
jp,Is,13,22,5095,bb8504d69b88af84f646353be7476663b181bcf5,2026-07-29 10:16:20
jp,Mark,14,72,16906,390939ba4a9db6f04b18586319bd7e873d234239,2026-07-29 10:16:20
jp,Ex,28,43,10464,80a61969da6713bd1600671f1537d6e9c25b2d44,2026-07-29 10:16:20
jp,Heb,13,25,6112,2a0cda3f333136df378cb9741a617d461fd9cf59,2026-07-29 10:16:20
jp,Is,14,32,8055,b4e343c2056b455fab5d8af91a0f9404b31c4397,2026-07-29 10:16:20
jp,Mark,15,47,9896,d9a360193bc63e334744b81216c49d27121f0fc1,2026-07-29 10:16:21
jp,James,1,27,6168,d2e0ab4aae8f9be8ce9fff3d503df345f73792ef,2026-07-29 10:16:21
jp,Ex,29,46,11367,d43d83157acc6e0129eea712533de1f1afe055d6,2026-07-29 10:16:21
jp,Is,15,9,2357,b9a366bbdbfcbf6494563b1ced47628b0f4fe455,2026-07-29 10:16:21
jp,Mark,16,20,4774,56b947839490a308d9f7d99e9402b637e4cd98e2,2026-07-29 10:16:21
jp,James,2,26,6458,8b0ac024ebd1962e7510660171d0ffe64f7627d1,2026-07-29 10:16:21
jp,Is,16,14,4035,201165750b43a118475bebf7b07ea23fc60d65ac,2026-07-29 10:16:21
jp,Ex,30,38,8916,7bf48bb4c97440d941c2fdf4be660dc51509828c,2026-07-29 10:16:21
jp,Luke,1,80,15804,11fe82452dd49a8b94f1855e9f3ac37e72eab015,2026-07-29 10:16:21
jp,James,3,18,4435,db1f74cbe0a8801948f59342176e6a90e7474079,2026-07-29 10:16:21
jp,Is,17,14,3845,b69ae5defc6d9fcf6eb8f626e10c410ef2b1aeda,2026-07-29 10:16:21
jp,Ex,31,18,3936,9edd2e6ceeb1cc3eeb872e7dafcea62096c74cd2,2026-07-29 10:16:22
jp,Is,18,7,2098,33b123e1ea729929e008d961bbfb615a75cc9282,2026-07-29 10:16:22
jp,Luke,2,52,10972,e352bb556f0da6f9caeb758b00fd7a3c8834a6b6,2026-07-29 10:16:22
jp,James,4,17,4358,f65f6f69c49de6b463a68655512b5c8c3d80ec03,2026-07-29 10:16:22
jp,Ex,32,35,9327,ce6d1b044faee06e7929f1eb357a26f9af71f508,2026-07-29 10:16:22
jp,Is,19,25,6415,3c68bc21e7dd90f5e9edf7535fdb6f3201fe1cb9,2026-07-29 10:16:22
jp,Luke,3,38,7769,574d6f8ccfa9d6d550d059927b1734eb897294ae,2026-07-29 10:16:22
jp,James,5,20,5291,1902391331e1493e8155dc55703ac09dece37818,2026-07-29 10:16:22
jp,Ex,33,23,6486,4392626752fe4ccfa04d035a94015b7dadf8c55e,2026-07-29 10:16:22
jp,Is,20,6,1895,73079f5a5c41070bf3a5d0a0c957a143005f2110,2026-07-29 10:16:23
jp,1 Pet,1,25,6790,072fb5e9ba5ab1b47e1e4813f740a597b3a9390c,2026-07-29 10:16:23
jp,Luke,4,44,10065,0074fa4baee19a6ecc6ea1f814f70018dae0b19f,2026-07-29 10:16:23
jp,Ex,34,35,9216,5f5bdda2cf298c97f75ea2bcc1a124556c34e156,2026-07-29 10:16:23
jp,Is,21,17,4438,d5b93d790e88b71a5b8e429ac7d75b438939364a,2026-07-29 10:16:23
jp,1 Pet,2,25,6506,1460c791c147e4dd68de3ce9e34a1b0c8efdffac,2026-07-29 10:16:23
jp,Luke,5,39,9626,68fa9d59ea56d81dd1706381c8d4ca67a9df9ce0,2026-07-29 10:16:23
jp,Ex,35,35,6987,e35ba33cd2cac2d57a67968100e132d3289575f2,2026-07-29 10:16:23
jp,Is,22,25,5805,bd9ef5b098dd0105f3ed840725ff97a371224ad8,2026-07-29 10:16:23
jp,1 Pet,3,22,5859,19c91695965cd97623fd81587f60a152a19e5e35,2026-07-29 10:16:23
jp,Luke,6,49,11701,4336a6c014f2be9120f5cb8e8e4fa87e7537ddb9,2026-07-29 10:16:24
jp,Ex,36,38,7947,6b1e73db434472ae0298653b1d4cdb056a5ef926,2026-07-29 10:16:24
jp,Is,23,18,4494,b93d7a27db5661d290f282bbc4f53cddc837dd18,2026-07-29 10:16:24
jp,1 Pet,4,19,4923,bd15ac1fde54593d3a458d11c13acc76960e0588,2026-07-29 10:16:24
jp,Ex,37,29,5928,12507dabd3587987659394fe18c6d7e8f55b2205,2026-07-29 10:16:24
jp,Luke,7,50,12259,00a11a4273e5d3fedd11ba84ee4a495016ae2b7e,2026-07-29 10:16:24
jp,Is,24,23,5293,2f8dfcca5e9103532df00674de59ebe9e7aeae57,2026-07-29 10:16:24
jp,1 Pet,5,14,3746,c50eb2b7d4aa3f166321e063bb92120f2f05791b,2026-07-29 10:16:24
jp,Ex,38,31,6576,678a58eece7b658e708ae2d423a3657a773c310a,2026-07-29 10:16:24
jp,Luke,8,56,13909,8b8ccbced5d069ff643cb50dc340203de68552da,2026-07-29 10:16:24
jp,Is,25,12,3425,b508311235622f25ed1eacafdb1a83a32700e3d7,2026-07-29 10:16:24
jp,2 Pet,1,21,5596,a011e901bc115faf67b6decb67f3d5b3039871de,2026-07-29 10:16:25
jp,Ex,39,43,8661,4bcc4386559aba9da83ebb059b2d78b09bcd194e,2026-07-29 10:16:25
jp,Is,26,21,5360,4f18ba2ccb2c5dc7a68a66bc9daaf993dce96881,2026-07-29 10:16:25
jp,2 Pet,2,22,6006,f20fee704a3142d6f380a2efdbbb66ba2c5dadc6,2026-07-29 10:16:25
jp,Luke,9,62,14861,7199ba085ee9494e64348dc12a7aac218f5b7236,2026-07-29 10:16:25
jp,Ex,40,38,7134,9650bf8c4c17cad839a92f24dee6d987aa349bbf,2026-07-29 10:16:25
jp,Is,27,13,3453,01e303e3f4a2d5a3d0a43ea954258932ed02039e,2026-07-29 10:16:25
jp,2 Pet,3,18,5162,ac9c9a0f0f5a89cf2a74b2ca239b48d41a878a27,2026-07-29 10:16:25
jp,Luke,10,42,10428,6263fb275af53c2d1841947d24f9e34db087dd69,2026-07-29 10:16:25
jp,Lev,1,17,4389,af869eb2713cc964ecb3aed56a769f43b32cd48c,2026-07-29 10:16:26
jp,Is,28,29,7833,55ccdc4db44971bed2bad434cf0b13d8952126c1,2026-07-29 10:16:26
jp,1 John,1,10,2933,9c856ff9cfb21c1d1d768371f63b96a5cf3850f3,2026-07-29 10:16:26
jp,Luke,11,54,13294,0bc4e86e1cd742e294b380ddccd76afc2b880828,2026-07-29 10:16:26
jp,Lev,2,16,4170,70085435a14763e0ae0340c20bfb04ed8332c8d0,2026-07-29 10:16:26
jp,Is,29,24,6873,8e0cc293681314d3c82525c418e08c5ceb1d469f,2026-07-29 10:16:26
jp,1 John,2,29,8148,aa10a3860f24a3870d776820b8031c07d466adeb,2026-07-29 10:16:26
jp,Luke,12,59,13922,d3813ae8d264035db365885a2ec4be7122dd7f06,2026-07-29 10:16:26
jp,Lev,3,17,4299,d41c0feb16d6eaa4afa7c69fd3e3753f65aaa086,2026-07-29 10:16:26
jp,Is,30,33,9046,e37bed520245aae7c3ad7e3ff084046647f28541,2026-07-29 10:16:26
jp,1 John,3,24,6312,34d4c8702f63122dfa7a44869931d909fc17c2d2,2026-07-29 10:16:26
jp,Lev,4,35,8592,1b798ede3609bdfe15860300abcc842c8a05f2a0,2026-07-29 10:16:27
jp,Luke,13,35,8809,f3c66cbdc314c5faea3d8d745b82320e6863c343,2026-07-29 10:16:27
jp,1 John,4,21,5637,b2e421624507b5ab35292e950f51b1946c56377b,2026-07-29 10:16:27
jp,Is,31,9,2957,da24fc5d97d896d45a7f4e1f1c7f574f1df477e9,2026-07-29 10:16:27
jp,Lev,5,19,5991,435d77e89ceceb01d62bfc5325c375c9e2ae3eaf,2026-07-29 10:16:27
jp,1 John,5,21,5394,8f509094a67e064d94e9b69c1e09d358ceb8945a,2026-07-29 10:16:27
jp,Luke,14,35,8294,f544783c4e38e18236e073d328424c1a07237b18,2026-07-29 10:16:27
jp,Is,32,20,4566,fc5fee9d88e10f7cba24a0f6e65568e63eb4edb4,2026-07-29 10:16:27
jp,Lev,6,30,7392,210f78431c0d3e547b16ff50231b95f62b9aacfa,2026-07-29 10:16:28
jp,Luke,15,32,7511,1d7a9e29c5ae2233d0dad317a7dbee3081abf973,2026-07-29 10:16:28
jp,2 John,1,13,3495,4eccc71a6a7df496f365d4600ac1779ff158c276,2026-07-29 10:16:28
jp,Is,33,24,6180,3486e6848561c2034ffb8ca3a45b59847ebe6f2f,2026-07-29 10:16:28
jp,Lev,7,38,8775,e2403b2a47bead8d28cd3ff865ab5df80f804be1,2026-07-29 10:16:28
jp,Luke,16,31,7956,4d03b36886a591392c586f2cb1d4ab28245d0b28,2026-07-29 10:16:28
jp,3 John,1,15,3727,0be2afc99b7c52eec909521a32b8191ac517b0c7,2026-07-29 10:16:28
jp,Is,34,17,4648,8e77be88d5480a55f1dea7a00a6f011c021f8985,2026-07-29 10:16:28
jp,Lev,8,36,8259,cda47b71166bc2a2a52de3c74bcfb5a634a97828,2026-07-29 10:16:28
jp,Luke,17,37,8172,9dc8b87232efef0fe0eb1806c2527587bcc79812,2026-07-29 10:16:28
jp,Jude,1,25,6772,565c2f348264e1813c909e3e7875e00df8ed6167,2026-07-29 10:16:28
jp,Is,35,10,2727,f736ea363b7647808d4098de27a69b6f8aab7e46,2026-07-29 10:16:28
jp,Lev,9,24,5446,45e5110bfb9817ca92464f992e61b33eca65c404,2026-07-29 10:16:29
jp,Rev,1,20,5320,72e61970828c42e440d6d8ed7ad9bdf1476f98fc,2026-07-29 10:16:29
jp,Is,36,22,6573,462468e2b42fe04c5103c26cf4abf96703cc879d,2026-07-29 10:16:29
jp,Luke,18,43,9630,3fcec16b0b24a7490cc1927c6bf98928e3ec0fd1,2026-07-29 10:16:29
jp,Lev,10,20,6030,3b7be64b7adc9c35f5f866428cc839fa3d43d209,2026-07-29 10:16:29
jp,Rev,2,29,7653,bf59cc09d35c60f07a4dfe9ffed1ac8749048a91,2026-07-29 10:16:29
jp,Is,37,38,9984,820d20449740a34750a927035b44ee7979baba1e,2026-07-29 10:16:29
jp,Luke,19,48,10602,b97da143a8a752608ec0d470409398bd7963bb6e,2026-07-29 10:16:29
jp,Rev,3,22,6045,ce1d81f68585b2f03e9e0dfa88776cd31ad48405,2026-07-29 10:16:30
jp,Lev,11,47,10897,4ebf252b98ec0a7add37cd82755b68f4ac112884,2026-07-29 10:16:30
jp,Is,38,22,5836,6adbc95f1d472f3a4942cf63fae31eddeab18210,2026-07-29 10:16:30
jp,Luke,20,47,10101,1978698554e3ceaceccb9ce222ba061dbd784500,2026-07-29 10:16:30
jp,Rev,4,11,3435,75870a8de2d0652f521ee884d9ba969c1f722ae8,2026-07-29 10:16:30
jp,Lev,12,8,2272,5870eb1e8c6ba7c1e7119c1da5a991784b62a6f9,2026-07-29 10:16:30
jp,Is,39,8,2496,82659e241c006bf6e44707f14091ebeb78f8e037,2026-07-29 10:16:30
jp,Luke,21,38,8192,8b1bf9c1c9435cbff2b9c177dc335acd7cfc1e85,2026-07-29 10:16:30
jp,Rev,5,14,3924,c961d53e55ee5871ecf01a1892c1c32298c42d39,2026-07-29 10:16:30
jp,Lev,13,59,15726,1e144b6774b9739cbd51aebc4e8661701f329cc9,2026-07-29 10:16:30
jp,Is,40,31,7876,94f4a6c7d3ecefcd8d79dbc6d63306c90211c16c,2026-07-29 10:16:30
jp,Luke,22,71,15302,8ccdde5b2d5d1766a1a6f9da04bbedd6a1971404,2026-07-29 10:16:31
jp,Rev,6,17,4662,e2c535b1f36d9b0f64ff993353ed269bd49120a9,2026-07-29 10:16:31
jp,Is,41,29,7964,bd1fb06510042bcdefbeb2002dfd9e5b03ed28ac,2026-07-29 10:16:31
jp,Lev,14,57,13010,03623b6e31042befe4a750d009f174f2eaec6f5b,2026-07-29 10:16:31
jp,Luke,23,56,12143,c751cf02a73ae82d387ff1b4e1fffb5299b1b25e,2026-07-29 10:16:31
jp,Rev,7,17,4575,4a056dadac82a5ac6d7b7a8fe316ca79ae31eb2e,2026-07-29 10:16:31
jp,Is,42,25,6487,c40348000b5289fa6ee5276eae2150317432708d,2026-07-29 10:16:31
jp,Lev,15,33,7991,cc6875d1dc41d63440601a03d50e1b9e08b32f36,2026-07-29 10:16:31
jp,Luke,24,53,11074,c59660462947adfa041a2623e6e4502a16b304c8,2026-07-29 10:16:31
jp,Is,43,28,7805,e6b78158f4582bbeb33dc8451d88394f46d408b9,2026-07-29 10:16:31
jp,Lev,16,34,9135,a6bb1fcfd00f85154923323aa3d5841b744b295d,2026-07-29 10:16:32
jp,Rev,9,21,5221,7e23f1365a93820a2b25933e300cb03c01afa1be,2026-07-29 10:16:32
jp,Is,44,28,8259,77937350b9739f4751d31f4fee3e45a8cd402fbf,2026-07-29 10:16:32
jp,John,1,51,11748,b2d773a5c025ac95d79e77ff53de247335500e54,2026-07-29 10:16:32
jp,Lev,17,16,4548,00eee8ee67dd60a733df4024685a5281be67ed5e,2026-07-29 10:16:32
jp,Rev,10,11,3009,e4ed90d55cee7b68c170741157ece5263d0728e8,2026-07-29 10:16:32
jp,Is,45,25,7514,8652ac5bfd500a5faa1f52f13052e0916ef16073,2026-07-29 10:16:32
jp,John,2,25,5616,115c9ac91289d6d475a437b8183c5ac62665a69c,2026-07-29 10:16:32
jp,Lev,18,30,6989,129895d5de11fd49c2cd15d249c9c0d532502e62,2026-07-29 10:16:33
jp,John,3,36,8240,0f62386718b4b3894c107eb90b2a046c66825df2,2026-07-29 10:16:33
jp,Rev,11,19,5187,232a749618337543a884b81da726b75bb37e0f5a,2026-07-29 10:16:33
jp,Is,46,13,3623,a0cdf56b3408f16e42e77f574bf3616410225ed2,2026-07-29 10:16:33
jp,Lev,19,37,9495,843ee1100bc952b6899219cf855d4229d09e9b8d,2026-07-29 10:16:33
jp,Rev,12,18,4600,49be1ff9f07be10f0129c3e5e9652dbf12215246,2026-07-29 10:16:33
jp,Is,47,15,4754,962a62b3b9db9510e23c9e280fb37dc3c126093d,2026-07-29 10:16:33
jp,Lev,20,27,7721,77d5c948a289bbd8152d390e267bb7f9f6350b90,2026-07-29 10:16:33
jp,John,4,54,12806,7289b474594d7b66c9ec7ae4222b0e6077a8ed72,2026-07-29 10:16:33
jp,Lev,21,24,5453,6ef991fda8847a2bef75b1ef8034c5d29aa1fab8,2026-07-29 10:16:34
jp,Rev,13,18,4604,f5c4ee25b512dead788635974bb736d2f113de11,2026-07-29 10:16:34
jp,Is,48,22,6442,d94ff564b7dcedeacaef7e1b50091d89cdde0e4a,2026-07-29 10:16:34
jp,John,5,47,11122,6a724845ddb9f18235283ea509240916507c2f90,2026-07-29 10:16:34
jp,Is,49,26,8173,a19f514908387235679d8f4f26d10c570200f054,2026-07-29 10:16:35
jp,Rev,14,20,5548,fa434764ac6fa33469e1c0891a4b53e3c54668f8,2026-07-29 10:16:35
jp,Lev,22,33,8486,07630e13c8e73e784e545d188ebf772b77665e72,2026-07-29 10:16:35
jp,John,6,71,15712,c971a28edff34f6af4041d1eb50a525ad2ca199a,2026-07-29 10:16:36
jp,Is,50,11,3688,e65e70ccb50b1ec872ffe315c0486996634735e7,2026-07-29 10:16:36
jp,Rev,15,8,2549,c657ccba2a337cde650592d5045dba3a6458eeca,2026-07-29 10:16:37
jp,Lev,23,44,10897,46d133edfef5128a405f7cc219ca1da9c01e221d,2026-07-29 10:16:37
jp,John,7,53,12498,8e95fa5bb31c292893457a85eb3fbb36f725bb19,2026-07-29 10:16:37
jp,Is,51,23,6877,836a9f0cb2e537745b12d23067ba40c1d70a142b,2026-07-29 10:16:37
jp,Rev,16,21,5107,932b0960d400f35eae15cdafe4d21a024b3c864e,2026-07-29 10:16:37
jp,Lev,24,23,5425,7d7c643c628b2372969add1138b51b08f0e93de9,2026-07-29 10:16:37
jp,John,8,59,15549,0fecbca5107e76a52ffc8761d579be9f440fa2e5,2026-07-29 10:16:38
jp,Is,52,15,4089,d75b5714cb3623c6ec4b2644e9940c8f7529d31b,2026-07-29 10:16:38
jp,Rev,17,18,4832,86e5c5a5031a6f3c5997e970413e0f6b6e4357c2,2026-07-29 10:16:38
jp,Lev,25,55,14127,a994a09e28d400938d0802d9ce2ebe61828fd849,2026-07-29 10:16:38
jp,John,9,41,10070,93947ec528f6535b9985e797c143afb8852bfc76,2026-07-29 10:16:38
jp,Is,53,12,3883,95d6c530d66b239c480a32668055f891cbff64d7,2026-07-29 10:16:38
jp,Rev,18,24,6695,447419af80d359886e1139d9e697a446073aecde,2026-07-29 10:16:39
jp,John,10,42,9507,c315224f2c5ac94e66452043ae30768ff71a3261,2026-07-29 10:16:39
jp,Lev,26,46,12135,97a3a8238762064c9b2db0980f2b94cb3a19d49c,2026-07-29 10:16:39
jp,Is,54,17,4959,c0be4dcdca89239025403f9039eae3d731d58d05,2026-07-29 10:16:39
jp,Rev,19,21,5760,5f547fa39083c32604e32310a301099461164b42,2026-07-29 10:16:40
jp,Is,55,13,3942,90cd43c01a298575afbbe9142e50ced4beb38af4,2026-07-29 10:16:41
jp,Lev,27,34,8363,59aacab265b766ea56b449bb50934c615ad11f2d,2026-07-29 10:16:41
jp,John,11,57,12700,62371f00fe51843848fe86e9f9d598e6b90098e1,2026-07-29 10:16:41
jp,Rev,20,15,4208,1b8765162adceda274555ebaf61bf99e93378c3e,2026-07-29 10:16:42
jp,Is,56,12,3408,3ca8b7540af40991e614c11c77d28b4398f76574,2026-07-29 10:16:42
jp,Num,1,54,11500,c6b9bfd5ddd927d1c0da175469d36d0ed97397ac,2026-07-29 10:16:42
jp,John,12,50,12056,843e5e85d0e15918ba5bab7c5c885ff5c2bb5e41,2026-07-29 10:16:42
jp,Rev,21,27,6491,0b49e184f5d45fb0af47ce447a84f2dd10311dc3,2026-07-29 10:16:43
jp,Is,57,21,5558,47a7c5543b6075d57b7769aba59100122aa9dca6,2026-07-29 10:16:43
jp,Num,2,34,7401,bec7a7cfcaf1cf46ea56da2f5cc408f4576d3283,2026-07-29 10:16:43
jp,John,13,38,9665,f407b05e37d6a76ce1175339e412fc05f2542ba1,2026-07-29 10:16:43
jp,Rev,22,21,5274,0be3da8c609354008edc3d6f7bc54f600a3ac7f1,2026-07-29 10:16:43
jp,Is,58,14,4858,4d17f3a359d48efa5d0e27a2c545616977549c06,2026-07-29 10:16:44
jp,Num,3,51,11334,a107cc4494bd4063badd8d4b9b7845b6b47f21d6,2026-07-29 10:16:44
jp,John,14,31,8466,2a006aa9747ddecf0e390de1b380b1015f66d051,2026-07-29 10:16:44
korean,1 Tim,1,20,4598,d74604c058cbf765f52c83ccfc960fb7a05a77ba,2026-07-29 10:16:44
jp,Is,59,21,5779,d0c55f6d47e4b268868a3de18383f74724f8951e,2026-07-29 10:16:44
jp,Num,4,49,11592,0db4d2c7f2316beccb9f2ca94dcebc12c6261250,2026-07-29 10:16:45
korean,1 Tim,2,15,3018,b95629b9164ef022f72d4a3b3819a82241cd0eb1,2026-07-29 10:16:45
jp,John,15,27,7459,f8a3d1d9db6b615e1839ecaec5e34fae5125655c,2026-07-29 10:16:45
jp,Is,60,22,6311,176f3c722586032e1d08b2050085ca4a493f7a66,2026-07-29 10:16:46
korean,1 Tim,3,16,3450,ca8f09a32df5e8d68f036bc87fb6c42b908a2c35,2026-07-29 10:16:46
jp,Num,5,31,7707,dcb5172da7cb2d337c144f6b0c107be15dd1a528,2026-07-29 10:16:46
jp,John,16,33,8959,da6ed08a31a3055513f5987fd119210f09e64005,2026-07-29 10:16:46
jp,Is,61,11,3477,3aa655c9dd4d3559dbdf2005ee8f079c2916421f,2026-07-29 10:16:47
jp,Num,6,27,6667,2684be772237a547b60bd19ac4f2f2d3f763a5f8,2026-07-29 10:16:47
korean,1 Tim,4,16,3176,6755ac6fd0ab69dc9ad8c9c3099865a4726a770b,2026-07-29 10:16:47
jp,John,17,26,7202,bd52dc6885ca2dac66cb3cf18ee20e4209971b1e,2026-07-29 10:16:47
jp,Is,62,12,3655,6eb2ce5b53c8c36438219edd4a795976b831e42d,2026-07-29 10:16:48
korean,1 Tim,5,25,4982,fa314749954e5bb26b955b64db255c792b6c3737,2026-07-29 10:16:48
jp,John,18,40,10428,b532c19a1f1db274208970875574ca40d4c811d5,2026-07-29 10:16:48
jp,Num,7,89,17610,e6dde24433ceb7d75c76c6d1aecb00c543f36f6b,2026-07-29 10:16:48
jp,Is,63,19,5728,e2f9aee7d9c9c5686a3c73471ebe2a053029fcc4,2026-07-29 10:16:49
korean,1 Tim,6,21,4805,43c5a6b02ef4ee826ddcebc2cd9be7f805cb9971,2026-07-29 10:16:49
jp,Num,8,26,6642,7577a2883147891bde5618f06673a99afae0a70a,2026-07-29 10:16:49
jp,John,19,42,10795,f3906b3a1c14ea7e34d0f20652d8369b96155f94,2026-07-29 10:16:49
jp,Is,64,12,3483,e77c28d85eab4bcb01079e8322ab1061fee336a3,2026-07-29 10:16:49
jp,John,20,31,7914,083962354e796d1c2af83c7e236d642b64e7b349,2026-07-29 10:16:50
korean,2 Tim,1,18,4194,021e6277c19dd66616cf05f80630d5b88a4a80de,2026-07-29 10:16:50
jp,Num,9,23,5977,d655a188a29a3321755a635bdff742a62b8de4a7,2026-07-29 10:16:50
jp,Is,65,25,7480,248296e0d3dfd6c6baa8724035e6652009b5503b,2026-07-29 10:16:50
jp,Num,10,36,8202,da41ecb7b0d96b3e3cc6b9a6738f822c7847d1eb,2026-07-29 10:16:51
korean,2 Tim,2,26,5370,5fd9351e2eaa5f68410deb0bbbf6d0f826009791,2026-07-29 10:16:51
jp,Is,66,24,7508,88a820d020da97c2b91cc5a7c4988ae29f10767e,2026-07-29 10:16:51
jp,John,21,25,7574,34cf748a23b60e3def986e7da127c1135c7c7939,2026-07-29 10:16:51
jp,Jer,1,19,5011,aa68ac3ea7a6dd3d3a3af6a1441cc16cafa6df47,2026-07-29 10:16:52
korean,2 Tim,3,17,3618,910bb80613df92b599afc22bd4d2cc7f3d79520a,2026-07-29 10:16:52
jp,Num,11,35,9613,1feb843769901717a9576db9ecbf652510f51a30,2026-07-29 10:16:52
jp,Acts,1,26,6609,7557d408c486bf79c8c688410bc329f1fc995f70,2026-07-29 10:16:52
jp,Jer,2,37,11101,79d68c87135d93989ed4bb77d374e779561d7014,2026-07-29 10:16:53
korean,2 Tim,4,21,4262,00d9c7ac5a8348fdf59b1709eabd7ab2417e4977,2026-07-29 10:16:54
jp,Num,12,16,3993,90d4b3e4e5af079c24bf3ee70272350120953698,2026-07-29 10:16:54
jp,Acts,2,47,11019,c1e75a947f1c77893e2e80b9132624a5be3d0e01,2026-07-29 10:16:54
jp,Jer,3,25,7419,98418b9aee0e0ce1f1e222bf1ec3bcafcaee74e0,2026-07-29 10:16:54
jp,Num,13,33,6986,6d957bf839f0f2f95ec833263a5e5ad911e7f02c,2026-07-29 10:16:55
korean,Titus,1,16,3667,bc7e7f39ef696b4605936c2b919faa7fac3234c6,2026-07-29 10:16:55
jp,Acts,3,26,6568,33869a7af04a7fe2447121754b55fd89097139d7,2026-07-29 10:16:55
jp,Jer,4,31,8436,3c25279ee3cd97d449556f79bead8bed318df533,2026-07-29 10:16:55
korean,Titus,2,15,3029,b58e064cb0938dcf5682f5459bea050e11cbea69,2026-07-29 10:16:56
jp,Num,14,45,11150,2f2e84555c520a4cbb5f3f874fe22a9ec9dc1498,2026-07-29 10:16:56
jp,Acts,4,37,8707,84d04eb0e1674b484577b7026f55d4a33696ab77,2026-07-29 10:16:56
jp,Jer,5,31,8822,00a9292b10a63befbbc4c60bd2b3e4d548674420,2026-07-29 10:16:56
korean,Titus,3,15,3375,476b91bd0f96da4d5ccf573e502ff666bcff77b9,2026-07-29 10:16:57
jp,Num,15,41,9923,06310f820c59f7c0dc5743167f821441328648db,2026-07-29 10:16:57
jp,Acts,5,42,9956,39c17f959d951781a6f1259c8846fa0685eb8274,2026-07-29 10:16:57
jp,Jer,6,30,8267,8beaa8a8819298b33df266d45ceb84c7c77f9e33,2026-07-29 10:16:57
korean,Philem,1,25,4730,73efe2ad3ff6ad1313d79475c65af1fcc87146c3,2026-07-29 10:16:58
jp,Num,16,50,12643,620958318ca9d2749919ded748498939c264cc82,2026-07-29 10:16:58
jp,Acts,6,15,3809,8d67e7262e80cbc02634f176c63712af80c1c793,2026-07-29 10:16:59
jp,Jer,7,34,8604,37f4e542b15364b53915e96f494ea31e2fe52c8b,2026-07-29 10:16:59
korean,Heb,1,14,3192,e35040958150f9d0452d210c7a4b9abd8e951f4e,2026-07-29 10:16:59
jp,Num,17,13,3423,b99883acef8fe2feab553c1df8eb8aee70663776,2026-07-29 10:17:00
jp,Acts,7,60,14478,1e134a021ff6c8c6805154d25a47175d0aeb749e,2026-07-29 10:17:00
jp,Jer,8,22,6431,c4b94aa3d8da2214afe61c78f9de61a30b4b3215,2026-07-29 10:17:00
korean,Heb,2,18,4202,ee4ebb317cd70ef34aa3998a5bfb222d9e5284ef,2026-07-29 10:17:00
jp,Num,18,32,9862,b6d3289fc3f4162afc813315dcff3ee966843d06,2026-07-29 10:17:01
jp,Acts,8,40,9436,60dfc90f7ca779623b8301e35ca59882670d9021,2026-07-29 10:17:01
jp,Jer,9,26,7468,dd70cfea2d5ab8f884a555292775083fe440728a,2026-07-29 10:17:01
korean,Heb,3,19,3837,227d45c458007d4fc4c1a548f8d2c3beff3613a9,2026-07-29 10:17:01
jp,Num,19,22,5868,ce71b2b95c3076cca0f757f19ee9bd9cde84e881,2026-07-29 10:17:01
jp,Acts,9,43,10333,f19c8cfb6a93d90bfbae85463039c00fb5266b2d,2026-07-29 10:17:02
jp,Jer,10,25,6848,a68421362d2d979b0a46fe36fe6c1b94e931c053,2026-07-29 10:17:02
korean,Heb,4,16,3787,50063b1ce6e86ce0573891e83d2ef35cabbee4d7,2026-07-29 10:17:02
jp,Num,20,29,7477,0a01e82aff225c7fe19798669d9618563500fa50,2026-07-29 10:17:02
jp,Acts,10,48,11370,ccc3651a99fdd1dba2a6d2b18fe593c29c7eac9b,2026-07-29 10:17:03
korean,Heb,5,14,3077,d7e6d2ed1d13745a42ff1b36072eb24e9bdea403,2026-07-29 10:17:03
jp,Jer,11,23,6860,b498746faceb00bb4961cdb5c4f4f382bf642dea,2026-07-29 10:17:03
jp,Num,21,35,8801,e6ab5784b46e52a7446ec38359f5952e0bfa3bff,2026-07-29 10:17:04
jp,Acts,11,30,7027,0067ca485df51053f29675e4198c59bba7456bb3,2026-07-29 10:17:04
korean,Heb,6,20,4122,d0698e2a5a77f75982741a98a488646bce5b2924,2026-07-29 10:17:04
jp,Jer,12,17,5257,8f87f4212b025edff79555d71ad58fe382c53feb,2026-07-29 10:17:04
jp,Acts,12,25,6243,33c65be44e13ea94aab9a9118e2d5dbf3b892267,2026-07-29 10:17:05
korean,Heb,7,28,5880,23929e6632c33ac6d17874e06bde77fafefb904c,2026-07-29 10:17:05
jp,Jer,13,27,7314,2065951d88881f117a4c2a1cf79d362c4c75baa0,2026-07-29 10:17:05
jp,Num,22,41,11113,c6bc25a626eac6d90309972754147e1ab4c1edd9,2026-07-29 10:17:05
korean,Heb,8,13,3222,415b47a51a07e0433d551b75f19ec0c67b1505e1,2026-07-29 10:17:05
jp,Num,23,30,7872,c7b1155a83a255b80eac4cbbe3149ae443283ca0,2026-07-29 10:17:05
jp,Jer,14,22,6983,f45633227f305898535a2c71d1f2899e797f78f3,2026-07-29 10:17:05
jp,Acts,13,52,12870,8949d662b7a40b79afcf2d525daa77c03e434522,2026-07-29 10:17:05
jp,Jer,15,21,6872,90c4f25816151efff8ac1e1c2093ef2d64a02fdf,2026-07-29 10:17:06
jp,Num,24,25,6392,751e7362f115a85ddbd2e52139a409fc2b2198a0,2026-07-29 10:17:06
korean,Heb,9,28,5951,02f59dae2cc6b8376bebd609b8b035c695e8bae7,2026-07-29 10:17:06
jp,Acts,14,28,6765,73bad2dc1eb9d11b9bc8060a94cec088f1c665ea,2026-07-29 10:17:06
jp,Jer,16,21,6169,292bf20b3e0b29e63b18303e57d3f65604196342,2026-07-29 10:17:07
jp,Num,25,18,4361,7972e33157baec4724604b480feb6b72f92229c3,2026-07-29 10:17:07
korean,Heb,10,39,7517,ee7313d13c25bde6ebef001d5b29b079736f4bdf,2026-07-29 10:17:08
jp,Acts,15,41,9762,02e638d2608dd444a4cbea682d9a6ba08dbe63f5,2026-07-29 10:17:08
jp,Jer,17,27,7447,410b443bba141847f758dbad8cb52335a27c3a31,2026-07-29 10:17:09
jp,Num,26,65,13933,1db92d3f94cf94d0c7d0047ef8b9fc4fa0d0f6ec,2026-07-29 10:17:09
korean,Heb,11,40,8669,ad213e3bbe19157205c6b7d7647f1801df0078f8,2026-07-29 10:17:09
jp,Acts,16,40,9813,cb53a730bc05b66500387cd1d8aa83e1fe5377d2,2026-07-29 10:17:09
jp,Num,27,23,5521,916ae83661c1eecb77c0d0e573dd83bb76629be9,2026-07-29 10:17:09
jp,Jer,18,23,6293,0537de8d4888d0324f2e8f6e8933d44d195345fe,2026-07-29 10:17:09
korean,Heb,12,29,6299,bcfbe73cf0d9f7898793c783d48eb2e4b0c1e2ea,2026-07-29 10:17:09
jp,Acts,17,34,9050,c530b74bb378af60ec8451bc6ed8a9b86d7ddea3,2026-07-29 10:17:09
jp,Num,28,31,7338,d1f9bc8915ad40e8ec55e20881b12a33b951e115,2026-07-29 10:17:10
jp,Jer,19,15,4331,f2d56b8f815c62cfacce330cd2215e2f1fafe828,2026-07-29 10:17:10
korean,Heb,13,25,5275,33983c80d945302b5c6d3461901cf632a8db60ca,2026-07-29 10:17:10
jp,Acts,18,28,6996,976095e585e445f7eda00623629de6e3fabd377f,2026-07-29 10:17:10
jp,Jer,20,18,5676,9cddad7604b34a586c065a1072d91bfb1f3f94fa,2026-07-29 10:17:10
jp,Num,29,40,9330,21463df33a608e13232a9dff387dd8326468caf0,2026-07-29 10:17:10
jp,Acts,19,41,10142,4d8a3aacdbc67154b54edbf0ed910611170850ab,2026-07-29 10:17:10
korean,James,1,27,5344,39e54519e085bcf313c9c632d5ad0da48f78d1f7,2026-07-29 10:17:11
jp,Num,30,16,4458,cc4ca0a2d1f6c26d2b11178a61d8df91e7bf6781,2026-07-29 10:17:12
jp,Jer,21,14,4381,7eaf455ac645033c269fccec813319fdff534892,2026-07-29 10:17:12
korean,James,2,26,5403,adda88a12bddafdb3878228e8d7b20640240085d,2026-07-29 10:17:12
jp,Acts,20,38,9335,6a2a1d7860d9c83f8d4812d2f7110714ef482cae,2026-07-29 10:17:12
jp,Jer,22,30,8228,b8d5513f0fb705e72d3326de7821e5850d53ec58,2026-07-29 10:17:13
jp,Num,31,54,10946,7c42b982d9a523ac98cb322cf1766b8caf3b6089,2026-07-29 10:17:13
korean,James,3,18,3597,9853007261cdf686c139e6993f349c783f76c13a,2026-07-29 10:17:13
jp,Acts,21,40,10626,7c4bb38a3e380280063295382a3e5f68afba279c,2026-07-29 10:17:13
jp,Jer,23,40,10968,2029eb6abea4e025b82438b8bbac331fe35cc106,2026-07-29 10:17:14
korean,James,4,17,3773,a8e4a273b32ffb1e4d5cd64294a608bd610c26a8,2026-07-29 10:17:14
jp,Num,32,42,9998,693adb8dfe54ca546d8e898bc1a253d424323903,2026-07-29 10:17:14
jp,Acts,22,30,7861,89a7de18cfd46b29fb734b5eb73eba5750086b80,2026-07-29 10:17:14
jp,Jer,24,10,2979,052dbf99db30d62233bb5ec34ceacdedb3b5598d,2026-07-29 10:17:15
korean,James,5,20,4275,125384c5c557a610d076fdf81a2af629a43dcf50,2026-07-29 10:17:15
jp,Acts,23,35,9185,c1c99758872c8521452150b61bb6e52f349c7359,2026-07-29 10:17:15
jp,Num,33,56,9418,4812911ab39f1662350d88504fe79ad6e042656d,2026-07-29 10:17:15
jp,Jer,25,38,9771,89972e4ddde115279621062b0ce7d1cd82801bef,2026-07-29 10:17:16
jp,Acts,24,27,6781,dbd44910c836cb47668aea952d65218c15d94765,2026-07-29 10:17:16
korean,1 Pet,1,25,5795,db9d4dc8ac4b0952fa9599f4ffc87163a786dd8f,2026-07-29 10:17:16
jp,Num,34,29,5512,2bfb9acde88169f088a3e8ad50550ddb816ddffb,2026-07-29 10:17:16
jp,Acts,25,27,7729,bf3d830f6079d6ff945fd4a2009ca0b6b9b5a93e,2026-07-29 10:17:17
jp,Jer,26,24,6870,ed1cc8f790437201daa164474a13907aca3fba80,2026-07-29 10:17:17
korean,1 Pet,2,22,4809,95e42b0f38e2de8cdfb9be1e3b0b88ba6e82cb86,2026-07-29 10:17:17
jp,Num,35,34,8511,301f14c19004641badd4070f83d173565a550ae0,2026-07-29 10:17:18
jp,Acts,26,32,8615,58be071669057ba2419b92706c41458a9ab67b60,2026-07-29 10:17:18
korean,1 Pet,3,19,4229,acf504733e01d144c24a5c8e9605707354f8c78f,2026-07-29 10:17:18
jp,Jer,27,22,6333,c2932dac36ccb4b9c513a77021bb9d5fadff8594,2026-07-29 10:17:18
jp,Num,36,13,3951,2bde80f870052cfc79de8f76f6c0bac3587813e7,2026-07-29 10:17:19
jp,Acts,27,44,10142,b54e69f97264d4d282b2f1a55810bdaade0353d3,2026-07-29 10:17:19
jp,Jer,28,17,4597,7596e43d3321709c08324c9ed5f0f07feb2c92ce,2026-07-29 10:17:20
korean,1 Pet,4,14,3105,c95c72a80d9d918735b707f7946dec8faab4c826,2026-07-29 10:17:20
jp,Deut,1,46,12465,9ed8f6fca69f06a79f02587fd892f4ed5c68b510,2026-07-29 10:17:20
jp,Acts,28,31,8355,8320ba62b4903702eab814b3d55b3b55f13afb0b,2026-07-29 10:17:20
jp,Jer,29,32,9109,b9839e9e6d51c3edf4982c50f780b491d5eb33a0,2026-07-29 10:17:21
jp,Deut,2,37,9555,21879812f62bf335b0b8c0b86d5cae4706dbe4ac,2026-07-29 10:17:21
jp,Rom,1,32,7497,f87bd1edb39566681750c3f95398ba87d5009f1e,2026-07-29 10:17:22
korean,2 Pet,1,21,4607,26330b0de08c7465679b7500bdc9977004ec213a,2026-07-29 10:17:22
jp,Jer,30,24,6738,3288691fbbd5c1b88d352c1cd43bc1953bbb93e3,2026-07-29 10:17:22
jp,Deut,3,29,8200,bc1d60def6f9511f9315eaa80232f0e10b7720df,2026-07-29 10:17:22
jp,Rom,2,28,6339,94d20db8bbf5edc96363e3fffb558199110e2603,2026-07-29 10:17:23
korean,2 Pet,2,22,5301,79cbf4824b99978d814d8a0c96aba486ea4e5d41,2026-07-29 10:17:23
jp,Jer,31,40,11497,02eddef54a7ba92dfaaa407768c9745bdae4c27c,2026-07-29 10:17:23
jp,Deut,4,49,13695,1f850a2ea6052906c6e1fdffeebac5017b6963c2,2026-07-29 10:17:23
jp,Rom,3,31,7091,c4a57f95dd2bd2657459128afd6edc87743cfa34,2026-07-29 10:17:24
korean,2 Pet,3,18,4308,2e7d66451205c814870a06b4d6986388815a0269,2026-07-29 10:17:24
jp,Jer,32,44,12007,3a177df9653e711f80e2486fd7a857ff2213a5db,2026-07-29 10:17:24
jp,Rom,4,25,6009,7e6abccec9ff4114a7194b9c65bfeb5e55c66fa5,2026-07-29 10:17:24
jp,Deut,5,33,8501,eddac85ab437da692fa59e1b161d5729f2953c7e,2026-07-29 10:17:24
korean,1 John,1,10,2480,c6eebdadfede0dc8a175830b72d4f41f6e6b24cc,2026-07-29 10:17:25
jp,Jer,33,26,6839,f16fe8144c135062486961078934bc96c3b2ba47,2026-07-29 10:17:25
jp,Rom,5,21,5841,4e1ba29ac77f260d76548d6f5b0819759ea10f13,2026-07-29 10:17:25
jp,Deut,6,25,6357,7d674b875d35394ffef22dff46541468cdf055cd,2026-07-29 10:17:25
korean,1 John,2,29,6901,6e9064903ffa90aee1180c3113fe7d5ac2fdc565,2026-07-29 10:17:25
jp,Jer,34,22,6684,3d692f04694625c23ed4497cb4f72f2a3f1c3b01,2026-07-29 10:17:25
jp,Rom,6,23,5790,982d52ce0ebce8c5cbb245fc96e6273154c47d14,2026-07-29 10:17:26
jp,Deut,7,26,7990,82ed78e1d445802726330a091fadb108a039c679,2026-07-29 10:17:26
korean,1 John,3,24,5528,c3690b67b6bda6bf6dc1ab20921b691cd65899dd,2026-07-29 10:17:26
jp,Jer,35,19,5682,b69d719e3340449c3f8743dbb2f39a707b950f7d,2026-07-29 10:17:27
jp,Rom,7,25,6768,3e8d948f2935ef338269bcb1586867bb182476f1,2026-07-29 10:17:27
jp,Deut,8,20,5212,5219a78dcbd2b4b33316747f1a83a967ae7d0fdd,2026-07-29 10:17:27
korean,1 John,4,21,5054,0210ee6d93e4ea202f0294679758ed02e5ea3e56,2026-07-29 10:17:27
jp,Jer,36,32,8815,f56779c65527f31dd844e5dbc6b3fda394a1ed14,2026-07-29 10:17:28
jp,Rom,8,39,9669,6e01c86ba04a0f26a433040e9eca7cac498848d5,2026-07-29 10:17:28
korean,1 John,5,21,4748,42c446073e24321dc17cba2a4d8db7b38fbef5ae,2026-07-29 10:17:29
jp,Deut,9,29,8411,b19d2a351ff3594bd16db826101491a3906a93c2,2026-07-29 10:17:29
jp,Jer,37,21,5573,c34b701092608b7192e754835bb0d79fab227836,2026-07-29 10:17:30
jp,Rom,9,33,7995,1f7dbf1c4da5345f2fcda50d72cdbae0dfeeaa35,2026-07-29 10:17:30
korean,2 John,1,13,2972,0e2654984877a82449c96c380bde88da56eac266,2026-07-29 10:17:30
jp,Deut,10,22,5714,a444400ec45a13d8e1b843fcc2573b5085622761,2026-07-29 10:17:30
jp,Rom,10,21,5193,1cfcc9ed5ed51822960853ceec0635f379843515,2026-07-29 10:17:33
jp,Jer,38,28,8367,5f8bba2d5a23fd4fe8169155329ee73345ed5717,2026-07-29 10:17:33
korean,3 John,1,14,3024,1bcb75750275d401e53c9bdb778d16450e762971,2026-07-29 10:17:33
jp,Deut,11,32,8438,ed12020221c04184f29d65affe157617364e2ccf,2026-07-29 10:17:33
jp,Rom,11,36,8828,c3ddbcf29d6ca1b468b3917cf4764a6d28b828b0,2026-07-29 10:17:34
jp,Jer,39,18,4640,52c9fda541543aaedac21bcde8321a1e46063d94,2026-07-29 10:17:34
korean,Jude,1,25,6027,143bf2316e4855888e697dfa5c18b4a5cf01dddc,2026-07-29 10:17:34
jp,Deut,12,32,9329,36ef26b48f986b8ea9d0ec7059e50a73ca1aa85f,2026-07-29 10:17:35
jp,Rom,12,21,4715,d37817662f352cd8ac87a1ae8a5fde0b61cb0f16,2026-07-29 10:17:35
jp,Jer,40,16,5613,aa2e8f818836b76b2c80f4f2adbf417da1300e89,2026-07-29 10:17:35
korean,Rev,1,20,4449,ee380993973d326bb6f4c6a997e4a1d91a06712a,2026-07-29 10:17:35
jp,Deut,13,18,5518,fe7bd12cdc590dfda35c969a0e56f48c367ec5ff,2026-07-29 10:17:36
jp,Rom,13,14,3889,879182a44c8b4a2143db8e34237a4c53c47f0750,2026-07-29 10:17:37
jp,Jer,41,18,5066,a4df364762dcc2b8f0be2559ce2899c6622de08c,2026-07-29 10:17:37
korean,Rev,2,29,6620,036bb3d62cdf8ba753b27db6dda675fb9a785ae1,2026-07-29 10:17:37
jp,Deut,14,29,6401,cc3978e3c6dea9a60e4b80b2c41e580d097fc360,2026-07-29 10:17:37
jp,Rom,14,23,5659,92813e40f7fae5eb7b2f175a6761c332d31c4fdd,2026-07-29 10:17:38
jp,Jer,42,22,6696,17317c51e3be1630d668201a42cdf93e09325027,2026-07-29 10:17:38
korean,Rev,3,22,5370,7553c82b523720a16c6926e6ab43bd5d276e2cd8,2026-07-29 10:17:38
jp,Deut,15,23,6551,a5f3eeb4e5ec3505cf3b794ff0f8be94dcc0ae9b,2026-07-29 10:17:38
jp,Jer,43,13,3675,8605c330c994739472c945ee94e5d00c9f37371d,2026-07-29 10:17:39
jp,Rom,15,33,8439,240ab3a4dcb12bf6fbf6de868dcea1b579c5defc,2026-07-29 10:17:39
korean,Rev,4,11,2828,1a3ff26d045ff12437bbea6ac7ba4cb026d2672a,2026-07-29 10:17:39
jp,Deut,16,22,6063,42af051501be3baef5f5e6076984b5a11cb448ef,2026-07-29 10:17:40
jp,Rom,16,27,6429,7731b1399eaa173d0492605eb6833db82b24699f,2026-07-29 10:17:40
jp,Jer,44,30,9872,0a38d9d3e585ca2f2d130a6eb4eccbac7c0e4561,2026-07-29 10:17:40
korean,Rev,5,14,3265,b2be1a1329c6430438ad3745afb74deba269628a,2026-07-29 10:17:40
jp,Deut,17,20,5756,f675c237d611e4ec1743580df4360eb6b71d8f67,2026-07-29 10:17:41
jp,1 Cor,1,31,7866,4affef2921687f80d3b8ef274ebec7bb0f667b30,2026-07-29 10:17:41
jp,Jer,45,5,1576,59080d93ccb52523af7695bb0cfcb210a747b016,2026-07-29 10:17:42
korean,Rev,6,17,3862,ee241ac2a2d7adeb26501f8dad78c3d01b559465,2026-07-29 10:17:42
jp,Deut,18,22,5709,eadfccb0afaff341acea038cd43bb94477316b13,2026-07-29 10:17:42
jp,1 Cor,2,16,4347,bca6abe5d4fa50ef01b0095e9c8ca0200dbe2bc6,2026-07-29 10:17:42
jp,Jer,46,28,7768,ced67e81da2b6ef0c63aa08a1f844379785d3306,2026-07-29 10:17:42
korean,Rev,7,17,3967,32002a3a877d5bee410515844b03c2e7609491c3,2026-07-29 10:17:42
jp,Deut,19,21,5758,4cec0d52eb3e9a3685b851faef7d41b3743583a0,2026-07-29 10:17:42
jp,1 Cor,3,23,5675,76f5bf8e8dd93334cc3710a36bfaf531241d4f9f,2026-07-29 10:17:43
korean,Rev,8,13,2895,6a328023e2a862017d6f2027d02b2805a03c7b79,2026-07-29 10:17:43
jp,Deut,20,20,5813,1cb5df92d7a2f051d4108729d9c28d32d72b7005,2026-07-29 10:17:43
jp,Jer,47,7,2127,89b6532d5e94f4fe0b0cc828668d0ed4c51296b8,2026-07-29 10:17:43
jp,1 Cor,4,21,5884,7033b2a2526cc161de0f5fd384a957511ef29960,2026-07-29 10:17:43
jp,Deut,21,23,6344,fcf6195bfe917eb93790c2e6ed17efe7882910b8,2026-07-29 10:17:43
korean,Rev,9,21,4499,bf908e1caee05ca46f5a004a33a331e75adc54aa,2026-07-29 10:17:43
jp,Jer,48,47,11242,04f7f46ebe6ad4797fa97a145eac6e08ea59eeb0,2026-07-29 10:17:43
jp,1 Cor,5,13,3771,a265cafd7e1b2d43fd2095247b51b1b92e6e1af5,2026-07-29 10:17:43
jp,Deut,22,30,7648,3e526467e33ea2647f4e02fd3edc6abef78308e2,2026-07-29 10:17:43
korean,Rev,10,11,2641,9b18460ce2afa56402f6550be7afc06a2553ffbb,2026-07-29 10:17:43
jp,1 Cor,6,20,5309,928146012d50cbf8489064a9d2f9c6465e3cad9a,2026-07-29 10:17:44
jp,Jer,49,39,10911,22e9fb81a27f9594b617253882ae4aa7fbc88688,2026-07-29 10:17:44
korean,Rev,11,19,4621,7db1b9a45ea9179edd1413f5c14d1e2a3a8987dd,2026-07-29 10:17:44
jp,Deut,23,25,6315,d24f18247be3098d5954062f11ffb8e277466c2c,2026-07-29 10:17:44
jp,1 Cor,7,40,10164,416273d385ff71a057b76026655e05398d23bbae,2026-07-29 10:17:44
korean,Rev,12,17,3948,7abefe530fc138e0fa21b29f2af4a6280761ad6a,2026-07-29 10:17:44
jp,Deut,24,22,6138,277d5ca7ced0c4dd8576e7227936b2d2d6588be6,2026-07-29 10:17:44
jp,Jer,50,46,12671,cb56d65dc5763d4c0c64d00784c962d47a70d475,2026-07-29 10:17:44
jp,1 Cor,8,13,3621,4d9835ca5af28a9561e776ccfc6dd771b6410de1,2026-07-29 10:17:45
jp,Deut,25,19,5088,0dcef122869e69c70630b4d785814c2bce83f1e5,2026-07-29 10:17:45
korean,Rev,13,18,4036,0decaf74e19e5eff5be145e039ed437965449c9f,2026-07-29 10:17:45
jp,Jer,51,64,16911,601d2dcff54d4e06cc8763458a993dc490b05823,2026-07-29 10:17:45
jp,1 Cor,9,27,7295,750912f3a18c1e3cc74ea7590377ca0e58516f1f,2026-07-29 10:17:45
jp,Deut,26,19,5730,8da85885c23a57e3828b4ec4282f522a6a5c15bb,2026-07-29 10:17:45
korean,Rev,14,20,5070,a9ed5c3f090da56b719dc2612cdaeb7e0a10b54f,2026-07-29 10:17:45
jp,Jer,52,34,8060,b70c13b14678eb7625b08525009e9031dd26d545,2026-07-29 10:17:45
jp,1 Cor,10,33,7703,51cb2c7e62a2c37e7ef726176fb734f8da22c3c1,2026-07-29 10:17:45
korean,Rev,15,8,2106,2492891171c0a38a69f283d97c1f7f90a23fdd60,2026-07-29 10:17:45
jp,Deut,27,26,6017,5601ce5c65efdaebc56b47958de009364cd1dd04,2026-07-29 10:17:45
jp,Lam,1,22,7631,ffeff3660e21f5722ae315f80c1d124f85df4446,2026-07-29 10:17:45
jp,1 Cor,11,34,8016,65390aa23812363503f7010a96a4a4c041dda237,2026-07-29 10:17:46
korean,Rev,16,21,4549,5d68ea6c0e3f6c6e2759d3e284668507b00ce903,2026-07-29 10:17:46
jp,Lam,2,22,7378,e75190398309a8621b45e53c79963a94135354c0,2026-07-29 10:17:46
jp,Deut,28,68,17561,ac9d7ce1358f56829ca8163eda866fe539464f43,2026-07-29 10:17:46
jp,1 Cor,12,31,7059,5e315d3a9413520ce892fb125b20a2e8f406c85a,2026-07-29 10:17:46
korean,Rev,17,18,4301,fdf83a896a134d25b8612f039db069150cfd62e6,2026-07-29 10:17:46
jp,Deut,29,29,7823,5d871f927e514d82b59971f38b3e929f523d956e,2026-07-29 10:17:46
jp,Lam,3,66,11298,0ffbbd373fe385f973be01b18095e13d365ef471,2026-07-29 10:17:46
jp,1 Cor,13,13,3219,2fa880305bf57573547fc99bb411b8cbdb0d5430,2026-07-29 10:17:46
korean,Rev,18,24,6046,ac225483ac7e4c33eda1b007f3dd1ddc48f0d389,2026-07-29 10:17:47
jp,Deut,30,20,6116,4d11854bd30acd5f39d40532a4a25435880dcadd,2026-07-29 10:17:47
jp,Lam,4,22,5765,8dd6a1e1b9c06f7129a90c0c75f486ef69e4b6dd,2026-07-29 10:17:47
korean,Rev,19,21,4985,18c1493f611408261267cacd8b8237f89bc5a71d,2026-07-29 10:17:47
jp,1 Cor,14,40,9441,2577eb051ee34aa495cd6cd4c3793bff07117a9b,2026-07-29 10:17:47
jp,Lam,5,22,4215,fa1173f86011e75d4fd848dce9633f470f832ec8,2026-07-29 10:17:47
jp,Deut,31,30,9055,640af568a7caab39616b19f3b851dfbd00db0084,2026-07-29 10:17:47
korean,Rev,20,15,3550,be67dbf86d62cc205e213d0337a296e2cb8d5768,2026-07-29 10:17:47
jp,1 Cor,15,58,13901,e68003e4510df7af7aeaa3f00a949b920bd254b0,2026-07-29 10:17:47
jp,Ezek,1,28,6383,fd2fca3bebeab2fd9f92b862db4ace9786d4d876,2026-07-29 10:17:47
jp,Deut,32,52,12876,2414f3d3d92275fe1c1cf62ee5e124f793f474ab,2026-07-29 10:17:48
korean,Rev,21,27,6010,f59ab91e805ad7ca7606dcb8b964268bd318ed56,2026-07-29 10:17:48
jp,1 Cor,16,24,5471,507df97fbfb4c16abde07645c9dd6928ef5c8d17,2026-07-29 10:17:48
jp,Ezek,2,10,2742,e25e83135a8d9927cc086d2c29fc36d712b2bc68,2026-07-29 10:17:48
jp,Deut,33,29,7858,796495be3c6a8181b25ba1694f8c5b27eee907fd,2026-07-29 10:17:48
korean,Rev,22,21,4723,6121dda82314840daf9d8b57d865c1a41ebde3e3,2026-07-29 10:17:48
jp,Ezek,3,27,7193,d706148a40cdb53a5e898746dd1262670684abcd,2026-07-29 10:17:48
jp,2 Cor,1,24,7097,309480d286c3789aad9d6b0120f108873dbb829d,2026-07-29 10:17:48
jp,Deut,34,12,2901,f65aa577c9aafaa18d0f869464ce435cd5269d78,2026-07-29 10:17:48
jp,Ezek,4,17,4624,5852a935cdd81fb655dee264c15af7a2eb3329b6,2026-07-29 10:17:48
jp,2 Cor,2,17,4613,09fc6af929532b235c89f2719c177103ad4d7acc,2026-07-29 10:17:48
jp,Josh,1,18,5484,f25c5e148501c134d5c9f890e4ec576f9aab830b,2026-07-29 10:17:49
jp,Ezek,5,17,5032,eb50cb065871e1594595fae5c915c177c461e290,2026-07-29 10:17:49
jp,2 Cor,3,18,4507,e76905d2f01ad45daf7aa53987bd3fe049e0c030,2026-07-29 10:17:49
jp,Josh,2,24,7181,3b45bd96fb9b22d8900a83043fae3adcc85f038e,2026-07-29 10:17:49
jp,2 Cor,4,18,4609,d2f2408f5771feed06844361a96362b7357c4972,2026-07-29 10:17:49
jp,Ezek,6,14,4177,898834b269d01fe220e66c1fd443f061ac245833,2026-07-29 10:17:49
jp,Josh,3,17,4951,4d12379022b6192be20ee3cb2226b6cbb2e5411a,2026-07-29 10:17:49
jp,Ezek,7,27,6707,0f60dd93767f79f5be84bba2ca583466a88c8436,2026-07-29 10:17:50
jp,2 Cor,5,21,5845,61edeb59a42fed46f4eb65f27828f6f31e9990f9,2026-07-29 10:17:50
jp,Josh,4,24,6248,3d4d64b292a12e655f4be888a8ad6b72dc05c5bf,2026-07-29 10:17:50
jp,Ezek,8,18,5306,e2e8be68d754a723a32a1576a003cc5030dce88a,2026-07-29 10:17:50
jp,2 Cor,6,18,4520,5be1fa9b23f119520c27fc4cd93caadf5ca930b5,2026-07-29 10:17:50
jp,Josh,5,15,4574,37e4a80ce6c10f971d97edd8b9e6bc2503fb4ee9,2026-07-29 10:17:50
jp,Ezek,9,11,3299,be21da6017345fea8af4030f66520ea804db4571,2026-07-29 10:17:50
jp,2 Cor,7,16,5100,68a294ce35409ab24b614c5178e8b85446480136,2026-07-29 10:17:50
jp,Josh,6,27,7588,fd24bd29a7ecab65a5f853b804897ddb18a88225,2026-07-29 10:17:51
jp,2 Cor,8,24,6538,6b0e4b37e5631d6b556143f26c718b3bd35ddb46,2026-07-29 10:17:51
jp,Ezek,10,22,5186,955c5f13286daa039f0e2e8e1375393b625e04a9,2026-07-29 10:17:51
jp,Josh,7,26,8311,95be3c0ff2bdc079f290070f3db4fc3543ed2244,2026-07-29 10:17:51
jp,Ezek,11,25,6390,52607d042326cd491b3d5a05f6e5203192774738,2026-07-29 10:17:51
jp,2 Cor,9,15,4263,6e92ec251557f4ea5034cfb362e6e29349e2deae,2026-07-29 10:17:51
jp,Josh,8,35,9934,cedbdca989fd589046229993fe9561e69999641c,2026-07-29 10:17:51
jp,Ezek,12,28,7050,f0504b6425372bfd9c22abd85312a967b6a80677,2026-07-29 10:17:51
jp,2 Cor,10,18,4958,256df55bf9b83943499ebfde3f8e6c08ecf9c12d,2026-07-29 10:17:52
jp,Josh,9,27,7716,7d20cb54f229a234bddd0c19f08eb4e3b0350a30,2026-07-29 10:17:52
jp,2 Cor,11,33,8208,9306a5abd5e7604f421839b2bcc98221861111fb,2026-07-29 10:17:52
jp,Ezek,13,23,6671,aaec544e69b86c68d666975b86fbbd446767a87d,2026-07-29 10:17:52
jp,Ezek,14,23,6680,b76ca27086f52c80f4fcb084ac3745abab91930e,2026-07-29 10:17:52
jp,Josh,10,43,12496,bb52df154429de0b8bd41d3d7e60cd2552d6f129,2026-07-29 10:17:52
jp,2 Cor,12,21,6969,80df6d17b7e37da437e03e37e908b57d267c3e8b,2026-07-29 10:17:52
jp,Ezek,15,8,1976,01c828afa4f7dc06616dcef51a29b609f7f78d72,2026-07-29 10:17:53
jp,Josh,11,23,6371,9fc9f5edc67cf806850fdaafd7d0b2b06f64039d,2026-07-29 10:17:53
jp,2 Cor,13,13,4027,61433aa9edbf54576b50543e38b9568f6a0408c2,2026-07-29 10:17:53
jp,Josh,12,24,4819,dca6de1a43fe800ba1aa6eec263f8a22ea1d62da,2026-07-29 10:17:53
jp,Gal,1,24,5505,7f6fec2587a7b83d0e75e1837214300182e7a1c2,2026-07-29 10:17:53
jp,Ezek,16,63,16104,c9c439488dc718e0055fd34fef52cbbf78d4ba26,2026-07-29 10:17:53
jp,Gal,2,21,6387,4846607503e7fd2b7f9e86def749b20a8db9f58b,2026-07-29 10:17:53
jp,Josh,13,33,8056,ecee1db95a2ced535fcec9138fb2788792140456,2026-07-29 10:17:53
jp,Ezek,17,24,6412,b5b54e21cca87059a6d10b08a31e9d16c0869fdf,2026-07-29 10:17:54
jp,Gal,3,29,7419,3959a02e0e60669021c5606aa2b3c9106feb1586,2026-07-29 10:17:54
jp,Josh,14,15,4552,54928b9eb6560a24ca20f1951e0b388d5df6e6f6,2026-07-29 10:17:54
jp,Ezek,18,32,7670,bdfd0e07d5074e5e52ccedd921525d0b7f22f450,2026-07-29 10:17:54
jp,Gal,4,31,7421,1df49923638f4cd50be4296d5b91002fe950e8a0,2026-07-29 10:17:54
jp,Ezek,19,14,3473,b0a3846a1f67017b9b4bb0978950c13883d848ea,2026-07-29 10:17:54
jp,Josh,15,63,11095,5c6650abaa04ef3cc6b044e5dd2f2d0e08e3b987,2026-07-29 10:17:54
jp,Gal,5,26,5598,fd54ecd4c8d4dde55495b94fd1f037400ff87cbd,2026-07-29 10:17:55
jp,Josh,16,10,2553,6d384058bf98d3fbaa67b73496f9924856235164,2026-07-29 10:17:55
jp,Ezek,20,49,13770,9a5db562e588cf5a0b128d18b7b139fa707f57dd,2026-07-29 10:17:55
jp,Josh,17,18,5770,961e88adaca7bf439a947295f04d3f4ead8df0e9,2026-07-29 10:17:55
jp,Gal,6,18,4353,6d803067427718b14cba8b087107f5044f000ad3,2026-07-29 10:17:55
jp,Ezek,21,32,7916,1064edad7ab02291d4974d0e06ad9e1673a7c696,2026-07-29 10:17:55
jp,Josh,18,28,7029,57d20df724624f293dc39237cfa2b2cb25880f44,2026-07-29 10:17:55
jp,Eph,1,23,5703,1e96ea67b2520a8c1300656a0477be957c5b3703,2026-07-29 10:17:55
jp,Ezek,22,31,7470,693622b082986850852086344fc4222dc1409004,2026-07-29 10:17:55
jp,Josh,19,51,10120,4f2c07728b23471c5d71ccf8974aa4452a42fde0,2026-07-29 10:17:56
jp,Eph,2,22,5415,2043e5376a3918c3ca4efd66a5dfc732ea05468b,2026-07-29 10:17:56
jp,Ezek,23,49,12115,15f9c3722faba6c7ad4dc253be2b229d65c1b046,2026-07-29 10:17:56
jp,Eph,3,21,4818,2b5f52aaf5e2f0abe59e04e23a3e7567403f3d3d,2026-07-29 10:17:56
jp,Josh,20,9,2916,758af74d300fd1fe907eb7341e696e3a55a9294e,2026-07-29 10:17:56
jp,Ezek,24,27,6510,af4e394f0196bec9de3094fd55b4043f53cb50fa,2026-07-29 10:17:56
jp,Ezek,25,17,4556,c066e2cf5cc6ea16ea40c3cd1a71f137811d4057,2026-07-29 10:17:57
jp,Eph,4,32,6942,ee1c756a321a10d00ca05d35c054b9f789ed8799,2026-07-29 10:17:57
jp,Josh,21,45,10107,7e34179be95328f3f0b960db3999176593561f9e,2026-07-29 10:17:57
jp,Ezek,26,21,5367,3785c222a8291c805473e6426a58c73682d5a78c,2026-07-29 10:17:57
jp,Eph,5,33,6852,506edd2792f6537e7d10ee1102c33404969dcc61,2026-07-29 10:17:57
jp,Josh,22,34,11442,6ac7b101df3c2852c36666bd5161ed8117e21fc5,2026-07-29 10:17:57
jp,Ezek,27,36,8414,da643b9c280579e083952176af6abcf2816b2862,2026-07-29 10:17:57
jp,Eph,6,24,5260,5d4604a5b82f3312b2f7d6a60ad986a50ba7d744,2026-07-29 10:17:57
jp,Josh,23,16,5370,05ffac4bc481d98ae85662028ad9a14d5ef995ef,2026-07-29 10:17:58
jp,Phil,1,30,7633,cb7afa45274caad8dfdee3266fca1997c3f97bdd,2026-07-29 10:17:58
jp,Ezek,28,26,7370,68f9b8f6dbf85ee8559847ea0cb3d6a309b71f4a,2026-07-29 10:17:58
jp,Josh,24,33,10017,74c25462c0c7af5c916bfc072100cd88606c861d,2026-07-29 10:17:58
jp,Phil,2,30,7109,3776991c78c63c379c02f47701c9fad73c1603bc,2026-07-29 10:17:58
jp,Ezek,29,21,5705,0ef2fc4da0b3212c4980675dc08ec373d7f1c8c6,2026-07-29 10:17:58
jp,Judg,1,36,8949,ba49791e5a3589d40182b6475f3f9d687dfdf09f,2026-07-29 10:17:58
jp,Phil,3,21,5465,394d8451512cb01af58e462441453c8888a745e3,2026-07-29 10:17:59
jp,Ezek,30,26,6259,1be8d507f7e9027ebe55e958facd4b7d8f45df59,2026-07-29 10:17:59
jp,Judg,2,23,6064,edb5790df0573337de25cfbeab3aa5054906d0fd,2026-07-29 10:17:59
jp,Phil,4,23,5820,15aaa2be45e9d33a5aea10714a47a9e17c5292aa,2026-07-29 10:17:59
jp,Ezek,31,18,5129,764c85ba0813a77afb334191fcd5f461b7c1ad6d,2026-07-29 10:17:59
jp,Judg,3,31,7827,780d6767bf3bb4f7ffea68c10f1a9bd9ccf208cc,2026-07-29 10:17:59
jp,Col,1,29,7564,604bc93447675e63300e67f12263547fd5e63169,2026-07-29 10:17:59
jp,Ezek,32,32,8665,307637a2ae09fdddd2a68b2cb09a84afeb5622d5,2026-07-29 10:17:59
jp,Judg,4,24,6674,425d95078f1056c1c3df5c682bbe6d34b8c5e5c2,2026-07-29 10:17:59
jp,Col,2,23,5841,efc30ca9dd30c82c2760ad618261977a02471fa4,2026-07-29 10:18:00
jp,Ezek,33,33,9052,45b7f8e2eead60569240da882158de2d22d6d3a7,2026-07-29 10:18:00
jp,Judg,5,31,7623,cacd0fdb3abe13b22243dacd619229bb7738c9ec,2026-07-29 10:18:00
jp,Col,3,25,5751,4f943c8410510284fc7a94b0b85ec20cf2e364b2,2026-07-29 10:18:00
jp,Ezek,34,31,7626,cb31ae121de35e5d99b388f610b0fed6aa738b6d,2026-07-29 10:18:00
jp,Judg,6,40,11655,aa7a7511fa71245603b4307d3564049865a78628,2026-07-29 10:18:00
jp,Col,4,18,4555,1ca4488ffbe706dd2ad7675a307fc8ebb3a85155,2026-07-29 10:18:00
jp,Ezek,35,15,3730,3de778a245e860fa466608f8cae3e71faad66e4d,2026-07-29 10:18:01
jp,Judg,7,25,7917,015ec526998c1b08a5db3503a6c88a61be5cb7fe,2026-07-29 10:18:01
jp,1 Thess,1,10,2978,5387abb594f6e24e7bf4b1989cf422b0e85b418a,2026-07-29 10:18:01
jp,Ezek,36,38,10295,054522400b7cb4acb7246a75410e4193e280081b,2026-07-29 10:18:01
jp,Judg,8,35,9517,29f29bc7551f8187dc73b47e37546b2f9e52dbd3,2026-07-29 10:18:01
jp,1 Thess,2,20,5971,e7ce7bb1226073b46ae9f0eda829db0c734ede15,2026-07-29 10:18:01
jp,Ezek,37,28,7518,c8c54c7f822947865bc9ab139a3e675c39fe95cb,2026-07-29 10:18:01
jp,1 Thess,3,13,3936,c6abe754d135bc3e856b102b1d77aa6fbdffe373,2026-07-29 10:18:01
jp,Judg,9,57,14799,c120c4d6d14d298546090f8217cefa8efc433530,2026-07-29 10:18:02
jp,Ezek,38,23,6236,c72c8ebb2f263a1d6bf6e4e6109c9ea935fecb25,2026-07-29 10:18:02
jp,Judg,10,18,4635,1c8b10bf277a127efa5763ba48038f68b7598141,2026-07-29 10:18:02
jp,1 Thess,4,18,4574,c25d8aabfd0d783debb0d14aec1b3aca242aa301,2026-07-29 10:18:02
jp,Ezek,39,29,7226,cc4949b1e29fcfe14090728c40b16201dc09d04c,2026-07-29 10:18:02
jp,1 Thess,5,28,5631,3228c6688c0108e5b3d3fd3401e1143ee7d662ea,2026-07-29 10:18:02
jp,Judg,11,40,11556,247ecd2cb58be7c605d107b1833a3551ca934996,2026-07-29 10:18:02
jp,Ezek,40,49,11262,ffdcd090336926e155572dffde539d2455a2db39,2026-07-29 10:18:02
jp,2 Thess,1,12,3560,fbd58b15ad9e895dfd0dff876792781157c15e66,2026-07-29 10:18:03
jp,Judg,12,15,4327,73236fd7ca3b8e9ee0bbfcfe453aa61bb610634a,2026-07-29 10:18:03
jp,Ezek,41,26,6122,b0e5cdd09bc2fec7111607e1dcc4d63bd75e2984,2026-07-29 10:18:03
jp,2 Thess,2,17,4462,5c1f2e666fe5d4baaa92ff9ff8a79ceb275c0c91,2026-07-29 10:18:03
jp,Judg,13,25,7005,bb81c11660fbe2ba67f1424db6697850ca95305a,2026-07-29 10:18:03
jp,Ezek,42,20,4304,1cf072c54a6ba4fb7d581325d57cde5d5ca55943,2026-07-29 10:18:03
jp,2 Thess,3,18,4530,0d493e0ac31a032e6f38a458ca9d79d775bf5047,2026-07-29 10:18:03
jp,Judg,14,20,6524,8a22851a24fd7873c2b516b1d1e620adf2835932,2026-07-29 10:18:03
jp,Ezek,43,27,6760,1fcdf41a22b6e23ce5433b84f36402816ab0eed1,2026-07-29 10:18:04
korean,Matt,1,25,4765,a8ffba3416fc56895c187d498583a61f56423f92,2026-07-29 10:18:04
jp,Judg,15,20,6106,5ac892cd8b5d5928f6f4257387cabd8a95b3c6e4,2026-07-29 10:18:04
jp,Ezek,44,31,8517,2b3c359be67502793c9b526164a88e9f6c450106,2026-07-29 10:18:04
korean,Matt,2,23,4903,5f4d0ec99a0deed51d46da994858660ab0545886,2026-07-29 10:18:04
jp,Judg,16,31,10056,378ae6320854057f2d8c16308cd7f8b9a48b9886,2026-07-29 10:18:04
jp,Ezek,45,25,6231,48fc26847fcd48b3927b6291ccbe4e2c74ff3c91,2026-07-29 10:18:04
korean,Matt,3,17,3616,d14d407279eb81674900903a50d0ecf4ed6439fd,2026-07-29 10:18:04
jp,Judg,17,13,3534,99e333a1abfd5c16970b71c71b94d4f44a15e8cf,2026-07-29 10:18:05
jp,Ezek,46,24,6565,551180d4b5ccaae483cef1708c56d6ca1395f64f,2026-07-29 10:18:05
korean,Matt,4,25,4962,1fa08249df9184eb8f307599f32087d07fdfb350,2026-07-29 10:18:05
jp,Judg,18,31,8595,12a359c7426d18a4457e1ad1792bc036db2c0ae8,2026-07-29 10:18:05
jp,Ezek,47,23,6131,582b960bf0d4bbd1416ad7e3a6a6e5aec9a079ad,2026-07-29 10:18:05
korean,Matt,5,48,9427,d7c663b0a6b2d15e6f03706a25b4e72842d2441c,2026-07-29 10:18:05
jp,Judg,19,30,8425,fdc85488e5931bc0347175e6201113de14b4d09f,2026-07-29 10:18:05
jp,Ezek,48,35,8466,225d381d8e1c8437d6fcb4866c18be15ad7d8d58,2026-07-29 10:18:06
korean,Matt,6,34,7446,1a0f6c2ea9921ff11c1e672d0bb5de3a56428572,2026-07-29 10:18:06
jp,Judg,20,48,12535,6d4c42953b59a5cc03c4d6b86df6b8f7b108341f,2026-07-29 10:18:06
jp,Dan,1,21,5309,1d9a0f05d988566ad1b96dd539e28a8aa138e3c5,2026-07-29 10:18:06
korean,Matt,7,29,5708,3409caa9c8b0b4ee8175a9fcdf9806434cd2c6c6,2026-07-29 10:18:06
jp,Judg,21,25,6878,f9281095d033da010455a41353bd4703de7a403e,2026-07-29 10:18:06
korean,Matt,8,34,6832,e565ecf260d66a2a6c73e98de1d15a399d5d1566,2026-07-29 10:18:06
jp,Dan,2,49,13565,78586bfc4bcac966a1ae3372fdacfa852ddd876c,2026-07-29 10:18:06
jp,Ruth,1,22,6382,038be722f2e0deae98890a4589421c7172d372a8,2026-07-29 10:18:07
korean,Matt,9,38,7585,bbecabe370b10fae6d827b16163b8c6d51efa379,2026-07-29 10:18:07
jp,Dan,3,30,8745,dfee96754ccc6b0c5b58fef5b20e3cd03aaf6195,2026-07-29 10:18:07
jp,Ruth,2,23,7033,3aa5656f8ea2829a16ba52d990dfe2cfa5196d6a,2026-07-29 10:18:07
korean,Matt,10,42,8287,3b0123b06cbdb5569b9426994294c2b71c38d1d0,2026-07-29 10:18:07
jp,Dan,4,37,11036,192d6b00fed1b9e0d467e895e6af94281b1daee1,2026-07-29 10:18:07
jp,Ruth,3,18,5162,8140306ae6e720bd1534bad87dffb2b10bf488a0,2026-07-29 10:18:07
korean,Matt,11,30,6215,e4dc59b0120fb378271cc4159f2344ec6aa6fe9d,2026-07-29 10:18:08
jp,Dan,5,31,8865,e0091c50b8e342031416cc6f19e512e539ac40d6,2026-07-29 10:18:08
jp,Ruth,4,22,6427,ea507e23482e81cd15d1f241c39b81118308ecf8,2026-07-29 10:18:08
korean,Matt,12,50,10017,86359bb01b5b1ba9f5016f0ee2f0b1622ba0ea31,2026-07-29 10:18:08
jp,1 Sam,1,28,7286,73fb263c6e4c7ee9f1e5d3edae6b877a5cb0b7f1,2026-07-29 10:18:08
jp,Dan,6,28,8600,37c192bc6c78d0c3a9061f747323e79b03d41fec,2026-07-29 10:18:08
korean,Matt,13,58,10958,b49e5b5c55525c1a6bd46bdf0834b1481a243fed,2026-07-29 10:18:08
jp,1 Sam,2,36,10330,a8049a12c698211ec4a41e33e02194c3d3ac9e1d,2026-07-29 10:18:09
jp,Dan,7,28,7804,a26432a8c75ed26c07e0c779877c6a6a683f96c7,2026-07-29 10:18:09
korean,Matt,14,36,6479,c06533fafdafd49723326c14f466951a3d0494e3,2026-07-29 10:18:09
jp,1 Sam,3,21,5605,1cd6a4c23a09b4f14cd4eed05a8b32b823bfb656,2026-07-29 10:18:09
jp,Dan,8,27,7323,42c63538be474f45a52a6be75c0cc665666ab07b,2026-07-29 10:18:09
korean,Matt,15,39,7494,8540e4e3b94d6e32237cefaf88f23205142ff2f1,2026-07-29 10:18:09
jp,1 Sam,4,22,6327,368a41969ea0be50f93abd58462ed06051b03c13,2026-07-29 10:18:09
jp,Dan,9,27,8884,564463c465c760749f80c80e88d0678e1e9422ac,2026-07-29 10:18:10
korean,Matt,16,28,5951,2b7915c690b1c3503823766a44c21cf693aa8599,2026-07-29 10:18:10
jp,1 Sam,5,12,3613,804477d25e67ae1f219e772063a7cf0f7c14ac2f,2026-07-29 10:18:10
korean,Matt,17,27,5737,05fef382c0e6adca5d8c3374d0eb1bea940808f5,2026-07-29 10:18:10
jp,Dan,10,21,5800,15e0c39198b378c569cff1601d7740c8cf6d584b,2026-07-29 10:18:10
jp,1 Sam,6,21,6580,3ded031bbce4530350209a3856b377769af593d4,2026-07-29 10:18:10
korean,Matt,18,35,6978,42ef5b2660356b67a9bcb9ad4783ce4be8781534,2026-07-29 10:18:10
jp,1 Sam,7,17,4934,0580953dee9a96494f77ff136872b634179ac658,2026-07-29 10:18:10
jp,Dan,11,45,12065,f8effb33b04c5df49e1ddfae1c89a05cccb2e05e,2026-07-29 10:18:10
korean,Matt,19,30,6283,5b50cc5e6942217b1890ad7604b3b813bbce037b,2026-07-29 10:18:11
jp,1 Sam,8,22,5238,b0297443a0a4f384e02d0d73d4d1ad48a1fcc158,2026-07-29 10:18:11
jp,Dan,12,13,3638,fbdadc84119b330c7e25fd1b5761af6f4e3001d0,2026-07-29 10:18:11
korean,Matt,20,34,6643,9a0c7f070d92c550b716a682374d30482783c5a9,2026-07-29 10:18:11
jp,Hos,1,11,3082,c6cc62b7b1043c70c13dcc43adde3b741d3b13c5,2026-07-29 10:18:11
jp,1 Sam,9,27,8546,b2002be6e2bd138bd796716fae88d79525041dfa,2026-07-29 10:18:11
korean,Matt,21,46,9723,8fb03eccb36e8a1eed2b8d8f43e45e857a7f80c5,2026-07-29 10:18:11
jp,Hos,2,23,6305,121bf6a0245a425c129c6f75cd002111918cabde,2026-07-29 10:18:12
jp,1 Sam,10,27,8225,8eb0ff2ecfcc2f7ce37e26eed1b24055b5da7176,2026-07-29 10:18:12
jp,Hos,3,5,1500,12673408821ca07a74c5ffed25d04ae2348e7e31,2026-07-29 10:18:12
korean,Matt,22,46,8278,c29b9d742df0a6ea092f33aa16eccf8ccdfe164d,2026-07-29 10:18:12
jp,1 Sam,11,15,4503,b4b393674b5210540d353d11f8dda72db6713487,2026-07-29 10:18:12
jp,Hos,4,19,4943,8ad0aef2fd9db3a965784b7c901718aa6d0c2d38,2026-07-29 10:18:12
korean,Matt,23,39,7836,d637897fae055d471c8a4a5d0c426b14ace54b77,2026-07-29 10:18:12
jp,1 Sam,12,25,7638,4ba0624139e0101cadc5df5dc561d3055f3ce2de,2026-07-29 10:18:12
jp,Hos,5,15,4007,7ee8ad334179547e3b88f177bbcc4addc9e90276,2026-07-29 10:18:13
jp,1 Sam,13,23,6276,be101ab3f15350a585c22ad245e8acd9be15e49f,2026-07-29 10:18:13
korean,Matt,24,51,9357,5775011d154078527a870d37adae91d70caba259,2026-07-29 10:18:13
jp,Hos,6,11,2751,58407a9f421df9156f9516387a463f3fc316a509,2026-07-29 10:18:13
korean,Matt,25,46,9096,8917420747c7b85d2dcd69d7e5460cba2a6f00df,2026-07-29 10:18:13
jp,1 Sam,14,52,15435,69b8a8cc1eff50012a594522b2c68641b7018898,2026-07-29 10:18:13
jp,Hos,7,16,4306,d352967196e4905292e70476698c267cd8adde50,2026-07-29 10:18:13
korean,Matt,26,75,14868,1bd7ca145379ff451e08fc3d84e5ea20362f47a9,2026-07-29 10:18:14
jp,1 Sam,15,35,9674,6cc4a7fc1416a7bb3d56321be043754bab9ac0d0,2026-07-29 10:18:14
jp,Hos,8,14,3626,fb6c509b00bcaa58342211166bb6a3c7d2106c10,2026-07-29 10:18:14
korean,Matt,27,66,12467,604f25ae52883ce90b994c05066224107eb448d2,2026-07-29 10:18:14
jp,Hos,9,17,4807,dbc979bb122f65bcea6b4fda00b1d58b1bf4a739,2026-07-29 10:18:14
jp,1 Sam,16,23,6792,5a32b7fbed9022dd545fbae4a8f00c29ef2b762c,2026-07-29 10:18:14
jp,Hos,10,15,4568,0da04ba89179980fc6bc3a04516156c3c1d2d25a,2026-07-29 10:18:15
korean,Matt,28,20,3953,28c3afb37b4e3da0cf6733ebe29ac5745da817ca,2026-07-29 10:18:15
jp,1 Sam,17,58,15432,7864e2017b0bdf01a8755032bcd7b6cfedc991f6,2026-07-29 10:18:15
jp,Hos,11,12,3679,5867e37638391e412c71da5337f6b2d147027198,2026-07-29 10:18:15
korean,Mark,1,45,8262,8b4f171632788b9226d8b228e2eb7284b5b21a99,2026-07-29 10:18:15
jp,1 Sam,18,30,7901,48dceb2778aa8e071a20a5a866f4cb9673cb4f0f,2026-07-29 10:18:15
korean,Mark,2,28,6131,95501a06511edb5a78a9f39378f9a75a44f8e0eb,2026-07-29 10:18:15
jp,Hos,12,14,3449,5fdc69aab574b3980af63bfe806d59c807e5b5b7,2026-07-29 10:18:15
jp,1 Sam,19,24,6918,2007e7f8ed429abc3a39214cf5e6d0419b8240f6,2026-07-29 10:18:15
jp,Hos,13,16,4317,926a2e2c0d66d958e168f559ececafb707893d03,2026-07-29 10:18:16
korean,Mark,3,35,6350,8b746850bcaccfe30938f87c1e39844261adc32e,2026-07-29 10:18:16
jp,Hos,14,9,2703,fc131cc61ce3ecf5854c64b72b80fb6a2dbc1a7c,2026-07-29 10:18:16
korean,Mark,4,41,7591,48c7dac38c6b191916bc10b68530fd09b33c4348,2026-07-29 10:18:16
jp,1 Sam,20,42,12420,e83409652a99ca751f6894aeae63e9e0bcf505ea,2026-07-29 10:18:16
jp,Joel,1,20,4961,933b0b41baedb7df681aaa03b4eee0f52166e917,2026-07-29 10:18:16
jp,1 Sam,21,15,4787,50d14997c23eb4a754c00ce57d9a8d85dedcba18,2026-07-29 10:18:17
korean,Mark,5,43,8225,6fec40cbb339bf02d0731aeb98769b25a4b8d7d7,2026-07-29 10:18:17
jp,Joel,2,32,8720,746533b246c5425a85cd6eb494daccfbd8161712,2026-07-29 10:18:17
jp,1 Sam,22,23,7251,b35e4e285fcb6f6f64303730a6c9a0065185bcc0,2026-07-29 10:18:17
korean,Mark,6,56,10783,5500e8753f6c4cd66227c2b99ebbc39296132373,2026-07-29 10:18:17
jp,Joel,3,21,5318,c858bea9c67472a3867d9930df64f2a54aa3b822,2026-07-29 10:18:17
jp,1 Sam,23,29,8061,34f52ee9b6c7c8917e0cf65dd42336df08a4563b,2026-07-29 10:18:17
korean,Mark,7,37,7182,affe308985a7a97eacc609ad589192b271218823,2026-07-29 10:18:17
jp,Amos,1,15,4481,84fcf25c44f036ce678e5c3a8eb03850a80d4e78,2026-07-29 10:18:18
jp,1 Sam,24,22,6828,0e93265464c08891b0d0f837fc2c7ae6186fc12f,2026-07-29 10:18:18
korean,Mark,8,38,7473,8529a3839cb49d677feab2def471097f82631c79,2026-07-29 10:18:18
jp,Amos,2,16,4423,e4475829d24dfa3ab0e612f3f44eb5bacd93ebdf,2026-07-29 10:18:18
jp,1 Sam,25,44,13002,6ef708fb6c2cdf67f4cd178cdf620dc642d896ee,2026-07-29 10:18:18
korean,Mark,9,50,10424,a8851095bc0db7e6f2001c1ffcb290317eca44b4,2026-07-29 10:18:18
jp,Amos,3,15,3987,b8ea0a7a73bed80aeb2120ac63013429a2690fe2,2026-07-29 10:18:18
jp,1 Sam,26,25,8067,3900202c3c253abc1f5034afb9e066d7655f97a8,2026-07-29 10:18:19
korean,Mark,10,52,10676,3c2475f0feaa8069cc14578c0c3d7cfd6963be48,2026-07-29 10:18:19
jp,Amos,4,13,4666,354bd81c3cbf2fe6b252194a974033eb6b1d29dd,2026-07-29 10:18:19
jp,1 Sam,27,12,3777,94547b81a1ea20b45a84280f6e70635b73792329,2026-07-29 10:18:19
korean,Mark,11,33,6850,817d59fcc933d39ec3a51e46b77a34ec9df67074,2026-07-29 10:18:19
jp,Amos,5,27,6569,d72dc524f4ce40aca860fe9a2ff82251e45ac4a1,2026-07-29 10:18:19
jp,1 Sam,28,25,7716,da5f1e7840f1e192b2a1dd634253848207739232,2026-07-29 10:18:19
jp,Amos,6,14,3834,0b01c27caaa8744a44cd4287a88e418b65adad24,2026-07-29 10:18:19
korean,Mark,12,44,9316,0b33d8789e782756eaa22203251bf11a27fd8f1c,2026-07-29 10:18:19
jp,1 Sam,29,11,4142,99c556ed13eee2f03294b34dfd17ff57baa18048,2026-07-29 10:18:20
jp,Amos,7,17,4796,9b0c825b12fc52e53057a62f88345a0bd7b14b64,2026-07-29 10:18:20
korean,Mark,13,37,7284,17518b287b175e6bf17387d9c77f32bb2a7d08f9,2026-07-29 10:18:20
jp,Amos,8,14,4066,7869199450c3aa8ae27209d7e609b287a8a92351,2026-07-29 10:18:20
jp,1 Sam,30,31,8757,934ca8e766b1026cac402426719def6b5e8cc9af,2026-07-29 10:18:20
korean,Mark,14,72,14251,c25a1f644f803bfd5607e3a3c39551827e9c45a1,2026-07-29 10:18:20
jp,Amos,9,15,4918,68f78597d1564c80ade5c83d88ebcfd122c2b5b0,2026-07-29 10:18:21
jp,1 Sam,31,13,3635,99b74c5b58ca184672d1cd4681f4ece547dd7b16,2026-07-29 10:18:21
korean,Mark,15,47,8609,65d1aa3897b6f47881a1c6b51775be40ab76971b,2026-07-29 10:18:21
jp,Obad,1,21,5992,1d50c60cc75363ca0f9a08e167912495d4811016,2026-07-29 10:18:21
jp,2 Sam,1,27,7056,81b1d0956d9f57269eb442707f1db1158b9e4790,2026-07-29 10:18:21
korean,Mark,16,20,4154,ab7f6687096077009843ff06d4b3f0ec2d2d0abd,2026-07-29 10:18:21
jp,Jon,1,17,4654,ec9d6dfe707f2ae2dcad8305f74042311c0af9ea,2026-07-29 10:18:21
jp,2 Sam,2,32,8516,d92f9bca7f73d88cae94670884e6a251fc8db859,2026-07-29 10:18:21
jp,Jon,2,10,2406,fcc01afed3512b616f9bcecafd0e354a7686ebd5,2026-07-29 10:18:22
korean,Luke,1,80,13777,382ae4cb32cd6d56c86806e66be909a2ae2de402,2026-07-29 10:18:22
jp,2 Sam,3,39,11063,836f7f9f51fe4d26ca6e153559455cf3c38d565d,2026-07-29 10:18:22
jp,Jon,3,10,2340,db7bcf68cd5d8f1b8bee80ec0606ed97737f4885,2026-07-29 10:18:22
korean,Luke,2,52,9243,6dcba245f29071cd85037d6ac9be3a4a6790a7f4,2026-07-29 10:18:22
jp,2 Sam,4,12,3805,d1dc55a01ad34278e10a8dc9db6090421276a852,2026-07-29 10:18:22
jp,Jon,4,11,2967,619d5d0040f249906269f7d5821479a8bcac0633,2026-07-29 10:18:22
jp,2 Sam,5,25,6420,c3724564353e32264c9525eb128a6e1efa6e0993,2026-07-29 10:18:23
korean,Luke,3,38,8059,adf3b8811b3dc08721de46bf37ed86ec83bbee0c,2026-07-29 10:18:23
jp,Mic,1,16,4189,081a224b54190323410f4474e511be51f2e30a39,2026-07-29 10:18:23
jp,2 Sam,6,23,5834,734d035c263abf024aedde6f60a2a4810a3fee05,2026-07-29 10:18:23
jp,Mic,2,13,4009,3aa6f432dbece43ec305c18288762e5adb1ec4e5,2026-07-29 10:18:23
korean,Luke,4,44,8799,775f980258de30b54988480a019adc9434887ba6,2026-07-29 10:18:23
jp,2 Sam,7,29,8024,e9191d5e6401da4f93dba33d345192a7d20c571a,2026-07-29 10:18:23
jp,Mic,3,12,3426,abcba767bc1e9a029b569379224d1751bcc782d0,2026-07-29 10:18:23
korean,Luke,5,39,8142,4f03d06c3d2c548ea466208e8f8533e91f14ef25,2026-07-29 10:18:24
jp,2 Sam,8,18,4549,43a98aab293e7c6ebd308bfd2a1e204991930d4d,2026-07-29 10:18:24
jp,Mic,4,13,4134,d0c042881da49006e24337506807f6a00fa31df9,2026-07-29 10:18:24
korean,Luke,6,49,10152,825f67d9acb3a576376734f1795d1e2c6f3212a9,2026-07-29 10:18:24
jp,2 Sam,9,13,3889,76255c1c8e5cb8594d8253b378f38aaadef60da8,2026-07-29 10:18:24
jp,Mic,5,15,3978,128aa3d5851474f3749868dab00ef50267c1e79b,2026-07-29 10:18:24
korean,Luke,7,50,10625,05cab40eba7b618094271f61a58aae03f51ccfa7,2026-07-29 10:18:24
jp,2 Sam,10,19,5630,b8e9eb5e59a149c3d6a66573afc8136141fdc9e8,2026-07-29 10:18:24
jp,Mic,6,16,4478,a8c2e8f1dd890e47e3dc548732ca5c5abf201685,2026-07-29 10:18:25
korean,Luke,8,56,11509,272bca66d3672787eab65ef4e66ef5f3b163f818,2026-07-29 10:18:25
jp,2 Sam,11,27,7575,d8e506266ce9911f78f1a3d0b64a1e99b2f46bfb,2026-07-29 10:18:25
jp,Mic,7,20,5485,ca0ec0f4191ef4dfe3568202c554dc2eb0273fbc,2026-07-29 10:18:25
korean,Luke,9,62,12631,71aec9346d3957209b9ec49b6645e3a9f59ca8f0,2026-07-29 10:18:25
jp,2 Sam,12,31,9003,13be4060110ce5250f5c7aaba55d3b92ee2a4117,2026-07-29 10:18:25
jp,Nah,1,15,3920,603e7d4f22f88ecdcc73674663f055a5b126cfc9,2026-07-29 10:18:25
korean,Luke,10,42,8787,301955d80be282f924784c74b66949d641e9f1b2,2026-07-29 10:18:26
jp,Nah,2,13,3374,8dbd87e692f9d9010010f840025d985a54f8c1fa,2026-07-29 10:18:26
jp,2 Sam,13,39,11415,2bd5ad3dbff708cb97f17765ede3e7c10d1c3e20,2026-07-29 10:18:26
jp,Nah,3,19,5091,314ca20db39c4c1b553874739ca944f18d7e2535,2026-07-29 10:18:26
korean,Luke,11,54,11149,7c1a7c022fee3932b62fc7c1c5859962373e68bf,2026-07-29 10:18:26
jp,2 Sam,14,33,10119,ad5088c109c46ef78fde51bb59c6850220e684f1,2026-07-29 10:18:26
jp,Hab,1,17,4467,075209cbf04dfcb4d29aec33bc607ea8d2a0f5fd,2026-07-29 10:18:26
korean,Luke,12,59,12070,abc742f0a1d43b8713c43852e61155c06ba497c5,2026-07-29 10:18:27
jp,2 Sam,15,37,10698,bb3f543de84fca717215703062e4f8962123c84b,2026-07-29 10:18:27
jp,Hab,2,20,5531,57b8d80a59ba8b043cb9108671f4ba68698ccb6e,2026-07-29 10:18:27
korean,Luke,13,35,7470,56d1806a82cd1da1e96f30b5a4f230dc794100c3,2026-07-29 10:18:27
jp,2 Sam,16,23,6909,fc9487db96afc8081ffec5bf760abb0dfbd7ab02,2026-07-29 10:18:27
jp,Hab,3,19,4769,18023a8eeaf99e802af7aeb0fd5cb9f8a1dfa8c0,2026-07-29 10:18:27
korean,Luke,14,35,7126,4f371ee8d3628c8ecaa4439f3c12ea800d7e0ff3,2026-07-29 10:18:27
jp,2 Sam,17,29,8658,04f792a3ae45d94370511a96e9275c40396c3ef9,2026-07-29 10:18:27
jp,Zeph,1,18,4644,4796ea034a4c27f8785240d37f193f382c7eb891,2026-07-29 10:18:28
korean,Luke,15,32,6326,c8339a5aae9ae85bb4a9d8cddad2c32861912121,2026-07-29 10:18:28
jp,2 Sam,18,33,10320,5f98c8c839c66cb67cb1b46ea76aa5eb12fc51dc,2026-07-29 10:18:28
jp,Zeph,2,15,4499,18c6195a92b75670844106888cc2cc895cafcac7,2026-07-29 10:18:28
korean,Luke,16,31,6778,388006749c9aa5a34beca89e530ff378c3c5c4e1,2026-07-29 10:18:28
jp,Zeph,3,20,5761,369e45ec1cbe74e2dade06c5c9ea2973f4f69f7f,2026-07-29 10:18:28
jp,2 Sam,19,43,13504,feb801d220497ba529a8ae821b5d7d71c01ec34b,2026-07-29 10:18:28
korean,Luke,17,37,7045,89806c5f4668c7627e557aaf4fafb7d5b0840ee0,2026-07-29 10:18:28
jp,Hag,1,15,3925,a9f1fda9293393cea58167b604b74af485e5b1ca,2026-07-29 10:18:29
jp,2 Sam,20,26,7683,882f35e06d9836a85cc07ed48a2226bd8a59a213,2026-07-29 10:18:29
korean,Luke,18,43,8574,90fcb7fadcaedc1947c2d925ffb942460addd96c,2026-07-29 10:18:29
jp,Hag,2,23,5914,d5aa4e1db3190ef78bcfb564138be6a1e8a94cb8,2026-07-29 10:18:29
jp,2 Sam,21,22,6846,2fbd7aa2555af52ed14ec802c588925744e02bf6,2026-07-29 10:18:29
korean,Luke,19,48,9078,dc9d7f132d8f0a23b06657b0581771156a5c1c93,2026-07-29 10:18:29
jp,Zech,1,21,5800,04e2faaecb2a3e8b2d5f960e9c813caf8864a76f,2026-07-29 10:18:29
jp,2 Sam,22,51,10508,86c4a6ff2f3bd4ed38b11104c941c75e7c87d4f4,2026-07-29 10:18:30
korean,Luke,20,47,8943,cf1a5dfa97a48c80cd53eb6e582bc14898b67e5d,2026-07-29 10:18:30
jp,Zech,2,13,3126,a1529b8c09888cb9b33bba4ee6d9b37afd10baa4,2026-07-29 10:18:30
korean,Luke,21,38,7045,495a1e612c21ea785bf493a0ffa929b4525e3909,2026-07-29 10:18:30
jp,2 Sam,23,39,8984,a4ff17832ec2723d6f3f88a0f1320d41f606c10b,2026-07-29 10:18:30
jp,Zech,3,10,2871,866ca901afd3e47a5dbe68166f5fb972ed2dafe2,2026-07-29 10:18:30
jp,2 Sam,24,25,7457,83d5b819519057e5ef984a3cbb2ed92242ffa8d6,2026-07-29 10:18:31
jp,Zech,4,14,3559,c7afc90187f18e23b5669a40d55390747f8d570d,2026-07-29 10:18:31
korean,Luke,22,71,12977,8d21af53fbcfd9040baf4baf01d6f24888fedd79,2026-07-29 10:18:31
jp,Zech,5,11,2920,16d88d2137e09b8e3b1cfa546edd63122a3f3fc4,2026-07-29 10:18:31
jp,1 Kin,1,53,14010,ea59bf3fa2db78b449045c0b86bbe6b4d999981a,2026-07-29 10:18:31
korean,Luke,23,56,10317,d0354bb6224f5c727d722311cb22a837d4c395b2,2026-07-29 10:18:31
jp,Zech,6,15,3575,c63b18f520b93d63ea2247466c5e01b711c3c5a5,2026-07-29 10:18:31
jp,1 Kin,2,46,13620,e9bc5ce0799529cc91e85ae65f8aed3adc785ac8,2026-07-29 10:18:31
korean,Luke,24,53,9651,9b6bb0e64b5b926e6410b9d56fde7608cf98bcd9,2026-07-29 10:18:32
jp,Zech,7,14,3517,2fad968993c5fa4a5b99cd8a3f8c48984a0ebf05,2026-07-29 10:18:32
jp,1 Kin,3,28,7977,bbdc95e9b05060fd9231837eb287b725335a0641,2026-07-29 10:18:32
korean,John,1,51,9966,5833bee13aafef3e31da03c9b90040d9737b3301,2026-07-29 10:18:32
jp,Zech,8,23,6007,f025f172789d7317ff331503975f736c87e11f2b,2026-07-29 10:18:32
jp,1 Kin,4,34,7134,fb130e2a8303eebd5c21fe5781e3372e7ad75569,2026-07-29 10:18:32
jp,Zech,9,17,4942,fe2da4d59cee671054359663e9f7f1c30c002741,2026-07-29 10:18:33
korean,John,2,25,4852,4fd56ffa559c1a4fc14290794bb1f57b61af97cc,2026-07-29 10:18:33
jp,1 Kin,5,18,5128,16cf3bc96bbd599b19a85e3dda5c1105b9021e10,2026-07-29 10:18:33
jp,Zech,10,12,3549,ac6e7779cd80f9f41da40a02eb321256b67a2eeb,2026-07-29 10:18:34
korean,John,3,36,7142,bc3df969429a5ef6b2093fcd203b0d9c442deed6,2026-07-29 10:18:34
jp,1 Kin,6,38,8366,bb33a6482eec0f402d524b28fcaa6dfaa5230add,2026-07-29 10:18:35
jp,Zech,11,17,4698,ea13aa426192e0291c5dc858a492584052880dd4,2026-07-29 10:18:35
korean,John,4,54,10323,7e317f70ea87e1734e18c30a19f6b109ddd159b9,2026-07-29 10:18:35
jp,Zech,12,14,3803,14a6890e93621eab105272ebac9498e2b35bf04c,2026-07-29 10:18:35
jp,1 Kin,7,51,11923,22a2643c39b293973bb826a482aac7b404fa89ef,2026-07-29 10:18:35
korean,John,5,47,9368,5ff6739f7e54fe1829a0b4178f75c83c8630b5ab,2026-07-29 10:18:35
jp,Zech,13,9,2693,3fa00b9245945ad6fdc14c5ccd8e0a693ef737b7,2026-07-29 10:18:36
jp,1 Kin,8,66,18145,1d8a701746bf96c2a8adf6715b2cef0a7bbb8dc6,2026-07-29 10:18:36
korean,John,6,71,13599,911ca1883fe1506c99ce0d88454d2efd048fbd3c,2026-07-29 10:18:37
jp,Zech,14,21,5446,1b49c30f1b293b241dbb8d0a315df99dec34c050,2026-07-29 10:18:37
jp,1 Kin,9,28,7291,6c4799528ae18d1805c2b7007fe89e5c3c0fae2e,2026-07-29 10:18:37
korean,John,7,53,10118,9300bd6fcac80d215d55ccb68937b9eed939b8e1,2026-07-29 10:18:38
jp,Mal,1,14,4847,6c09b75ec83541ff7a5b155d1cedfa779e0cbd2f,2026-07-29 10:18:38
jp,1 Kin,10,29,7415,bb85485d29fdb4b79292f6a70e5247e1f2e0c7ae,2026-07-29 10:18:38
jp,Mal,2,17,5301,fe7306776ffbfaea374a4778158ad5c5f5a21405,2026-07-29 10:18:38
korean,John,8,59,12353,ccc92622a2931b58ba1a2c257b72d7d3f1061eb0,2026-07-29 10:18:38
jp,1 Kin,11,43,11595,980923f08f6d21fb5bf74fdf9e763fd87b9953d1,2026-07-29 10:18:39
jp,Mal,3,18,5328,aaa2c6e3a4239059300aeaaa4717ce95a58176ab,2026-07-29 10:18:39
korean,John,9,41,8211,d3ff9c6c50e2af7770e695915fe51d3a7420f08f,2026-07-29 10:18:39
jp,Mal,4,6,1791,0c12fb591ca14e676aa432016a87bbf32cea70ac,2026-07-29 10:18:39
jp,1 Kin,12,33,9228,0bb7bec1018f1a1fbabed0fc78893c4f107f9fd8,2026-07-29 10:18:39
korean,John,10,42,8023,bf13f5fc2372297074b830b2a92251e1cf6943bd,2026-07-29 10:18:39
korean,Prov,1,34,5807,902ca19a13d256e26db8c9c7572e222a7d62d53d,2026-07-29 10:18:40
jp,1 Kin,13,34,9300,5fb58a1860e518dfb3d0900386df3af95e1c7bec,2026-07-29 10:18:40
korean,John,11,57,10933,b12c447964f30b4e4f778f8009c73c4376a51fc7,2026-07-29 10:18:40
korean,Prov,2,22,3472,216b4bdab964c49837dcf7ffce38a6cdf3cf82d2,2026-07-29 10:18:40
jp,1 Kin,14,31,8295,f36d6663f9b638211ddc8521427b9e72bda2e1c9,2026-07-29 10:18:40
korean,John,12,50,10187,a86c9f2d9fdab9e81d26f5ab9e01ce9cae268951,2026-07-29 10:18:40
korean,Prov,3,35,5784,2c3cb13885b1079c214211c098bd85213f0f239c,2026-07-29 10:18:41
jp,1 Kin,15,34,8250,5036e2ebc0255d0c602cf5dda23698ef962a564f,2026-07-29 10:18:41
korean,John,13,38,7965,41cbbf027e95e943330de82df4b5ad2113962dc6,2026-07-29 10:18:41
korean,Prov,4,27,4471,3015c4ae6c5a6812e0db2dcc4568006bf6448fef,2026-07-29 10:18:41
jp,1 Kin,16,34,8484,67b4d9c56b7f8e0e8941ed6c421fb5a1d8110daa,2026-07-29 10:18:41
korean,John,14,31,6916,d4444c941ada4e4796ec53fea8a0cb11e5bb0c69,2026-07-29 10:18:41
korean,Prov,5,23,3961,07f4cd64cf416747785efb7b18315748c2a85896,2026-07-29 10:18:41
jp,1 Kin,17,24,6126,f89cda26f9a1a778acb1961af98ae6cba184ef53,2026-07-29 10:18:41
korean,John,15,27,5790,4b5dfe15bc06c9541717cd9dcd2185d114a9bb43,2026-07-29 10:18:42
korean,Prov,6,35,5816,d0ebdf64e4b8329f629e30a2050aadbee8fb27ba,2026-07-29 10:18:42
jp,1 Kin,18,46,12609,aff61e16d44588bd3e4d3da81a6f82f48e2d3dc4,2026-07-29 10:18:42
korean,John,16,33,7186,eceff3c3d9d04147e77b5b594f7e1a10a71ddce7,2026-07-29 10:18:42
korean,Prov,7,27,4263,a4947590896db22757881132b84e2dc9e8fdca0b,2026-07-29 10:18:42
jp,1 Kin,19,21,6219,a77262a1c27029e50057936833d2535bbfe06003,2026-07-29 10:18:42
korean,John,17,26,6310,e35ea77ad5a105ab6f7bb42a07e4f8675470c094,2026-07-29 10:18:43
korean,Prov,8,37,6050,3494c7b90d2cb6ab11d69955f9b417a8a7082107,2026-07-29 10:18:43
jp,1 Kin,20,43,12765,080bd520454ebd649859f0ae11f1eb9b3b96cefb,2026-07-29 10:18:43
korean,Prov,9,18,3099,7868690dc9137fc7b642523772aca396a8dd7e5d,2026-07-29 10:18:43
korean,John,18,40,8754,6827522003f7fa3ff34f1df94996970e70ede35e,2026-07-29 10:18:43
jp,1 Kin,21,29,7911,e1de3837cfc35bbccc9957817bfb8b40f8c1ccbb,2026-07-29 10:18:43
korean,Prov,10,30,5078,9fa86bdf02a757dee03a516c110403a1dc9c6385,2026-07-29 10:18:43
korean,John,19,42,9147,c3956db9461d12d558747b975362fe7903f0db55,2026-07-29 10:18:43
jp,1 Kin,22,53,13916,43b60887cfc7d142077a5a4461b85baf09663471,2026-07-29 10:18:43
korean,Prov,11,30,5192,4c35a498301a75c44ef071c11fd52de10f35ac07,2026-07-29 10:18:44
korean,John,20,31,6626,8a6377963f43180e5a1aa701b2688d3171023721,2026-07-29 10:18:44
jp,2 Kin,1,18,5831,b5bbbfae0b7747d58c2f8eaeceee6d53b7d5f0b7,2026-07-29 10:18:44
korean,Prov,12,28,4937,1b9609f8a676c62b9b35c33616b9b44a5e2fde74,2026-07-29 10:18:44
korean,John,21,25,6173,9935fcd7bbd0593c7c73b4dfeb436ab3bb300580,2026-07-29 10:18:44
jp,2 Kin,2,25,7572,3c2b54026cd6c554e3726e71d58822c30c80333e,2026-07-29 10:18:44
korean,Prov,13,24,4339,068f7b02b28a133d4166d64947de1e1728d81483,2026-07-29 10:18:44
korean,Acts,1,26,5705,cb819c185aa4d70c8dbda628b2469f4c133ca578,2026-07-29 10:18:45
jp,2 Kin,3,27,7432,796d05929bd675e1dbe14d6fdab32e722046893b,2026-07-29 10:18:45
korean,Prov,14,35,6166,e97e84251e5148634ee6ebd5fcb8b7d34d73fd44,2026-07-29 10:18:45
korean,Acts,2,47,9233,35f2cb061ba31392e9fab3099a0ed4cdc627e752,2026-07-29 10:18:45
jp,2 Kin,4,44,12407,f5aa9d5995a1a7af1b1cf26c7408e1fed5f74b7d,2026-07-29 10:18:45
korean,Prov,15,33,5732,477680bd44fbca137bd0a5a492ae9bd5745766ad,2026-07-29 10:18:45
korean,Acts,3,26,5580,2470a10be3ecbd4cbbb90d41fd18a51780dac6f0,2026-07-29 10:18:45
jp,2 Kin,5,27,8749,ec973c2c3bf733ab224c016c6334b5d3b211d93b,2026-07-29 10:18:46
korean,Prov,16,33,5918,bb3ffdada0a63872302e9348cb84db1e31df039b,2026-07-29 10:18:46
korean,Acts,4,37,7289,ef0195dea45a957bb8e2c388f985c35e89924913,2026-07-29 10:18:46
korean,Prov,17,28,5092,2cd1ac0acf2c25d8e99964c2164589800994dd67,2026-07-29 10:18:46
jp,2 Kin,6,33,9637,ecd39587290afed4bddf8c04c78cd7098b81c9d1,2026-07-29 10:18:46
korean,Acts,5,42,8341,d6fcfc129882fdb2d239b9e7089382d370e93037,2026-07-29 10:18:46
korean,Prov,18,24,4273,8308e8cfb814abbb4fd668c20027f82f34e83408,2026-07-29 10:18:46
jp,2 Kin,7,20,6776,1c0d57094edb47f3c0501aa82f8cb7c363775e53,2026-07-29 10:18:46
korean,Prov,19,29,5340,2187d54a98949f49612d92393b63ce71c0fe4dc6,2026-07-29 10:18:47
korean,Acts,6,15,3226,6efcf8dacd1ab4f0c446f50fabca67905965e66f,2026-07-29 10:18:47
jp,2 Kin,8,29,8312,50a69a5a0f02d1030cdd3a799c90f96d6dd3543d,2026-07-29 10:18:47
korean,Prov,20,30,5334,94d54eec0c845cdfec2265a38a8e930ab8fc38a0,2026-07-29 10:18:47
jp,2 Kin,9,37,11053,95e86677514e00eee7de3a6b400f083e19bccb6e,2026-07-29 10:18:47
korean,Acts,7,60,12143,19df0ab43da205882d77f9ab36a2116064147dc4,2026-07-29 10:18:47
korean,Prov,21,31,5387,ace368f013a368b825e29173412e96dd49070756,2026-07-29 10:18:47
jp,2 Kin,10,36,10691,d00584f78752df86d6e51fcd4f419ce7a497592b,2026-07-29 10:18:48
korean,Acts,8,40,7563,e5b0e03aa50f3200a82717bdf2dac14b97176991,2026-07-29 10:18:48
korean,Prov,22,29,5015,83c08cf89c0f909577ea92e9514987ae17ccd6b4,2026-07-29 10:18:48
jp,2 Kin,11,21,5517,24fb1224891db5604214118f0f0c4308b2be49cc,2026-07-29 10:18:48
korean,Acts,9,43,8694,84d1523d1778f5c1ede6c888c995dc324f0b1acd,2026-07-29 10:18:48
korean,Prov,23,35,5984,92fc4dff1b8bab6e9be20c3e0460685102455e3f,2026-07-29 10:18:48
jp,2 Kin,12,21,5550,28dcdc2815119ac982b133cb8aa487e4d9ac3876,2026-07-29 10:18:48
korean,Prov,24,34,5881,bf0464e3a60740027134e1f40c2daae020bb6e72,2026-07-29 10:18:49
korean,Acts,10,48,9423,2a18dd843f48731f279a160a50e4cb0b17704c9d,2026-07-29 10:18:49
jp,2 Kin,13,25,6963,acdc7c8f38cc3beb75e919cb28d0a4dc635ae3ed,2026-07-29 10:18:49
korean,Prov,25,28,4955,adcb8460e19ed55988a75e32de01cc8ddbfbff20,2026-07-29 10:18:49
korean,Acts,11,30,5881,0f88cc0a5b9e1230b94f38c84b666577bda41fe8,2026-07-29 10:18:49
jp,2 Kin,14,29,7743,d6e0e5ba635eed2cba70ee31afa2cc7a5c864bc8,2026-07-29 10:18:49
korean,Prov,26,28,4945,c6520286a3ca77fbdd82a142831f31aa17e76b34,2026-07-29 10:18:49
korean,Acts,12,25,5231,763f200d88d21d3ce8e1b39e27b652c2871f5184,2026-07-29 10:18:49
jp,2 Kin,15,38,9078,6f04c38cf0dc1ed9a8a55dc4d31d9f0feaba0720,2026-07-29 10:18:50
korean,Prov,27,27,4798,38d9058083cc83cd5df41d9decb1bbf3eae5ea09,2026-07-29 10:18:50
korean,Acts,13,52,10702,28439a0a093cb51d37d74673a30b33911f8fcae8,2026-07-29 10:18:50
jp,2 Kin,16,20,5421,e8a480773854ceecc9dbe7668014f36bb97ad36e,2026-07-29 10:18:50
korean,Prov,28,28,5081,931099938100d0b26ddcb47bfbfcdc911b97e5b3,2026-07-29 10:18:50
korean,Acts,14,28,5592,dd93505c2c4e53c9c25b6a1fff1fa77830e17dab,2026-07-29 10:18:50
jp,2 Kin,17,41,11100,c17ed52096f8e03a814ff4fb9fe897d2cac5c115,2026-07-29 10:18:50
korean,Prov,29,27,4823,4b463cb7178f126dd8058b1576695509f9b1c86a,2026-07-29 10:18:51
korean,Acts,15,41,8121,5994e54b8cdd3f8cd07d41275e755b996d4d90d8,2026-07-29 10:18:51
korean,Prov,30,33,5983,df247f77c19a4da89fd30e1d001d76bcd46bf5e7,2026-07-29 10:18:51
jp,2 Kin,18,37,10767,0390401a52e6badc0dfd0e4e1e76e2351c5c868a,2026-07-29 10:18:51
korean,Acts,16,40,8130,e63426e5bf0c87f46b848c901f11ae3a59f8e488,2026-07-29 10:18:51
korean,Prov,31,31,5180,d43bac14788a35604363e4cad42292f91533ead5,2026-07-29 10:18:51
jp,2 Kin,19,37,10192,da07496b9d2a498651b0fcc8085ae042e9939b09,2026-07-29 10:18:51
korean,Acts,17,34,7519,afc8c4ecdb97d9edb72db0de088933fa418d975a,2026-07-29 10:18:51
korean,Eccl,1,18,3448,4e5628a840be77b45280bf1a44f60f1b56bc4efd,2026-07-29 10:18:52
jp,2 Kin,20,21,5919,e792b308853a56e886f0d0541e5afc484aa98b44,2026-07-29 10:18:52
korean,Acts,18,28,5976,573cfbfa208648cb827b4cc1d91853d2198e73c3,2026-07-29 10:18:52
korean,Eccl,2,26,5830,49973fba813efc3e65e73ea8d728c0c4c1c46dc0,2026-07-29 10:18:52
jp,2 Kin,21,26,6486,796888c991e7d139b12412f0874ed9b462a0310f,2026-07-29 10:18:52
korean,Acts,19,41,8456,a07167f325c55520d8afdeaa294293c703c6b6c8,2026-07-29 10:18:52
korean,Eccl,3,22,4568,5ffcff1acd6f6f7887d0d623aee48b54d3290a5c,2026-07-29 10:18:52
jp,2 Kin,22,20,5880,ef33a746ee2d707c0136aeebf246ef6c81898e8a,2026-07-29 10:18:53
korean,Acts,20,38,7723,a1aa54113c7ff5bdcc59cc36550a9c84bea5b186,2026-07-29 10:18:53
korean,Eccl,4,16,3494,a285eec915f7a7197ef35287901586a910441d6d,2026-07-29 10:18:53
jp,2 Kin,23,37,11004,ac38f6a38e696b493938db76ed10e6c7a6d3fd26,2026-07-29 10:18:53
korean,Eccl,5,19,4250,55719adb0592d09da245f3211da655ecb3312bb5,2026-07-29 10:18:53
korean,Acts,21,40,8542,f557f4ddd14f5af09fd9447f82f3a39d86d3e57d,2026-07-29 10:18:53
jp,2 Kin,24,20,5331,a60a665ea54899cb69ef7a483503b57a2ce8f468,2026-07-29 10:18:53
korean,Eccl,6,12,2669,4e49d8227e402b74610de99fd94f6550ad686af1,2026-07-29 10:18:53
korean,Acts,22,33,7002,69e250514b99e9b39167282c58fdba5d87ba3277,2026-07-29 10:18:54
jp,2 Kin,25,30,7583,3f9f061da232c3656ee883a4f9e0ae25b83338b6,2026-07-29 10:18:54
korean,Eccl,7,29,5625,d9e51423ff1f80cecb3d672bd0058422e8522ba6,2026-07-29 10:18:54
korean,Acts,23,34,7340,c2ece068124ffffbd1ebc532c8655f5a39f4f057,2026-07-29 10:18:54
jp,1 Chr,1,54,8843,babdd4792be2c161a41b497bc2115d87ca2d8712,2026-07-29 10:18:54
korean,Eccl,8,17,4047,aefb4ee957e3e975409d4c7d0b234846d943aad7,2026-07-29 10:18:54
korean,Acts,24,27,5565,c70bf44909b5091af38a66d32540b10e93f12a59,2026-07-29 10:18:54
korean,Eccl,9,18,4597,97720e39baffcd4fff49b7c5248f2368e54efc01,2026-07-29 10:18:55
jp,1 Chr,2,55,10119,07386e7440880877f9d7dd3adf23013f04bd4e26,2026-07-29 10:18:55
korean,Acts,25,27,6276,d742c1063a694e3a5e009bb84ad8c0c4cdb201c9,2026-07-29 10:18:55
jp,1 Chr,3,24,4648,4d372a4640619fc7c262d0bd99db585f948d7ee3,2026-07-29 10:18:55
korean,Acts,26,32,7016,8c0b3a22ac12ea3c2cf52fcbc5dda8018aad975f,2026-07-29 10:18:55
korean,Eccl,10,20,3732,b575e6dc777799b66c4e3ef06afe9a9bf44d67c6,2026-07-29 10:18:55
jp,1 Chr,4,43,9063,b07fbf4bd8e29f68d8bb66631df8f300efffd4a1,2026-07-29 10:18:55
korean,Acts,27,44,8537,2d0f5761e3b4f70d41588835569cd998efe04b71,2026-07-29 10:18:56
korean,Eccl,11,10,2342,09ec5171773b9196599411a7970e5ca33bd89d86,2026-07-29 10:18:56
jp,1 Chr,5,26,6425,fd048ad3bfbdd6ea13479129ac2ed56da634785d,2026-07-29 10:18:56
korean,Acts,28,31,6504,9b39ae8e2cb648af8d3d3d20dbf559e56a668c93,2026-07-29 10:18:56
korean,Eccl,12,14,3119,57376bf585ee079fff13c761b15740e4d82851dd,2026-07-29 10:18:56
korean,Rom,1,32,7062,ecae6d9d2ac4272e742d58c1c990d75259ed2067,2026-07-29 10:18:57
jp,1 Chr,6,81,15139,19322dc6b9d16d027e7f56e63058cb2279d35d58,2026-07-29 10:18:57
korean,Song,1,17,3210,05c35cfc9b2628fadfec1b3529dbf2be43a46629,2026-07-29 10:18:57
jp,1 Chr,7,40,8301,396b3e4ee5452ed61c9ed95174ef114dfbb6ce13,2026-07-29 10:18:58
korean,Rom,2,29,5861,bd2c2928e87fa3b6f66eecd6f21e76dc858afb49,2026-07-29 10:18:58
korean,Song,2,17,3429,9f2bc7d0eb77669ca6d6c4d22c20ae02cb23cb98,2026-07-29 10:18:59
jp,1 Chr,8,40,6612,77c5e75a2fa0f41f2a93203418cb077342f1b4d3,2026-07-29 10:18:59
korean,Rom,3,31,6039,7697c64bed7f7b184eec106332d8c95b5f8242e9,2026-07-29 10:18:59
korean,Song,3,11,2388,0a0a81e34a292200aea6acdb3fcc1993275f192b,2026-07-29 10:18:59
jp,1 Chr,9,44,9651,7f58dc978a9d8ade7c566c4626dac79d26fda9a5,2026-07-29 10:19:00
korean,Rom,4,25,5227,a8ecb854c2331b5693618b337a909867843707a7,2026-07-29 10:19:00
korean,Song,4,16,3356,9ddf15bf9a212450aea69fe9c0918a933471c3ac,2026-07-29 10:19:00
jp,1 Chr,10,14,3608,c7c7ca601a63affa9ce78ed5b77fc74b48c04184,2026-07-29 10:19:00
korean,Rom,5,21,5002,5a40f63582e5bdd01146500f8c6c75680a1c0e6b,2026-07-29 10:19:00
korean,Song,5,16,3711,5a35bc1295e7c41e7cd99cc30c8a3d4e981dceaa,2026-07-29 10:19:00
jp,1 Chr,11,47,10311,b44e33262db7c47a3c0bfe98edb281015e79151f,2026-07-29 10:19:01
korean,Song,6,13,2804,4fa62cb11ea7b39136665b1e421b92cbbdf8ef46,2026-07-29 10:19:01
korean,Rom,6,23,5006,f79770bce4cb15acc9c3fc432df986d32fe47440,2026-07-29 10:19:01
korean,Rom,7,25,5514,4270e426b45f086c4890623df7f8b80eb0c263dd,2026-07-29 10:19:02
jp,1 Chr,12,40,9491,7a3122e7e2a238e0dfde3952fe013ace3a7617fd,2026-07-29 10:19:02
korean,Song,7,13,2713,f7a4e2b617d814efb139984e8cc71cc0142f9de2,2026-07-29 10:19:03
jp,1 Chr,13,14,3609,723e242b2e3ce1e20a70987ac64f1366e87e4231,2026-07-29 10:19:04
korean,Song,8,14,3257,dcf6a1117f48653b35fa22ac5005a2c3da07bf10,2026-07-29 10:19:04
korean,Rom,8,39,8097,85682925728d5e7ba4839849828798a49d20d493,2026-07-29 10:19:04
jp,1 Chr,14,17,3900,1a42bccc76ad7a7b227aee982292663e88a3aeb6,2026-07-29 10:19:05
korean,Is,1,31,6922,130e82c63a4ec9f47dde7174dc270898beeb6300,2026-07-29 10:19:05
korean,Rom,9,33,6922,aeb7ddb72dda3b52b76162fdec77cc8ec47f117e,2026-07-29 10:19:05
jp,1 Chr,15,29,6843,96876a341feff72385018427e67ba257b8b1f5b9,2026-07-29 10:19:06
korean,Is,2,22,4467,9fe551ef0a2f160c377e21830598ec7038f46c3d,2026-07-29 10:19:06
korean,Rom,10,21,4597,3f23ddd992343f052c1172f445a3645c1f77e983,2026-07-29 10:19:07
jp,1 Chr,16,43,9064,955608611d200ea33a38caddfe21cac575165f94,2026-07-29 10:19:08
korean,Is,3,26,5132,7fd4ca129fe8436a19ed04c7f50632a9da61481a,2026-07-29 10:19:08
korean,Rom,11,36,7715,7bc50f89e68053aa0383d868c1d93810eb542ca3,2026-07-29 10:19:08
jp,1 Chr,17,27,7479,916c8cb77ba922bd32e49cf8c70c226cd31087e4,2026-07-29 10:19:09
korean,Is,4,6,1652,9c857873e7d12a0af8dae1460a30d68e366766ae,2026-07-29 10:19:09
korean,Rom,12,21,4045,2be63ed1200750bfc8962d9aff45a5551ccd7694,2026-07-29 10:19:09
jp,1 Chr,18,17,4158,fd53492528d8c2b16c5523fdd96d979728270581,2026-07-29 10:19:10
korean,Is,5,30,7252,1ee155a4902ee776b607ce4ccfb7cfb66bbc8782,2026-07-29 10:19:10
korean,Rom,13,14,3357,8615d37214216d94a7d2350a180e3f24a9fd7a2e,2026-07-29 10:19:10
jp,1 Chr,19,19,5718,eb31f00c25acb8a91b30c39cee77a175fb2561d8,2026-07-29 10:19:11
korean,Is,6,13,3157,97f9ad8aef162649d9cc5a2045abef29e34fcebb,2026-07-29 10:19:12
korean,Rom,14,23,4949,8750fb125021d3f5cdaa8b8bace451f2218876c8,2026-07-29 10:19:12
jp,1 Chr,20,8,2496,2babb69f411dfd589ebbb1e959a353585a9f4add,2026-07-29 10:19:12
korean,Rom,15,33,7160,01a3412112ef2924cc6e039d5806dafd3dab13c0,2026-07-29 10:19:13
korean,Is,7,25,5347,79118d8ac7a3ba95c21d823d07e26937a4dc2aed,2026-07-29 10:19:13
jp,1 Chr,21,30,8390,1ea6124ba0ccd502925341a96dbc16c0da4beb03,2026-07-29 10:19:14
korean,Rom,16,27,5564,953076cca10d57d0a5759b49efd437e80529ccbf,2026-07-29 10:19:15
jp,1 Chr,22,19,5571,afda596ba38d1855c3c7cc63f5d4782a237cc824,2026-07-29 10:19:15
korean,Is,8,22,4923,86f2272e80888c332df734e540eb9e37fbe4bddc,2026-07-29 10:19:15
korean,1 Cor,1,31,6775,79222b8267d1d25362a9c6b5760902141a587280,2026-07-29 10:19:16
jp,1 Chr,23,32,6477,a2c0dda64e47ef41b6f84ba72ded757bb8c10c64,2026-07-29 10:19:16
korean,Is,9,21,5027,16787585380f6ee2ceb7162414fe064062f77f06,2026-07-29 10:19:16
korean,1 Cor,2,16,3829,88fd089b17eb29a3936ce43b3bc170e2a72f3633,2026-07-29 10:19:17
jp,1 Chr,24,31,5976,daf0f64118f71ae0d0f9742b104c802be8fb177e,2026-07-29 10:19:17
korean,Is,10,34,7378,c0cd1764b17f11e46b68769985e1ecc57d9b9071,2026-07-29 10:19:17
jp,1 Chr,25,31,6681,92009a631563139fd32eae74f378783f3dc63756,2026-07-29 10:19:18
korean,1 Cor,3,23,4848,f9d02fc2b77a8319de6c0b3b825152207b60eb0d,2026-07-29 10:19:18
korean,Is,11,16,3830,546011a14541de78b362cbf12fc5ac34df2d8571,2026-07-29 10:19:18
jp,1 Chr,26,32,7386,ec64593b984761d5b66887bf480664191fd75b8f,2026-07-29 10:19:18
korean,1 Cor,4,21,4871,4749c91877dc415825b2b4352269b5f22d2bb150,2026-07-29 10:19:18
korean,Is,12,6,1458,7f2dccc10794f915d4bca0b6f0550e6e63b154e7,2026-07-29 10:19:19
korean,1 Cor,5,13,3135,86af2e24bcd46ac36c9c502220d328d784a93abb,2026-07-29 10:19:20
jp,1 Chr,27,34,7506,8d6440455c452a2761ff830792f901fe43bb6997,2026-07-29 10:19:20
korean,Is,13,21,4520,7c06aa1c961c3e98d4aad1e3c13ed9ea3491d064,2026-07-29 10:19:20
jp,1 Chr,28,21,6843,c15f0758698cec2de79c487e656f57405b26b04a,2026-07-29 10:19:21
korean,1 Cor,6,20,4430,c7ac5fa50b0c1ba550e3fc72750fc7df18bc9997,2026-07-29 10:19:21
korean,Is,14,32,7055,ff5f097f1c190a9df935482d1ea9ddde5ff62b9e,2026-07-29 10:19:21
jp,1 Chr,29,30,8339,59f1fbd4b4fc4716025de776e4f78c359051b0a5,2026-07-29 10:19:22
korean,1 Cor,7,40,8889,d9a7e1d7edfc0c72d18ffe833f8f0301fb566802,2026-07-29 10:19:23
korean,Is,15,9,2132,9b815a26e56dde9e0a1344dc75ac3a20bd9764b1,2026-07-29 10:19:23
jp,2 Chr,1,17,4785,cbaf07f32983015f16d0e03cf018b2e2f72b0231,2026-07-29 10:19:23
korean,1 Cor,8,13,3045,e3eb8c35dc32f9990fc6a34c17f837b674f7c075,2026-07-29 10:19:24
korean,Is,16,14,3526,552cf3500ede71f7a841f606024a943302ced480,2026-07-29 10:19:24
jp,2 Chr,2,18,5389,c4cea0d5bf2763625aa4cff527a8af8d02951a91,2026-07-29 10:19:25
korean,1 Cor,9,27,6246,0e83b1d4dccadeb8c74faa0c4bb9f31f14340222,2026-07-29 10:19:25
korean,Is,17,14,3492,309167cef385915abff51863682a83b56c1da98a,2026-07-29 10:19:25
jp,2 Chr,3,17,3935,1ae6ff3d03213284538ae2dfa7ad20f0496a6359,2026-07-29 10:19:26
korean,1 Cor,10,33,6670,f8ca6966eb04d7fd62d49d62993bb0401afc7835,2026-07-29 10:19:27
korean,Is,18,7,1944,58384a31370526e9b8e52c078908533967711c8c,2026-07-29 10:19:27
jp,2 Chr,4,22,4839,ce730f28a1a2c9aa7ecfe06ab78ed01122e81385,2026-07-29 10:19:28
korean,Is,19,25,5867,17f65062af270033757f0140a0d2365abafb5e19,2026-07-29 10:19:28
korean,1 Cor,11,34,6908,8495511c8ef1651e051240b4ec6317db79882552,2026-07-29 10:19:28
jp,2 Chr,5,14,3934,a9d2e5f631ab55f9dba913d20184f36bd9ae8cf8,2026-07-29 10:19:29
korean,Is,20,6,1704,9bc1c25bf3c5fa0a97d53a736d6c226a80e19576,2026-07-29 10:19:29
korean,1 Cor,12,31,6124,f0f939842b38eda0ed9c82d2bf5c3c289cabfa27,2026-07-29 10:19:29
jp,2 Chr,6,42,12105,10cbaaf140bbd4dac25110f2521d94e84ddfa9b9,2026-07-29 10:19:30
korean,Is,21,17,3694,9ecb1a733bca0990196b1523d4f35386d32a1320,2026-07-29 10:19:30
korean,1 Cor,13,13,2894,bb27ff165c62b28d36d8329ba652573cbed895a8,2026-07-29 10:19:31
jp,2 Chr,7,22,6179,c4eda34f31b5619aef837bc402fa545a67d2831b,2026-07-29 10:19:31
korean,Is,22,25,5458,ad96090638e12d336143194294ceca816d4de056,2026-07-29 10:19:31
korean,1 Cor,14,40,8404,6085c0b4624dae93121b65f3d9676c52f62a8e72,2026-07-29 10:19:32
jp,2 Chr,8,18,4630,2fa1461238724f42b32821804957527a3c52b4f0,2026-07-29 10:19:32
korean,Is,23,18,4242,50e04f0b9842b34fbffd5f5e3f981e2992417b60,2026-07-29 10:19:32
korean,1 Cor,15,58,11816,b3328fa6f8e538ebab05f1c208ca7706b558d96f,2026-07-29 10:19:32
jp,2 Chr,9,31,7813,ceb61565775ed1ded3fefd26029b145de6b72d6c,2026-07-29 10:19:33
korean,Is,24,23,4956,e2f81ad60d5b2ecb0003c87ee51cbcdcdada43bc,2026-07-29 10:19:33
korean,1 Cor,16,24,4653,3e25c58c37db484983d16de0de36bb98a491332f,2026-07-29 10:19:33
jp,2 Chr,10,19,5531,5e4358809e88efe04a953b03afd5b05c9585cba0,2026-07-29 10:19:33
korean,Is,25,12,3109,3f403c626ae3c54ba81d878c85c459f208752731,2026-07-29 10:19:34
korean,2 Cor,1,24,5778,cbca17cde8f2231f97ac7f3bfc063d86ef27a43f,2026-07-29 10:19:34
jp,2 Chr,11,23,5178,9a97db06c3f28a852f9ec1f600249ef2fdcd6554,2026-07-29 10:19:34
korean,Is,26,21,4749,50f48cfa08709907c0794b5279878c43315531f8,2026-07-29 10:19:34
korean,2 Cor,2,17,3899,ac2e965089a18e98608fc8252d039d8cbe2cff74,2026-07-29 10:19:34
jp,2 Chr,12,16,4428,0d1b7a7c07c6811841e999ee57ac2c6c3e187721,2026-07-29 10:19:34
korean,Is,27,16,4047,ea557bcdb4befde35b569746571d4d964c631e20,2026-07-29 10:19:35
korean,2 Cor,3,18,3881,49970af903a31dea001f60628178aee2b73a0dbb,2026-07-29 10:19:35
jp,2 Chr,13,22,5910,4028c47ad2df11bb121706c6bb43a954ff81ff7c,2026-07-29 10:19:35
korean,Is,28,29,6994,6c2ada065cc69b8e71a48b5c49d0a53fcb0e7f69,2026-07-29 10:19:35
korean,2 Cor,4,18,4112,4b64625c783cad348e9e0a2d37635cc3ee02411d,2026-07-29 10:19:35
jp,2 Chr,14,15,4275,f92ddc4a53e5ead78fab12aec360548697a14dec,2026-07-29 10:19:35
korean,Is,29,24,5939,8e8fc12509fbf3cb22f7d496c2aa794f427e9688,2026-07-29 10:19:36
jp,2 Chr,15,19,4638,d8bc5cdc59b1920ac46be1294697ea2cba498980,2026-07-29 10:19:36
korean,2 Cor,5,21,5028,4111fa6fbc29d62931ff6516466cd691761c6eb8,2026-07-29 10:19:36
korean,Is,30,33,8243,4ad1f36bd0d22cb05319d797a18ce93833721382,2026-07-29 10:19:36
jp,2 Chr,16,14,3900,bf329feb00d81dbad2b6230abdddc9cc8d2b6cea,2026-07-29 10:19:36
korean,2 Cor,6,18,3892,570200831f06ee40f97001df9c6f3d8b82698593,2026-07-29 10:19:36
korean,Is,31,9,2761,09df7358aa801ea753fdf7feb6ce347e79012c49,2026-07-29 10:19:36
korean,2 Cor,7,16,4524,ff7f7dc18b6b6d34abc83bd37cfb188b3d32c4c2,2026-07-29 10:19:36
jp,2 Chr,17,19,4320,9210ffcb2add7bec7cb5b60eb917be0fb1570657,2026-07-29 10:19:36
korean,Is,32,19,3766,79cc507dc115ca17d00d4456b337412c785f4dea,2026-07-29 10:19:37
korean,2 Cor,8,24,5201,92bb8f76c61d90f92bb3f60c6d0f02cada49ff0a,2026-07-29 10:19:37
jp,2 Chr,18,34,9816,915ee85817c7e03a98b0ef58b7c8d38394a51da8,2026-07-29 10:19:37
korean,Is,33,24,5551,d6d502fd75963d53de423c9fcad3959ff95c5a55,2026-07-29 10:19:37
korean,2 Cor,9,15,3645,b2193a1d950895cb5e83af4858fb3e658e530886,2026-07-29 10:19:37
jp,2 Chr,19,11,3489,7241d2abffa7b53c9691c8fe01524a7801596d40,2026-07-29 10:19:37
korean,2 Cor,10,18,4240,ebc2475c85f08931adf10e89ac22f9cea4683f8e,2026-07-29 10:19:38
korean,Is,34,17,3994,2fbd0a40fc24fb0c7679fc703a0537f2340ee6b0,2026-07-29 10:19:38
jp,2 Chr,20,37,10463,7a0484361b321fceb61ba6f1199bbf88e305961b,2026-07-29 10:19:38
korean,2 Cor,11,33,7079,fff53a029d21ebf4e32ae22bda99ca9dbe1a10a3,2026-07-29 10:19:38
korean,Is,35,10,2508,b17333ae7bbb769afbb9612b0aa08444a6a8b7ca,2026-07-29 10:19:38
jp,2 Chr,21,20,5388,292a5c8db7dfb388f77448b24acf65fc95c79bb1,2026-07-29 10:19:38
korean,2 Cor,12,21,5758,faba7a6b80a45e08e4ac557c734991dd3dba7df8,2026-07-29 10:19:38
korean,Is,36,22,5762,28d180669de548a72032a46bdaaf69df328fefee,2026-07-29 10:19:38
jp,2 Chr,22,12,3984,ea62dc4142d19d5b19a3eae5ab72fec382ce8695,2026-07-29 10:19:38
korean,2 Cor,13,13,3270,a14f228e1ab95741d9c09326c705de7f5e6254fb,2026-07-29 10:19:39
jp,2 Chr,23,21,6003,7d657459c3d5c51b3374c6b3ec954d9b3490114f,2026-07-29 10:19:39
korean,Is,37,36,8317,4b45d39238174f93388a39a01eafd6cb30e49c93,2026-07-29 10:19:39
korean,Gal,1,24,4711,40363d4cf5d9b8e82064979120aea6c7a8b49e5b,2026-07-29 10:19:39
korean,Is,38,22,5026,5fb7acad0212ff468d0b3a75c85119316ee314ad,2026-07-29 10:19:39
jp,2 Chr,24,27,7398,8f1eacff81aaca7f45752d9da8e029d3c2001029,2026-07-29 10:19:39
korean,Gal,2,21,5222,389546008f5df3dc877d9306b4bfd6f54079b5c9,2026-07-29 10:19:39
korean,Is,39,8,2193,34b2ed3c0c1d661d5bb6fde7c572f98c0806ecc4,2026-07-29 10:19:40
jp,2 Chr,25,28,8250,1a06ae71515bb504f0f9822f5270d39b439fb387,2026-07-29 10:19:40
korean,Gal,3,29,6336,71efae4b4298de90357b2177acf1ffe992c4e142,2026-07-29 10:19:40
korean,Is,40,31,7030,6b0e5770d3b00e457998e2bec4b19605d85312f7,2026-07-29 10:19:40
jp,2 Chr,26,23,6294,42a21bfe1fe73eadc59993029c9cf3de4c72b457,2026-07-29 10:19:40
korean,Gal,4,31,6147,fee1f53674cbe475fed9c9b76a61cdfe8545b197,2026-07-29 10:19:40
korean,Is,41,29,6904,fe5748da2dfa4359ca1d83328c5efb83759b1355,2026-07-29 10:19:40
jp,2 Chr,27,9,2117,bf213ba35e7d38d189a1a6c49a42a16462c493a6,2026-07-29 10:19:40
korean,Gal,5,26,4863,6b5e48a87fd8fc903370403a6c9eb74efb97a9d5,2026-07-29 10:19:40
korean,Is,42,25,5708,45490cc4ac149e0dc87527fb3a93e81c9904fb16,2026-07-29 10:19:41
jp,2 Chr,28,27,7754,70f07c00308e55cca908908e04b6a9fe0d6b7702,2026-07-29 10:19:41
korean,Gal,6,18,3631,e9e44c63d7655df66c40c93cfb7084c6e20f83f9,2026-07-29 10:19:41
korean,Is,43,28,6407,5cbd95edbad32120dc39340002034f3980e9270b,2026-07-29 10:19:41
korean,Eph,1,23,4772,5c72468dc0086e648da2ef472b015261544422f7,2026-07-29 10:19:41
jp,2 Chr,29,36,9444,ccf4509688808071088a6c5764b815e0909cf0d2,2026-07-29 10:19:41
korean,Eph,2,22,4662,aac2f4b22b6174d7edf7aa28f6fc880f0b601072,2026-07-29 10:19:42
korean,Is,44,28,7271,cd9f8ac422ebe60389392ad5a19b8bbabfa4b7c8,2026-07-29 10:19:42
jp,2 Chr,30,27,7836,f77ce9ce8dfe238ba1c956ba7bea1ebd2ae56c1a,2026-07-29 10:19:42
korean,Is,45,25,6639,28d45f79de60bcd014c4e6c5ef741e7853869c08,2026-07-29 10:19:42
korean,Eph,3,21,4179,59cb42ca4c8889f88da43e2e793cf29745a12328,2026-07-29 10:19:42
jp,2 Chr,31,21,6102,78a1fdd1ef31460f57816cf76a82fd951a18303d,2026-07-29 10:19:42
korean,Is,46,13,3201,9767450716d7434c50fc41a42f8df5e1220decc0,2026-07-29 10:19:42
korean,Eph,4,32,6149,1676eedbfc915edf4a4cc8807ae23b3324b37e4a,2026-07-29 10:19:42
jp,2 Chr,32,33,9687,2c271bf5466ffb267166e4416724f14771d19bcc,2026-07-29 10:19:42
korean,Is,47,15,3924,19398ddbeec6fd7f809df60c16722d88fe83e979,2026-07-29 10:19:43
korean,Eph,5,33,5913,28a2d8761cc63c210d645b49f97fadca28dad30c,2026-07-29 10:19:43
jp,2 Chr,33,25,6522,d4a3c729d4010249c67d4bba5939048a7bfa7744,2026-07-29 10:19:43
korean,Is,48,22,5486,d1a42a85aaf85530d5edada00d26243abc85bed4,2026-07-29 10:19:43
korean,Eph,6,24,4635,00e793d9bd1881a6ddd094d540d7539d0b729150,2026-07-29 10:19:43
jp,2 Chr,34,33,9561,aaf76acf0dbc3200dbac6fa93a550cb574cc0444,2026-07-29 10:19:43
korean,Is,49,26,7050,40a7e14ed23bd230739bcfa3cb7b706a2b2d633a,2026-07-29 10:19:43
korean,Phil,1,30,6176,c53ff6fb8296494a076760f60fd39dc67bc6878f,2026-07-29 10:19:43
jp,2 Chr,35,27,8151,fadcc1e84d136a1f3856ae9037b9431e7a436f7f,2026-07-29 10:19:44
korean,Is,50,11,3156,dba011cb892a70c9405f61c6bfff0b15cbef427a,2026-07-29 10:19:44
korean,Phil,2,30,5953,a3a317b7eb0ab81f849c29bc989302d363cb021d,2026-07-29 10:19:44
jp,2 Chr,36,23,6223,8004ffa5f4610710bfafc8afe22f045ac5c62a4c,2026-07-29 10:19:44
korean,Is,51,23,6062,2d69233e3cbf7ce1a00580f5d63f33dd6a11a64d,2026-07-29 10:19:44
korean,Phil,3,21,4554,c954293a81a9e4d32198e82beff3f9eac4bd2bea,2026-07-29 10:19:44
jp,Ezra,1,11,3045,f8f808ced2dc26050f4a84aa5fd55084c0186d07,2026-07-29 10:19:44
korean,Is,52,15,3911,068e02b407aab1fc8b66a3f16189fce9a4b25005,2026-07-29 10:19:44
korean,Phil,4,23,4807,d1f72c68c2aae0685e7556da3f1ccf541094bbf1,2026-07-29 10:19:45
jp,Ezra,2,70,10629,5cf7883082065a72dab4aa16710b55f70039eae4,2026-07-29 10:19:45
korean,Is,53,12,3557,0339cb3e50448a9ecc114de2568dfb103ed25d70,2026-07-29 10:19:45
korean,Col,1,29,6263,b7d9704e746e134510ae01e585b5e6afb032ca24,2026-07-29 10:19:45
jp,Ezra,3,13,4213,f26299ad2f18e7362def8fdc46a8dc38517f8c56,2026-07-29 10:19:45
korean,Is,54,17,4288,b485a3ee440c9b1dc7ab86031ef1d05dc2cb50d3,2026-07-29 10:19:45
korean,Col,2,23,4806,deb508ccf00ce7bee4f811506dbc87ddeda92a9e,2026-07-29 10:19:45
korean,Is,55,13,3288,be9913195d5dd3ad9efe86002c21033ca104de7e,2026-07-29 10:19:46
korean,Col,3,25,4847,a0eb32989a0d52bcaa4403bf2d992d6849ac27e3,2026-07-29 10:19:46
jp,Ezra,4,24,6677,58c4fe7f1831e928e9c9914b8284e4dff81f95fd,2026-07-29 10:19:46
korean,Col,4,9,1879,866123f150c80f018e184db6f8c068538c0ac808,2026-07-29 10:19:46
jp,Ezra,5,17,5059,09fe21a2265e3e009850710129459a7de06cf1dd,2026-07-29 10:19:46
korean,Is,56,12,3061,bf29af19f000f8c55b0a9c937613ed32a32f3962,2026-07-29 10:19:46
korean,Is,57,21,5017,bbbf5606e8d53d65b4716a6ea611da64ebd2d81a,2026-07-29 10:19:46
jp,Ezra,6,22,6201,9f9d9d048e7a924c7e25e73cb67a2b027d5b325c,2026-07-29 10:19:46
korean,1 Thess,1,10,2523,abd664c38423ad35a28799d4be57bcad32fb0367,2026-07-29 10:19:46
korean,Is,58,14,4176,7feccacce8365f9bebfb4cbe1ec11d4d70b94599,2026-07-29 10:19:47
korean,1 Thess,2,20,4881,769ec735c57d3e33f108c6d655d48dcb1ad997b2,2026-07-29 10:19:47
jp,Ezra,7,28,7188,60eaefdc0c036900fb9223fee6fffcea5ab71b72,2026-07-29 10:19:47
korean,Is,59,21,5111,7e3d2bfb4ab08e4ed4109f0f4e1d7cbc9c493d65,2026-07-29 10:19:47
korean,1 Thess,3,13,3117,3548df22f85c86b6f4b2e8367c827f0d3641fc21,2026-07-29 10:19:47
jp,Ezra,8,36,9182,86ec142b18b8e76079233222e920eb3f2248b5fe,2026-07-29 10:19:47
korean,1 Thess,4,18,3905,739128d6129d2884dfb348e4226b17a0fc351eeb,2026-07-29 10:19:47
korean,Is,60,22,5459,637a4ac029e038d7f447e39c4bed5b6b1be5a6a0,2026-07-29 10:19:47
jp,Ezra,9,15,5310,6b9ce1feabf684ea68a4d75a9999e79eab238556,2026-07-29 10:19:47
korean,1 Thess,5,28,4949,b8d2768068cb848345292af20ae55fc4ff3b4bc7,2026-07-29 10:19:48
korean,Is,61,11,3136,524614dba1b41d8b29c558e12be16029caf38b01,2026-07-29 10:19:48
jp,Ezra,10,44,9734,91fdd7e0ad342188d47e013a0662b068e6f45e4e,2026-07-29 10:19:48
korean,2 Thess,1,12,3028,ab69902f1635f58b7cfd31113f5564d9f83b8e60,2026-07-29 10:19:48
korean,Is,62,12,3153,460f60879793f3e880c615b238d6a1d8309955fb,2026-07-29 10:19:48
jp,Neh,1,11,3338,97daa2c23a6c0b7b216a516afbf9f72d826b5867,2026-07-29 10:19:48
korean,2 Thess,2,17,3810,9015046ef8131f68b0197861603dc386547c7780,2026-07-29 10:19:48
korean,Is,63,19,4768,2803ccb7236e16c435786fba841c4857aa8ac54b,2026-07-29 10:19:48
jp,Neh,2,20,6252,eec3f37ea6238a2fe0381715330e08472e48a555,2026-07-29 10:19:49
korean,2 Thess,3,18,3794,4b7386c97f72c175ec91a5f335c24ebcca7c4de3,2026-07-29 10:19:49
korean,Is,64,12,3059,aef67209b744e1bb66c4194c5994d3da8233034d,2026-07-29 10:19:49
jp,Neh,3,32,7821,96b93d490f7e719f2d649ec8f1bbe9bfeab1b8ed,2026-07-29 10:19:49
korean,Is,65,25,6545,820e087c39e6bf33b4dabf1c87d0ac642b905959,2026-07-29 10:19:49
jp,Neh,4,23,6108,e988f53fbda6d303b428433fe000cbf61ef03249,2026-07-29 10:19:49
korean,Is,66,24,6682,ad0c11083a6c958ec45478f89d2ed0076876a007,2026-07-29 10:19:50
jp,Neh,5,19,5907,1736f68f16fe1f59192297d66d2564527042d612,2026-07-29 10:19:50
korean,Jer,1,18,4044,de4103d8c9e41b11f066687bc4cf10dd7e1cf268,2026-07-29 10:19:50
jp,Neh,6,19,5841,de2164ae344eba7b491aa2c5141384863e7dca01,2026-07-29 10:19:50
korean,Jer,2,37,9075,0f6f11bb15911494aab37586a945ef59bd3c0eef,2026-07-29 10:19:50
jp,Neh,7,73,11841,00299db5625d5805b772ddee9567642b2a63c95e,2026-07-29 10:19:51
korean,Jer,3,25,6878,fd37c840bb4da6c4033e7807b4c746993b3f37b8,2026-07-29 10:19:51
jp,Neh,8,18,5454,25feaec40d2cf5fd66346128a6e0710cdf32b9a6,2026-07-29 10:19:51
korean,Jer,4,31,7336,bfe3bbb0cc04ec873d5b202af4fcf047bdc0ad8c,2026-07-29 10:19:51
jp,Neh,9,38,11785,2fc25029de6d389bc38ab0efa07b0b062d50b506,2026-07-29 10:19:51
korean,Jer,5,31,7455,244f33d11116d057b37c5d1029e5f929d8d4bfde,2026-07-29 10:19:51
jp,Neh,10,39,7312,20eecee00eb7fe91b43bf06252d09069751d14fb,2026-07-29 10:19:52
korean,Jer,6,30,7128,1ebf0c37b0d3fe938d44786084aa858d6395f61f,2026-07-29 10:19:52
jp,Neh,11,36,8306,bd870744234b0cc3eda5ece64f99e59914e0daf3,2026-07-29 10:19:52
korean,Jer,7,34,8025,8fc5ede04294e1fb2ded715cae40831fd7763db7,2026-07-29 10:19:52
jp,Neh,12,47,10297,41a499cde2875b78ea008e87309ba487504a3e8f,2026-07-29 10:19:52
korean,Jer,8,22,5803,e0560df2366dc6ee916ed35aadb2fc4d5cc21234,2026-07-29 10:19:53
korean,Jer,9,26,6516,4119b93680afd02ad2bb0d8d36cd6bf2dfc72ace,2026-07-29 10:19:53
jp,Neh,13,31,8871,4a29e2213d48c5094a741467d110a6ef517f92e0,2026-07-29 10:19:53
korean,Jer,10,25,5718,41cd0377e54edced23b0f472f94079ab3c6e5f23,2026-07-29 10:19:53
jp,Esth,1,22,6087,30752528df93d3b950ddfd30868342fbdc0a11e1,2026-07-29 10:19:53
korean,Jer,11,23,6094,6b05cf5f07ed5bc24e44c0ccf84b0d436cd1077c,2026-07-29 10:19:54
jp,Esth,2,23,6931,faf764774253d4ca0b28b95dd92ace701f010817,2026-07-29 10:19:54
korean,Jer,12,17,4429,9056daf7d50c97a8a9494657c08a5cd0a8bce5a3,2026-07-29 10:19:54
jp,Esth,3,15,4835,4e8639bed1843f6c6b63d9106fcf0c7f213237a4,2026-07-29 10:19:54
korean,Jer,13,27,6197,8d9252f0dd98861deb5cf4b1260c9fd299a55f39,2026-07-29 10:19:54
jp,Esth,4,17,4816,d7eb8b68384adefcbee2c899a92ac06b31c80c76,2026-07-29 10:19:54
korean,Jer,14,22,6017,f0027cbdb649423b06e16643bd4e6fd40768826b,2026-07-29 10:19:55
jp,Esth,5,14,4072,986ca61f5e44d5ec64dbea2ad99059d4fdda3a60,2026-07-29 10:19:55
korean,Jer,15,21,5688,8d8213985d5c4b1980312da36e51d06af4aff955,2026-07-29 10:19:55
jp,Esth,6,14,4228,7ac57d3cfce1924314e27320e51548520ab00e25,2026-07-29 10:19:55
korean,Jer,16,21,5485,5f6d095e0f9a8d83861aebaa6449afa4ba9210d1,2026-07-29 10:19:55
jp,Esth,7,10,3150,5bc89296d584550e8722236f177642b01062d6ce,2026-07-29 10:19:56
korean,Jer,17,27,6545,e07a28f408a1d2f4fce94d96326cee4e6bb68a8a,2026-07-29 10:19:56
jp,Esth,8,17,5431,c8992ea2116dd6fd700af626e2fb0a3167665e77,2026-07-29 10:19:56
korean,Jer,18,23,5744,58d00271f1fd03630e0e4807e7c412c041f0d004,2026-07-29 10:19:56
jp,Esth,9,32,8327,ab94bcb706edc51f60ba84e17698d94a138c4119,2026-07-29 10:19:56
korean,Jer,19,15,4083,05de77b923121eafda5f9b834fdcb4a7deec02a1,2026-07-29 10:19:57
jp,Esth,10,3,999,d1ee8dc9c3643b62dde985335e2424a9281110d5,2026-07-29 10:19:57
korean,Jer,20,18,4946,1e849018a1bcb878fed41500ce71b60258510277,2026-07-29 10:19:57
jp,Job,1,22,5695,db26e6aecae8b17be46c546e53f9a9b1855fd2a4,2026-07-29 10:19:57
korean,Jer,21,14,3896,6469daee6ab8f8c5f0cd1d16e18f8cf0de62db29,2026-07-29 10:19:57
jp,Job,2,13,3693,1d3233d95fb89e70e8f93e85c00dccbcdd7a17c3,2026-07-29 10:19:57
korean,Jer,22,30,7160,048365fcc4d63140a0a0ce750223514c6ccba0ed,2026-07-29 10:19:58
jp,Job,3,26,5172,55ceb64a039ef574196db2c099268bf4df40ab6f,2026-07-29 10:19:58
korean,Jer,23,40,10277,6d589f05a4da4ea021525f95ae1ee2efde5e4ec0,2026-07-29 10:19:58
jp,Job,4,21,4241,bfce5a8ce8351881a592a4de3c3b3fd7761b0cc7,2026-07-29 10:19:58
korean,Jer,24,10,2758,ed7f35deb49886c8882681483ae8e627885cf0b3,2026-07-29 10:19:58
jp,Job,5,27,5216,1796be739d30097839dc427f404eadb0deced4f1,2026-07-29 10:19:58
jp,Job,6,30,5995,0a34f174b4b8dce689e34bdeea48d6df0c2af36e,2026-07-29 10:19:59
korean,Jer,25,38,8834,19993f72a40bbbac455047826a42bd8a6d24a285,2026-07-29 10:19:59
jp,Job,7,21,4416,78614ea700ec944fb620773a030ccc9f11502839,2026-07-29 10:19:59
korean,Jer,26,24,6230,1c31084585d675672e2302a21af79ead2c8e1d89,2026-07-29 10:19:59
jp,Job,8,22,4178,c8eab5d17b004d87fa32dc88d9cdc0ff9501ee2c,2026-07-29 10:20:00
korean,Jer,27,22,5860,c1931438f87f75ed9277e95573f0838c398dce6f,2026-07-29 10:20:00
jp,Job,9,35,7036,40d40d2e0c61de73209065a551a9b25c4eeac438,2026-07-29 10:20:00
korean,Jer,28,17,4289,6438577564a87fab18e4cb5368a020fbbd6ba4fb,2026-07-29 10:20:00
jp,Job,10,22,4832,2fc3bb75d0f57fe105d7a8e49cf6c92f735e588c,2026-07-29 10:20:00
korean,Jer,29,32,8250,5178a1ad7501fa71adf538487252dab093b6626b,2026-07-29 10:20:00
jp,Job,11,20,4125,aefc45e1132ef317e462398811afbc12980e82eb,2026-07-29 10:20:01
korean,Jer,30,24,5876,3495eaf07ff271c8f35f49aed8e364e34f2c712b,2026-07-29 10:20:01
jp,Job,12,25,4636,80f3d661144d431d547fb3ab5d2e632dca420136,2026-07-29 10:20:01
korean,Jer,31,40,10324,c8c7af843c6fb23121cdfa3bb39e985d1d4277fb,2026-07-29 10:20:01
jp,Job,13,28,5773,7d9ab33d6fbe88a55de8574689691b804d128230,2026-07-29 10:20:01
korean,Jer,32,44,10679,19d67ad71a81db6a9ba75d70682e35b7d8a10f6b,2026-07-29 10:20:02
jp,Job,14,22,4383,7214882a140e3566578be3748e25d60f2b529222,2026-07-29 10:20:02
korean,Jer,33,26,6603,03c46d8a9cd5ebbbf630d20ca26d1347e494ab5f,2026-07-29 10:20:02
jp,Job,15,35,6700,b26bfcf4e06cf0362cccbad48151cb25bb2178c4,2026-07-29 10:20:02
korean,Jer,34,22,5867,328e7b257b74bb7cabeab3dc84d365f37d3431ca,2026-07-29 10:20:02
jp,Job,16,22,4707,b165cb5125e093403fb4d57ccb5eb9ecf6dd7119,2026-07-29 10:20:02
korean,Jer,35,19,5162,56ea327ba51d698a7a763396e565007acade336b,2026-07-29 10:20:03
jp,Job,17,16,3218,6c1d7ea74b59b9052f4935588de3679bf9674382,2026-07-29 10:20:03
korean,Jer,36,32,7992,ba19520c4914339d53be7e28d49b486757b405a8,2026-07-29 10:20:03
jp,Job,18,21,3775,f64ddc8d982eb61386a447559d6427fd5276129e,2026-07-29 10:20:03
korean,Jer,37,21,4977,9414d894792005f611400ee1c2e7afbe4c4a32ef,2026-07-29 10:20:03
jp,Job,19,29,5909,1f9ed3ff55c9f1ca370b7d4c742fe7a07cbe1b36,2026-07-29 10:20:04
korean,Jer,38,28,7556,d37dda8c8eb69ddfd370a4d4c97baec8aee16489,2026-07-29 10:20:04
jp,Job,20,29,5652,2b64e4db0baa6d7f9f58ba411b197075ea6c8e0f,2026-07-29 10:20:04
korean,Jer,39,18,4144,a82af18e0c6a49596130082a4b677f28362a88ad,2026-07-29 10:20:04
jp,Job,21,34,6672,5b4529703ef2492309d635697e99ede038ffdccf,2026-07-29 10:20:04
korean,Jer,40,16,4992,d66b22e8cd829a6dbb3976779102736e8a6992c9,2026-07-29 10:20:05
jp,Job,22,30,5721,0cdab136c76214771569b70cd284d9076d6d2a4a,2026-07-29 10:20:05
jp,Job,23,17,3486,281b781b9fce42d20fd5742a2c4c536883fc7c66,2026-07-29 10:20:05
korean,Jer,41,18,4649,d1c3183f55e5134f8b405f680aa57b4b6d515bba,2026-07-29 10:20:05
korean,Jer,42,22,6046,49d6a5959b3d03673befc028dd0eb1127e1de4ce,2026-07-29 10:20:05
jp,Job,24,25,5054,3e0d3e4ba2173ac3161be55c7c93fa460f859fe0,2026-07-29 10:20:05
korean,Jer,43,13,3477,c6392418104634fc336e3c1f617804f4f72adde1,2026-07-29 10:20:06
jp,Job,25,6,1186,cc255aa7c392643749a252e4756e1f58fe10d541,2026-07-29 10:20:06
jp,Job,26,14,2635,0c7542cb43111d22ea5fa1d20e4f48753c282cfa,2026-07-29 10:20:06
korean,Jer,44,30,8740,f89621115d1485dfa4fcfc9bb7a2d93789848f39,2026-07-29 10:20:06
jp,Job,27,23,4339,8d9989e579ec677de5b890ab2e68f7d96af95524,2026-07-29 10:20:06
korean,Jer,45,5,1535,2e97739f6db2c4a718e707e03e33844430308333,2026-07-29 10:20:06
jp,Job,28,28,5140,55b3d27f8cc9c71ba162f24c54453f03c33313a5,2026-07-29 10:20:07
korean,Jer,46,28,6534,ac067855a49a76ed9eef9152a8e6a7f5ec6ecdc9,2026-07-29 10:20:07
jp,Job,29,25,4973,272847d472e477a2eebcc697f11b24b40cea80e2,2026-07-29 10:20:07
korean,Jer,47,7,1854,6dfb6631ed2655196cf616ee53d2fdcea83518ec,2026-07-29 10:20:07
jp,Job,30,31,6147,87e30d43527ab8c40d38fb7c4ce4cdc214fb8297,2026-07-29 10:20:07
korean,Jer,48,47,10270,48d40f134b6e3b5b911438e20b6a23960e810d13,2026-07-29 10:20:08
jp,Job,31,40,8379,a0dbb87486b1fa814438386c77b8b0de23622472,2026-07-29 10:20:08
korean,Jer,49,39,9796,fa1cb4a028ef999ad1f5fa53c4e7f72814196cb9,2026-07-29 10:20:08
jp,Job,32,22,4979,1e46e3fb2c35f4bf006284a42e5bd46709af9442,2026-07-29 10:20:08
korean,Jer,50,46,11385,cec10af15d34dfb541e6990ec83618f43173bc0a,2026-07-29 10:20:08
jp,Job,33,33,6490,4ea927437a5fad6cce0e58b1a5cee054cd2acb5d,2026-07-29 10:20:09
korean,Jer,51,63,14373,ca4320f947501ffaf47c6a72122cde8f62ca4ce4,2026-07-29 10:20:09
jp,Job,34,37,7479,669e6c830010e96b86cd443d53e419f1bfa939c0,2026-07-29 10:20:09
korean,Jer,52,33,6977,e368afa8c3794a89de6025afe95d768bf2f69344,2026-07-29 10:20:09
jp,Job,35,16,3198,0a952e25743006449adb25dd5e5073d18a10de2f,2026-07-29 10:20:09
korean,Lam,1,22,5987,364bdee89ef7d25550b1ae7150b780ab9d6cccb7,2026-07-29 10:20:10
jp,Job,36,33,6262,076773baeb809a3727c28a8a31fcfe12f4324dcf,2026-07-29 10:20:10
korean,Lam,2,22,6350,7042f464ffb23b22c08a54b4c968434b6b875ebd,2026-07-29 10:20:10
jp,Job,37,24,4675,945c472e1b31d838765505d0b561ac03c6db1bcb,2026-07-29 10:20:10
jp,Job,38,41,7408,d559351f04d87769b033842a8ce8adb7c93c48a7,2026-07-29 10:20:10
korean,Lam,3,66,9731,8b8b31bedfb38c47df20495bea47983bc195f302,2026-07-29 10:20:10
jp,Job,39,30,5738,932513da7e4c7bf0818f56519070b417ef224ae6,2026-07-29 10:20:11
korean,Lam,4,22,4891,d9e3c6b6c4ef5640045bed783978788202219352,2026-07-29 10:20:11
jp,Job,40,24,4531,1ba9a225831fdbc5b3a2f7aa5d1c4a8a85ce5f67,2026-07-29 10:20:11
korean,Lam,5,22,3667,402bf81bbcfb486ea1989514fdae1544b6a2f021,2026-07-29 10:20:11
jp,Job,41,34,6469,5519c96bbc3c54b33789d7976931c9889679dbef,2026-07-29 10:20:11
korean,Ezek,1,30,6332,1c0b7290a042436a13eee9ef9d555a74cb632a8d,2026-07-29 10:20:12
jp,Job,42,17,4090,3068a7c118966a4caf76169fafdee8bdf6951d88,2026-07-29 10:20:12
korean,Ezek,2,10,2340,e5afbaba000dde1bfaf6cfbe57561f420d11793d,2026-07-29 10:20:12
jp,Ps,1,6,1364,69801bd370da1549be7e42f2b68096342585a10c,2026-07-29 10:20:12
korean,Ezek,3,27,6456,3b87da4657858fc1878874d879d9dc691f00427a,2026-07-29 10:20:12
jp,Ps,2,12,2593,5f3c050add68eb71a5c073fa627eb1b26384d35f,2026-07-29 10:20:13
korean,Ezek,4,17,3616,4afec33171c90fec4ea6e3be982dad0022b123bc,2026-07-29 10:20:13
jp,Ps,3,8,1768,d6adf238a4e944939b596edc65d5d58097998e58,2026-07-29 10:20:13
korean,Ezek,5,17,4364,b0d1ccb8a9ea391a71ea29081a09ffd58d596c37,2026-07-29 10:20:13
jp,Ps,4,8,2107,29a1742ba6c763aa80deea15bc4b44772a5e8343,2026-07-29 10:20:13
korean,Ezek,6,14,3604,2a4a6e4900ecfc7eee6778865523daf91ffc5176,2026-07-29 10:20:13
jp,Ps,5,12,2978,56ef907d8afc9cc34c4592a7c41b470aeaa3f64a,2026-07-29 10:20:14
korean,Ezek,7,27,6330,e5403a44d57f02a49159d23db18766128ee09de4,2026-07-29 10:20:14
jp,Ps,6,10,2300,19c36f653ab9c5b1dd4bbbec437690ca6eed9229,2026-07-29 10:20:14
korean,Ezek,8,18,4627,9affc5a347a4c351bf5940cf5bddce94f06d4f14,2026-07-29 10:20:14
jp,Ps,7,17,3606,71e5e6ce9d5ceba329ef50f266518f3dd9e11bc5,2026-07-29 10:20:14
korean,Ezek,9,11,3135,a1a72d3ce25ea248c9adf8f9b6633c3001a14ec3,2026-07-29 10:20:15
jp,Ps,8,9,1880,70f5ef9d9ba5ee724778bf2187aa52b0c8c93058,2026-07-29 10:20:15
korean,Ezek,10,22,4758,cf383770a4fac13bfd8402468931c7f603fd6eba,2026-07-29 10:20:15
jp,Ps,9,20,4298,b6453252dc31e05e2a7a8a1616a31306fa22f846,2026-07-29 10:20:15
korean,Ezek,11,25,5746,e49fc7d03aa5b3a0848d5216552f628a9fd83c27,2026-07-29 10:20:15
jp,Ps,10,18,3996,ecdc71c26f047ccbc70222d384266b35067b0e09,2026-07-29 10:20:16
korean,Ezek,12,28,6416,12264d38c0452212fb178a31bf4fb6763378c326,2026-07-29 10:20:16
jp,Ps,11,7,1642,0326909023de25a4a15997e4d8d77342259a38ec,2026-07-29 10:20:16
korean,Ezek,13,23,5950,dadb02d2c9113b13ee742f21b5930042bc6dfa39,2026-07-29 10:20:16
jp,Ps,12,8,1895,651c0b5724e73354aceddfd01b4b633eca540b9a,2026-07-29 10:20:17
korean,Ezek,14,23,6029,3c42b91cf99177e7b32ef5bb239203aa6419b344,2026-07-29 10:20:17
korean,Ezek,15,8,1863,57f5374ade35c33b5c5fd70052a67f08ec5d7119,2026-07-29 10:20:18
jp,Ps,13,6,1567,6c45433c06fbb9868632632d582136d07995fcc0,2026-07-29 10:20:18
jp,Ps,14,7,1676,c5e052c9e7fddf00125fab6dfd7d3ee6aa9bc376,2026-07-29 10:20:19
korean,Ezek,16,64,14451,d8670d438adec75df97c4b54f5ce25687edd3fe9,2026-07-29 10:20:19
jp,Ps,15,5,1271,6c5988376a152ab96e30eb02e16f0dfce329ebd8,2026-07-29 10:20:19
korean,Ezek,17,24,5906,fb408fb7bc35ce323b1d9a4ba9e5fa36e32af1e1,2026-07-29 10:20:19
jp,Ps,16,11,2440,5ee4b74572382ae4e76e8ca54ce609cf2c1b3d20,2026-07-29 10:20:21
korean,Ezek,18,32,7632,267c3d55f6be6673f1e33856e066cc9db65264ea,2026-07-29 10:20:21
jp,Ps,17,15,3654,d17272a6d794941da4c7dabbf4299dde3603bc6e,2026-07-29 10:20:22
korean,Ezek,19,14,2920,e1ec332d9f092979606e954113ab15e93cd22c45,2026-07-29 10:20:22
korean,Ezek,20,49,12669,579c3f2e25fb0dfe5669290e798b5e928fb3e27a,2026-07-29 10:20:22
jp,Ps,18,50,10354,6762b5e34b2cf1562cdb002f0a2d6b27e4e15a7f,2026-07-29 10:20:22
korean,Ezek,21,32,7337,ac11dbd30e72ea0676d8d72ccdd7973ed779dfc9,2026-07-29 10:20:22
jp,Ps,19,14,3193,b5cb878d2b6cb9f3df50f82f55e74070de0635dc,2026-07-29 10:20:22
korean,Ezek,22,31,6991,2cc839095f513419910fac9178a10eb8bca24fe8,2026-07-29 10:20:23
jp,Ps,20,9,2067,71b24a5e39330fbcd8948554bc90c4b5a1f4f351,2026-07-29 10:20:23
jp,Ps,21,13,2915,06d2b3893860684da480423b57be3fd52bf41c82,2026-07-29 10:20:23
korean,Ezek,23,49,10646,776c0e0ce5be74d7606bd97b40663aa5dcae524d,2026-07-29 10:20:23
jp,Ps,22,31,6613,4c0745c0ce86a4c6d399d5cbaa14e0a785119e69,2026-07-29 10:20:24
korean,Ezek,24,27,6207,abe5668c6e3102af807cc9521377c7e727709ce0,2026-07-29 10:20:24
jp,Ps,23,6,1477,99bed0a3679f70f6f294016a8637229d7709f5ae,2026-07-29 10:20:24
korean,Ezek,25,17,4178,1b0a19c9aa8b641a2dd78842dca82b3d027abdc3,2026-07-29 10:20:24
jp,Ps,24,10,1977,1f16f44fc6ee9f0dfbb57aa91922ed5df703272e,2026-07-29 10:20:25
korean,Ezek,26,21,5334,647b8769e011f607108bd78a36caa1e1d793b121,2026-07-29 10:20:25
jp,Ps,25,22,4615,f8aac392b48f102454d1f01164813ce6d040fd91,2026-07-29 10:20:25
korean,Ezek,27,39,8115,aa0edc663d99b1d075403e4731327cdb42223e9f,2026-07-29 10:20:25
jp,Ps,26,12,2458,3fdf3434fa1ccefbdbf669d844fe41768c38f64b,2026-07-29 10:20:25
korean,Ezek,28,26,6323,a82420b49f6a8f2b08d883b005062421ca676bad,2026-07-29 10:20:26
jp,Ps,27,14,3714,98237d54f40661c35b3f6710a25bea8a07674a09,2026-07-29 10:20:26
korean,Ezek,29,21,5265,2887ffdbcc20a2cc3d2eb2183ed76302b322e6b8,2026-07-29 10:20:26
jp,Ps,28,9,2442,446e58e77eada81503b8ec0a2f8658da3f3d29c4,2026-07-29 10:20:26
korean,Ezek,30,26,5880,c6b0900e4958c3b9db20aea79a76ab339fc99161,2026-07-29 10:20:26
jp,Ps,29,11,2028,1c6439c5abb6895f68a5476033413bada5d95281,2026-07-29 10:20:27
korean,Ezek,31,18,4952,d975b8672630d5846b191e0340d4bdda58f587e3,2026-07-29 10:20:27
jp,Ps,30,12,2952,bf3edd2ae42d3851f800ac9909580d5595201bd3,2026-07-29 10:20:27
korean,Ezek,32,32,8336,7ea5be475d4d9a3e8b9846f3e5c209ad1db4c194,2026-07-29 10:20:27
jp,Ps,31,24,5888,7162306cdee60bcbc49d6ba8138afe785dac44bc,2026-07-29 10:20:27
korean,Ezek,33,33,8587,be848c380e8982cc0832143535fdcf29187f0b17,2026-07-29 10:20:28
jp,Ps,32,11,2725,b75cfc4d4eb110160058250c2080e293a88ecd3b,2026-07-29 10:20:28
korean,Ezek,34,31,7446,86fbae4c8523977803154fe03f132ad25bfa0684,2026-07-29 10:20:28
jp,Ps,33,22,4063,196e4cd76dc5fe0ce48ba0cb8ae4f3afef9be757,2026-07-29 10:20:28
korean,Ezek,35,15,3454,1cc1a9183e1b0e7a71f7cbd3812e44597ee1151c,2026-07-29 10:20:29
jp,Ps,34,22,4136,32e3e11e2fe5f3e4bc6116c530a9a7008cde2b1c,2026-07-29 10:20:29
jp,Ps,35,28,6576,6c1695687be33fefbedaf65b0e2adeb7283308bc,2026-07-29 10:20:29
korean,Ezek,36,38,9420,434c6700c73031a183efd9b0f1db4a5f8eac9612,2026-07-29 10:20:29
jp,Ps,36,12,2590,579186e987c794335d6477c3be1e8a11454a6343,2026-07-29 10:20:29
korean,Ezek,37,28,6811,3a7a0987c59b83889b6d4e786faee5bc8e3b8dd2,2026-07-29 10:20:29
jp,Ps,37,40,7754,af614a5068484cd9f956be1349bfa29e93748fc4,2026-07-29 10:20:30
korean,Ezek,38,23,5674,931616bc6d5094976b42d7965e42b4e792b80e72,2026-07-29 10:20:30
korean,Ezek,39,29,7104,dd3c76ae8d09249f10f699c7b6dd86948fb6180e,2026-07-29 10:20:30
jp,Ps,38,22,4548,71db4aed7e5757dcdf28086075b88a6324e35755,2026-07-29 10:20:30
jp,Ps,39,13,3405,fe682d40fa8ec3b58620f673f261d4cb307b5849,2026-07-29 10:20:31
korean,Ezek,40,49,10758,c2acf89b3f69628d4ee0cacb4beaef2f7e11cdf7,2026-07-29 10:20:31
jp,Ps,40,17,4641,eb1c51cc23aa141d2bdbad7e07a13748f4d2e2d3,2026-07-29 10:20:31
korean,Ezek,41,26,5446,aade2ebeb6ae18ec9e0c3b89a10dde708a4c01bb,2026-07-29 10:20:31
jp,Ps,41,13,3047,5f1ef60d15974247edf3b47c8ccd30548bb782dd,2026-07-29 10:20:31
korean,Ezek,42,20,4121,f8473f1545d1f8765836df6f4af2918e79ff4862,2026-07-29 10:20:31
jp,Ps,42,11,3070,f8402ca6cb5434679c216a4a637813f7d1670ce4,2026-07-29 10:20:32
korean,Ezek,43,27,6587,ff597cab8048a3639da6e79fcbd3e2fc7cca2db7,2026-07-29 10:20:32
jp,Ps,43,5,1581,f84a728c900b3ec6441119487336033d6527286a,2026-07-29 10:20:32
korean,Ezek,44,31,7550,f7f71aa6e729494875448ac1f48aaaabfdd9abaa,2026-07-29 10:20:32
jp,Ps,44,26,5752,452f64ba0b7026273152c62b010854495bcbd2d0,2026-07-29 10:20:32
korean,Ezek,45,25,6200,2bc980f7cc4556b26ed3d67a29c9bc27cbdb1e51,2026-07-29 10:20:32
jp,Ps,45,17,3801,3895035dc5d8774094369351db127d490204afd0,2026-07-29 10:20:33
korean,Ezek,46,24,6009,f6fbcd9b3bbc3a3d3618807dcc2860f9f525a08c,2026-07-29 10:20:33
jp,Ps,46,11,2327,e38922cc949eda6454a7b1a8b1be4535fb94a1ff,2026-07-29 10:20:33
korean,Ezek,47,23,5583,550e229ca4b3e72fd9a8c319309a4f7e7a59bed8,2026-07-29 10:20:33
jp,Ps,47,10,1933,71769ec43b35f32165a164e6840fc73762a003ef,2026-07-29 10:20:33
korean,Ezek,48,35,7836,d124cd064bbc757a1519529c0c44f4ea0fd5378a,2026-07-29 10:20:34
jp,Ps,48,14,2860,250daa1af0954ffb7cd1cf707850d6bb6335a085,2026-07-29 10:20:34
korean,Dan,1,21,4799,a98ce88866aa5a8e7acf108e97721cf177f3ed6a,2026-07-29 10:20:34
jp,Ps,49,20,4080,7d2da1e16ecf3bd7fbaadb6c9a4fcbfdc6455dc1,2026-07-29 10:20:34
korean,Dan,2,49,11862,9e448f427a8b30c761a041c9ecf5f411b56a9e50,2026-07-29 10:20:34
jp,Ps,50,23,4767,ee70d0b03427b75f7c56c464c59978c4ab700c9d,2026-07-29 10:20:34
jp,Ps,51,19,4400,48a7ea93558f0cca158b81180990f884503be1c9,2026-07-29 10:20:35
korean,Dan,3,30,8027,9d910a223235c1ac63f45fd8ff1549e3aace7064,2026-07-29 10:20:35
jp,Ps,52,9,2019,79c7db51459a97f0119ee41e0461f3a0cc342dcb,2026-07-29 10:20:35
korean,Dan,4,37,10127,6f39dc5d94e49b52e60f98152f0f1c5d0e7cd893,2026-07-29 10:20:35
jp,Ps,53,6,1580,51d3e09cca0296519ec687774c6db6b47143ad3b,2026-07-29 10:20:35
korean,Dan,5,31,7881,4472f4537651f5bef467390eaeed461cd7c95dee,2026-07-29 10:20:36
jp,Ps,54,7,1616,66b7f1ff218915573aa84cf09d8e4a7fe2e2f058,2026-07-29 10:20:36
korean,Dan,6,28,7461,0b02ea41822bef46d66b0ff24154b4c84a472272,2026-07-29 10:20:36
jp,Ps,55,23,5139,9f0c005f32b890b2c85f76f93acde9317eceb525,2026-07-29 10:20:36
korean,Dan,7,28,6934,ffeb492c07b8bee913654646223f996bc9b634d3,2026-07-29 10:20:37
jp,Ps,56,13,3063,43375e38713bbb1ee6e8d6ce4235e86acdca0fd0,2026-07-29 10:20:37
korean,Dan,8,27,6364,ccd5169184352b3da347a78a9eb99d5affe47382,2026-07-29 10:20:37
jp,Ps,57,11,2767,8e6bcd15eec78483b4fffb36b056cdd40a3b31fd,2026-07-29 10:20:37
jp,Ps,58,11,2392,34aaa16a3dc91d4d63a30143a1d13ef34e898629,2026-07-29 10:20:37
korean,Dan,9,27,7876,463bc897507ceabe8f444a9158d3e1cd41b6b818,2026-07-29 10:20:37
jp,Ps,59,17,4216,5ec56e4934b0b10c82dcaad89fdbb1e2a157ddfc,2026-07-29 10:20:38
korean,Dan,10,21,4981,aa4c19c95427eb17e391a458330486d4fd1ac096,2026-07-29 10:20:38
jp,Ps,60,12,2808,e01ff3faaee5df0f899fa0054ace19df458cee8f,2026-07-29 10:20:38
korean,Dan,11,45,11202,ee5ba75f142e0889b386744d015cb7351a979456,2026-07-29 10:20:38
jp,Ps,61,8,1848,7a7204df34101117274bbf5769f9608c169b69f9,2026-07-29 10:20:38
korean,Dan,12,13,3189,40f3edcc08ee5035190cca31cb6f05f40ede0f16,2026-07-29 10:20:38
jp,Ps,62,12,2742,cff7d3f6ee6683e41d1ba5ffbc60857e5d649a4c,2026-07-29 10:20:39
korean,Hos,1,11,2902,280da450fd9bf964ee9b225983a6a2138cda87da,2026-07-29 10:20:39
jp,Ps,63,11,2440,d74fff9bf903a02bcad2670e05b0aad5c6af7f85,2026-07-29 10:20:39
korean,Hos,2,23,5440,ecc0266516587d916f7628d38d9cec4d704d4c9f,2026-07-29 10:20:39
jp,Ps,64,10,2294,94eba261bc572030d29fdeecb8b95b3140afd220,2026-07-29 10:20:40
korean,Hos,3,5,1371,df72c94a76100b0549ee59f424430b52d9a78863,2026-07-29 10:20:40
jp,Ps,65,13,2996,be1a21df42683db049630001230b18449f8370eb,2026-07-29 10:20:40
korean,Hos,4,19,4300,8a0fc5e20fa77b33b1e6b93222f1a32180aebe48,2026-07-29 10:20:40
jp,Ps,66,20,4064,01bcc0ba591e45d3a3ba3ba886e348c1c161557e,2026-07-29 10:20:40
korean,Hos,5,15,3542,37a6b3eeb4dd9f80c05ab025d7a13cdd623a2a46,2026-07-29 10:20:40
jp,Ps,67,7,1720,3c0b06d09c1dc0b5bc0cabc196183a8efc7f4527,2026-07-29 10:20:41
korean,Hos,6,11,2382,bde579803e3f7d3562128d40e6ba075733d0c3b4,2026-07-29 10:20:41
jp,Ps,68,35,7504,4e40b540c82aacc954e1021cd687279230fcf3ce,2026-07-29 10:20:41
korean,Hos,7,16,3770,7ae9d1eaf23dcf94234e75f7bd57a739e79173c9,2026-07-29 10:20:41
jp,Ps,69,36,7986,99e923a068ddd7c8160986c8d216b961a9b26f76,2026-07-29 10:20:41
korean,Hos,8,14,3306,46aed5ec9a14b7b788fcd632f98e128de26e5d39,2026-07-29 10:20:41
jp,Ps,70,5,1445,18fd11dfa0655582847562df400093f54ee66a91,2026-07-29 10:20:42
korean,Hos,9,17,4323,840b7e3446166fa979aab21d9f427323bc954bb8,2026-07-29 10:20:42
korean,Hos,10,15,3688,25b118be36ae9dc0a6b63c9cdb0b1450164c66d7,2026-07-29 10:20:42
jp,Ps,71,24,5616,aefc257540d9dfd5ac7d38ed61fd26f604be1d8d,2026-07-29 10:20:42
korean,Hos,11,12,3084,87f9ecff421f0257027c9a4d53d0d5d1240b63bb,2026-07-29 10:20:43
jp,Ps,72,20,4027,e543deeeed19fcc2d9f7b047ccdcf21804a804d6,2026-07-29 10:20:43
korean,Hos,12,14,3065,f035b6f78c01837ab3e878419a53019a2737b991,2026-07-29 10:20:43
jp,Ps,73,28,5397,ba8e0e2cb30ac3e0df1793fb8f54572f93c854b7,2026-07-29 10:20:43
korean,Hos,13,16,3773,a0bf7512be50eca342e96e6ea668a5ef3295f697,2026-07-29 10:20:44
jp,Ps,74,23,4961,cf85efee0742b1b928fda6dc17472a058ee5b99a,2026-07-29 10:20:44
jp,Ps,75,10,2117,2e476368943841e849916abd9002294532f7ea02,2026-07-29 10:20:45
korean,Hos,14,9,2396,f3a162fffea87680ab4f80023d671a05f38752d7,2026-07-29 10:20:45
jp,Ps,76,12,2397,c0149fe0e81a89664cbf6a1d1a207b75efe0ec91,2026-07-29 10:20:46
korean,Joel,1,20,4526,8d3115cebfdf6c9c71905f4f205bfaa306fc1aa0,2026-07-29 10:20:46
jp,Ps,77,20,4069,9f140b323e3f5759bd2d8aa92b5ea366f80ffa40,2026-07-29 10:20:47
korean,Joel,2,32,7697,799cd99b32dafcb6ee823579c3a89819954b58a4,2026-07-29 10:20:47
jp,Ps,78,72,13823,2287b28eda309cdbfca1a9837347873a0b5c7b2a,2026-07-29 10:20:47
korean,Joel,3,21,4770,10ac97d0557fa579947612912d068effa8196f09,2026-07-29 10:20:47
jp,Ps,79,13,3203,7abb2c31cf59d0af2de04542818c9614a5f93b89,2026-07-29 10:20:48
korean,Amos,1,15,3682,2711bdfd65156b81c251f36f21d1eb5eb3c895c9,2026-07-29 10:20:48
jp,Ps,80,19,4077,aac6d9350a3327cb5cfcf3ce7f923302c1281d2f,2026-07-29 10:20:48
korean,Amos,2,16,3762,fd67825b0bdaff939fb9cb36f2fd6d37399a3f44,2026-07-29 10:20:48
korean,Amos,3,15,3410,df25a2f91a8b167d36daf69ce10d7e3f1be6217a,2026-07-29 10:20:49
jp,Ps,81,16,3389,70d2ab60bbed10185fa2edc58d484b49e000f303,2026-07-29 10:20:49
jp,Ps,82,8,1678,d72a100316884db11eae28a6087cf593d0fe68c3,2026-07-29 10:20:50
korean,Amos,4,13,3885,99ebd3ecf2633d848672de25542f6923574759c4,2026-07-29 10:20:50
korean,Amos,5,27,5863,4e29f9f01db04b4720c3f5abe7a27aa5e3c73517,2026-07-29 10:20:51
jp,Ps,83,18,3656,d27d0999286295fdb1bb5be3dc8d1dddfaf63b3c,2026-07-29 10:20:52
korean,Amos,6,14,3431,1652860f11c9965fd85bca3b15cb368137d2dab3,2026-07-29 10:20:53
jp,Ps,84,12,2649,5fa2ebbd1ddcd1a04cebebf08e84259ef0248a9f,2026-07-29 10:20:53
jp,Ps,85,13,2579,d40016db7741ffb25eca33e5724384b0fc0873cc,2026-07-29 10:20:54
korean,Amos,7,17,4034,1f9f7e3a6b1da22e48f529315c8529157f92afca,2026-07-29 10:20:54
jp,Ps,86,17,4055,88a6f0028fe2b93c00102f0c8fd3066de79bf218,2026-07-29 10:20:55
korean,Amos,8,14,3530,ee036c2eb7c44711a0acb8154489c309afff0263,2026-07-29 10:20:56
jp,Ps,87,7,1619,2e885787d0a18c297aba5d9cedca8959740c2230,2026-07-29 10:20:56
korean,Amos,9,15,4123,b4b47b57032ad53fa013e7927997aacdc224621c,2026-07-29 10:20:57
jp,Ps,88,18,3956,2cc5634af85b95f6f7734ea267eb5e9c65ef3b70,2026-07-29 10:20:58
korean,Obad,1,21,5395,b5ebb855065f6f166b5d6487bce10b5f660f6500,2026-07-29 10:20:58
jp,Ps,89,52,10538,0af6309fbe09b1029ea67ce5cb250d2dc6572f69,2026-07-29 10:20:59
korean,Jon,1,17,4173,3cd5ee99e4ce5fc14cc7307169d04abd90ab3e01,2026-07-29 10:20:59
jp,Ps,90,17,3901,6f499fe4294fb34fa14021da728e96f30c18ad8b,2026-07-29 10:21:00
korean,Jon,2,10,2239,a019e3b76775805f61baeee0286f9aa481d5b485,2026-07-29 10:21:00
jp,Ps,91,16,3305,63017f825b2e6e1956865c6ab1289f169e403381,2026-07-29 10:21:01
korean,Jon,3,10,2320,83ae0eb94db68dc2a94382ec777dd6522646752e,2026-07-29 10:21:01
korean,Jon,4,11,2864,b46781be06d382b6949b1646a57369df4f92954c,2026-07-29 10:21:02
jp,Ps,92,15,3084,20499ee84ee1734bbc8cf8f75e3330e16b5cc1e7,2026-07-29 10:21:02
korean,Mic,1,16,3820,4652fab5fb6f561196e457c9681f0fca33c15076,2026-07-29 10:21:02
jp,Ps,93,5,1328,1d56f26baa2dd00e3d4fd34ed92c2246db704a09,2026-07-29 10:21:02
korean,Mic,2,13,3437,fd1bca072606436ec9425bdc7ce9df548a8b2449,2026-07-29 10:21:03
jp,Ps,94,23,4490,9f57422aea9125791f3a98960643f82bcbbdd62f,2026-07-29 10:21:03
korean,Mic,3,12,2982,2acb48698c736340fb99bc53422c2dce396d30b8,2026-07-29 10:21:03
jp,Ps,95,11,2432,a16cb35877800e177762afe9d9d601aab0d7e8c9,2026-07-29 10:21:03
jp,Ps,96,13,2730,dacc58867a64a86e18403b7ee54c28144ad5fcbe,2026-07-29 10:21:03
korean,Mic,4,13,3753,477a9ac50b747527838fbfc1280d2f1ea62ee9ef,2026-07-29 10:21:03
korean,Mic,5,15,3487,740402ac698da5965490b852cf52ce4ee6daef55,2026-07-29 10:21:04
jp,Ps,97,12,2344,d8c4da24016570e9d16a5e08fa75be92874b6f6f,2026-07-29 10:21:04
jp,Ps,98,9,1981,757c699efcb5a38811a1a703035031fb2167187b,2026-07-29 10:21:04
korean,Mic,6,16,3998,ceb9b6b80f0faf7bf8d474cbca830a11e74fa0c1,2026-07-29 10:21:04
jp,Ps,99,9,2140,50b47b5f214a7168805e8a255434c5a311568b98,2026-07-29 10:21:04
korean,Mic,7,20,4803,333a503939b2d32305b799381e092548e0578323,2026-07-29 10:21:04
jp,Ps,100,5,1175,2b98424c55fea9a3714b5977d219e8bb8ab62067,2026-07-29 10:21:05
korean,Nah,1,15,3518,9281f160aac8fbdbe04d94719dcedf4b1d5bbcb7,2026-07-29 10:21:05
jp,Ps,101,8,2009,5a05fbba65c097ace67cdd0295236302dc149776,2026-07-29 10:21:05
korean,Nah,2,13,3175,0dc53162be7d817c8838e9e5c915c9952940694b,2026-07-29 10:21:05
jp,Ps,102,28,5620,61a96c7df56b7cce53fc91db0d801a2eec24ba20,2026-07-29 10:21:05
korean,Nah,3,19,4401,6912a9786729369fef3439ebc33cd045e7128811,2026-07-29 10:21:05
jp,Ps,103,22,4406,4ab06e4dc15e045f536eb9c2b1dc2ba51ee6a6fe,2026-07-29 10:21:06
korean,Hab,1,17,3968,599618f0925cd292e6be289269d98ec7717b36df,2026-07-29 10:21:06
jp,Ps,104,35,6621,11b40396565fce0776dc873ed8c7553dd99d3101,2026-07-29 10:21:06
korean,Hab,2,20,4832,a8712d7bda0ea6267963e7810044b2008b28c9ad,2026-07-29 10:21:06
jp,Ps,105,45,8300,9e29023757be4c36d972205dc7603af41caf2d52,2026-07-29 10:21:07
korean,Hab,3,19,4305,7b521c4ca190c626ba88d3f61cdf25ae3a954160,2026-07-29 10:21:07
korean,Zeph,1,18,4339,36e13ce80f1d2403ba62f36ff8e55c4d659100c2,2026-07-29 10:21:07
jp,Ps,106,48,9131,144166985bd630e606e667e42dfa43feaec0d777,2026-07-29 10:21:07
korean,Zeph,2,15,3776,af360590113162cf71d100ec7442a283418d032d,2026-07-29 10:21:07
jp,Ps,107,43,7696,ff6052e396cde607e2e7f6da8156411856c5f1bc,2026-07-29 10:21:07
korean,Zeph,3,20,5186,3b13a5fd42267b557ca49ddd92b8118443dd0c92,2026-07-29 10:21:08
jp,Ps,108,13,2916,fd64abd7a6f7960abdb0c658315f14c8c4fc7b6c,2026-07-29 10:21:08
korean,Hag,1,15,3814,2e706d755b4b5232dd5e2cdf8f4f69c1fcf2d1eb,2026-07-29 10:21:08
jp,Ps,109,31,6258,878b2bc2debff4136fffe65e53333f44eb381e06,2026-07-29 10:21:08
jp,Ps,110,7,1790,ab957e13edc0bc2bf52d3d35269c340cd92fb931,2026-07-29 10:21:08
korean,Hag,2,23,5533,f7fe1407fc26cd34663f35be6163010f0c5b3eb6,2026-07-29 10:21:08
jp,Ps,111,10,2160,694dd8b6bd64c6f5367f26a953cb4881e998da39,2026-07-29 10:21:09
korean,Zech,1,21,5300,b56ca5740f6d3c77d2d6a4cef9f08d218ce187fc,2026-07-29 10:21:09
jp,Ps,112,10,2086,a3ec206cc1e3b536efe9546811d27a538a6c376d,2026-07-29 10:21:09
korean,Zech,2,13,2887,12b17bf47e29c9c0259dd3f37c424daabd05e7ea,2026-07-29 10:21:09
korean,Zech,3,10,2518,4c506cd6e748a2ca9f0e0b16545b773e34a26516,2026-07-29 10:21:10
jp,Ps,113,9,1717,f01e72c1ddd937bf14313eea6aec7d26a121cfb8,2026-07-29 10:21:10
korean,Zech,4,14,3279,7c2cd56a3584294dd0dc0aec81e3ef43d5852604,2026-07-29 10:21:10
jp,Ps,114,8,1538,256ae1a2f45407e8561d18c57368be86a6b4f9eb,2026-07-29 10:21:10
korean,Zech,5,11,2652,07e1987830a392f6d45cfb0982095cefaf501d21,2026-07-29 10:21:10
jp,Ps,115,18,3568,f2400c42c8967a6fcff8301aa378c7c48acf6c65,2026-07-29 10:21:10
korean,Zech,6,15,3250,9378e3558ad27baa8437599f6321924ca2f9fcfb,2026-07-29 10:21:11
jp,Ps,116,19,3613,e962e0f441de1d0b7c3a1559d0af5ac67983c6f7,2026-07-29 10:21:11
korean,Zech,7,14,3117,b7d26cc4c8717de811d1e7e3e915c7fdf605643f,2026-07-29 10:21:11
jp,Ps,117,2,629,73d8563521bf9d04791f8be5e9b9a1e54e801312,2026-07-29 10:21:11
korean,Zech,8,23,5509,ec2eaf756c3c5e7420b650fa1050d17ec54ffb1a,2026-07-29 10:21:11
jp,Ps,118,29,5413,49229436feb8b3a2aa5f029bdcf1f15fa52ef623,2026-07-29 10:21:11
korean,Zech,9,17,4370,3baf15091a18d5752930cf976696292c2cea7c03,2026-07-29 10:21:12
jp,Ps,119,176,35065,201448997eb221db39ed4c5cd200f2c2d7c2fb87,2026-07-29 10:21:12
korean,Zech,10,12,3205,c3758a96954e9a2c7c78ce271f8b8af53f029136,2026-07-29 10:21:12
jp,Ps,120,7,1378,2e362438e14bf639a75340e4a50df57d7d2215dc,2026-07-29 10:21:12
korean,Zech,11,17,4197,2cc60c0fa73210499d72d0b059d63d7e70b3b5a1,2026-07-29 10:21:13
jp,Ps,121,8,1575,b41b1b5098f96cd2a9606ea2dd98e6b6349d390a,2026-07-29 10:21:13
korean,Zech,12,14,3664,28e5d9c5214a3c6d6e40c3c34589ee85435a9ce9,2026-07-29 10:21:13
jp,Ps,122,9,1841,869b47fd1f229f85b6c0bfc89a5fd38237bd5b15,2026-07-29 10:21:13
korean,Zech,13,9,2279,af60ed3603769f291538970ef969910f184c8612,2026-07-29 10:21:13
jp,Ps,123,4,1120,2181da45b52d8f946623d4cdeab99f2874d42c44,2026-07-29 10:21:13
korean,Zech,14,21,5189,01aa060af7137448f20a436f1566e6a435506c23,2026-07-29 10:21:14
jp,Ps,124,8,1610,82b0fd88e775e4df3d1f436423fb0558583c6fad,2026-07-29 10:21:14
korean,Mal,1,14,4475,ccb5e89941b3a33d258bcd1cca1635417d1ea271,2026-07-29 10:21:14
jp,Ps,125,5,1247,88a68258ebc85bd5b0efbfdba2e96f02f1001cf3,2026-07-29 10:21:14
korean,Mal,2,17,5105,986cd204b3797950ac3ad8f0d3c89463a8256989,2026-07-29 10:21:14
jp,Ps,126,6,1390,bac2ef346ab293ed645df16257fb773260d2ece0,2026-07-29 10:21:15
korean,Mal,3,18,4921,999e5020b88d9d5192c4da5c2d03aecdbdadd1d8,2026-07-29 10:21:15
jp,Ps,127,5,1307,5bda20af54c705d7028b85c6fc42558b541cdfba,2026-07-29 10:21:15
korean,Mal,4,6,1667,2bd258fdfc9cb7c6698bcf7fffc7419766907455,2026-07-29 10:21:16
jp,Ps,128,6,1323,8490a5a9ed94ecc3bf3a8b8da0f7253395e3fdb0,2026-07-29 10:21:16
jp,Ps,129,8,1677,a726ce83daba76e39f35136f6ba68653ecffd62f,2026-07-29 10:21:18
jp,Ps,130,8,1720,acf6ecc4e0f561e95facb7c96910c427fc9eab82,2026-07-29 10:21:19
jp,Ps,131,3,945,912bd82306bf0dad6ff905bd948d495d75e9963d,2026-07-29 10:21:20
jp,Ps,132,18,3702,0b5e23c6c032ea19b43fd50254c9b63ab3ce2acd,2026-07-29 10:21:21
jp,Ps,133,3,854,fbceed26e25332892ce29138c7adc9df62eb5a6f,2026-07-29 10:21:22
jp,Ps,134,3,710,c5629f89aaf2dfb04b69e8bd0e0c5e75b0c569c2,2026-07-29 10:21:24
jp,Ps,135,21,4011,f8c7b6f539c2818c499f8930641d1805e6f85746,2026-07-29 10:21:26
jp,Ps,136,26,5677,2ee5f429a3a5d7acc53424f6d9946e5ae37b0b7d,2026-07-29 10:21:27
jp,Ps,137,9,2103,98a8e4362764a7ebccd7a21ecf6fdfc26f1403e1,2026-07-29 10:21:28
jp,Ps,138,8,2139,5b263910a7c7f9ac8fb34227c6888ba8ed52cfb5,2026-07-29 10:21:29
jp,Ps,139,24,5293,04009941c521f7228591eb3a35b581320bb76aa8,2026-07-29 10:21:30
jp,Ps,140,13,2914,7cb7f528c63a779344eb7c003a2eb0545c929cd0,2026-07-29 10:21:30
jp,Ps,141,10,2635,fff69b3ad26e7e92b937ae75050aa73a02904230,2026-07-29 10:21:31
jp,Ps,142,7,1985,f8ed2cff9fdc08687a9eabea66490eb9512aff3d,2026-07-29 10:21:31
jp,Ps,143,12,3161,95f507e002634d44f9f4047ba4933dfe9dc1f61e,2026-07-29 10:21:32
jp,Ps,144,15,3293,6621bef2dc919992fce7f5d8cb329b282cb51d2e,2026-07-29 10:21:32
jp,Ps,145,21,4205,7d0d2db9b62e5811f21e5e074cb99390ea29728c,2026-07-29 10:21:32
jp,Ps,146,10,2200,955d1e9ff5e8de4fd0db5289d9f1e358fec1eb01,2026-07-29 10:21:33
jp,Ps,147,20,3814,b9de31915ad13225995bc015aaba5330c2098054,2026-07-29 10:21:33
jp,Ps,148,14,2735,270d4983abad3cc85155f20e5353c121d66f4b90,2026-07-29 10:21:34
jp,Ps,149,9,1835,a9748376b86ac92a2bfc0fad682ccc2a23e1069d,2026-07-29 10:21:34
jp,Ps,150,6,1387,f442f0c82a87e08f922c8d4c4881b708995553f7,2026-07-29 10:21:34
korean,Gen,1,31,6269,80cd5f6b3f8785f80c9031e7797aac758ef684a6,2026-07-29 10:21:35
korean,Gen,2,25,4892,2f9d26c0b1bc9e06bd80e25f16c10775f116978e,2026-07-29 10:21:35
korean,Gen,3,24,5534,58a92ca79441259f1b9720c7064da511338c5be5,2026-07-29 10:21:35
korean,Gen,4,26,5552,07ac462654da1504dc704c69a3939a6349921ee6,2026-07-29 10:21:36
korean,Gen,5,32,4628,452bf03213cb6d25b6a44eaa8b8af970ea40c6e8,2026-07-29 10:21:37
korean,Gen,6,22,4462,4949b8ae3015138520812293165cfdee42b4548b,2026-07-29 10:21:37
korean,Gen,7,24,4226,84cd8f39760ebb5c6554e3ad038d98561ada9235,2026-07-29 10:21:37
korean,Gen,8,22,4205,eb0a25ecd047175525cabe259ca8903f5468a081,2026-07-29 10:21:38
korean,Gen,9,29,5483,15c8a655183334085c3ac49ae363487d19cb776e,2026-07-29 10:21:38
korean,Gen,10,32,5274,075ab20ebfc69130886fbf18f0a6b2ecf90e8767,2026-07-29 10:21:39
korean,Gen,11,32,5313,3764313bcd67bbabfa72bf67e373d1f8e3778bc2,2026-07-29 10:21:39
korean,Gen,12,20,4400,92d02c54686ba571ece5df76293e4b13e5c91c5c,2026-07-29 10:21:39
korean,Gen,13,18,3550,ac69533c528ebd835526c86befbf31536ffaff21,2026-07-29 10:21:40
korean,Gen,14,24,5105,5f5c45c50ff4c2a7d61dba73e41080c0607e0ac6,2026-07-29 10:21:40
korean,Gen,15,21,4277,d2b2f8c587b475e2687151a1a2b68c85aade196e,2026-07-29 10:21:41
korean,Gen,16,16,3880,4baa53e304e419b4fd1cc2f9899e4a1c90b28d69,2026-07-29 10:21:41
korean,Gen,17,27,5696,d3f10b2f3bf6c94251705435b0ff4abfc2c27f78,2026-07-29 10:21:42
korean,Gen,18,33,7304,3888f1d43414dcd6ee897a58edfe3ee37faff269,2026-07-29 10:21:42
korean,Gen,19,38,8369,d49e25ba7802a6c1be13e68fc5d935f9b7abd25c,2026-07-29 10:21:43
korean,Gen,20,18,4311,682c1004dc257f0367dbd9f1fa6f55733929668e,2026-07-29 10:21:44
korean,Gen,21,34,6782,2bcb29cf5bff53da6e84619a3b78c6a827acef0b,2026-07-29 10:21:44
korean,Gen,22,24,5405,a9c1024dfc8ebda4df9bc1c9f5b8bc0eec3264cf,2026-07-29 10:21:45
korean,Gen,23,20,4419,43b88d9bc34640a545f35ba54d3695d2c3d6534c,2026-07-29 10:21:46
korean,Gen,24,67,14614,4952596c5e94a2310caefa2ae38c3d1045db0f92,2026-07-29 10:21:48
korean,Gen,25,34,6519,d20ae54d9757e33a2a5434adfd59cf37c6b8ca7e,2026-07-29 10:21:49
korean,Gen,26,35,7514,d163c032d0485767a3d49efb965c696846329b16,2026-07-29 10:21:50
korean,Gen,27,46,10366,bcce4ac9bf294ecec23a36bdac739d503d0d4044,2026-07-29 10:21:51
korean,Gen,28,22,5001,43869f54f671265b6e40122b3cc069ff253cba4d,2026-07-29 10:21:52
korean,Gen,29,35,7201,4ad45c082b8bf76d42ca9d605a0da88b2bba191b,2026-07-29 10:21:53
korean,Gen,30,31,6491,098043e4fa47fb99d899f53b41893cc3927fab2a,2026-07-29 10:21:55
korean,Gen,31,55,12448,339f558f2331070cc2ff7e7e8bfc2a7d7d5d7bbb,2026-07-29 10:21:56
korean,Gen,32,32,6998,a2061f1fa83c68d10a56adafc10bc9a044621ab2,2026-07-29 10:21:57
korean,Gen,33,19,3991,617d90d2e39338d37c81337179b25a658286522b,2026-07-29 10:21:58
korean,Gen,34,31,6604,32555ac2e131657173f2ebd4826dcb1783c35237,2026-07-29 10:21:59
korean,Gen,35,29,5972,8027daa796ebd669fa5606488ee54d50e9a05093,2026-07-29 10:22:04
korean,Gen,36,43,8061,3c675f62146a6f943d2741eb8f88a847eaa35e90,2026-07-29 10:22:04
korean,Gen,37,36,7710,f96e2736deb49d9cb371a694f6222b37e8f376e6,2026-07-29 10:22:05
korean,Gen,38,30,6598,9269a004f1cf23d4f5fe608ac0035c20f15970fe,2026-07-29 10:22:05
korean,Gen,39,23,5047,8120857590515c93ab13634cdddaf65fc38c290f,2026-07-29 10:22:06
korean,Gen,40,23,4623,3b33aeb4b698d1a233667f15c9fb02d44151eca3,2026-07-29 10:22:06
korean,Gen,41,57,10919,9373c9ccb7bf0fb5c2cf388113fff8de93dff968,2026-07-29 10:22:06
korean,Gen,42,38,8761,f98dbb5b647f474ec03897be8b9ac48f8b005185,2026-07-29 10:22:07
korean,Gen,43,34,8016,f81d2acd7f6c226ceb116327175b399bdc3b013e,2026-07-29 10:22:08
korean,Gen,44,34,7541,b469183e14dce3510e2bbb21791d2b3d4c5105df,2026-07-29 10:22:08
korean,Gen,45,28,6219,1e45900fce010e6e7589942e7181783b45a98199,2026-07-29 10:22:09
korean,Gen,46,34,6711,02fa9b17a3ed9df26db4abf6b3dc646e98995b0c,2026-07-29 10:22:09
korean,Gen,47,31,7217,705277b24eae548f5c44ca4a140729a8124f8f70,2026-07-29 10:22:10
korean,Gen,48,22,5487,910b79a46d815e4e0fa88d6622bdd93a7230fc6f,2026-07-29 10:22:10
korean,Gen,49,33,6858,849d9cbae47b49ba32059591938aa5b71a3bb19b,2026-07-29 10:22:10
korean,Gen,50,26,5733,dc01b5affc1698f309967ebeae6a3e66f9f3520d,2026-07-29 10:22:11
korean,Ex,1,21,3857,5c65e480919c74ff824eae54ca87e9858c49d24f,2026-07-29 10:22:11
korean,Ex,2,25,5268,ec149f69a567d31250427a254293324a5a0120db,2026-07-29 10:22:12
korean,Ex,3,22,5970,aebe3c1db657e84dbf55568c0c403d6a2e8564aa,2026-07-29 10:22:13
korean,Ex,4,31,6869,1287a5a6fda03ea1a174657ff64ce717b235d413,2026-07-29 10:22:13
korean,Ex,5,23,5283,7f52e721d1a8e8a6ea90d5b5ea8b93aaf796644d,2026-07-29 10:22:14
korean,Ex,6,30,6211,78b9a4388b4a2c1edda064069a80543b0ec0e2ad,2026-07-29 10:22:15
korean,Ex,7,25,5422,765ccf91ac663059389664df56e5e01870c2ac82,2026-07-29 10:22:16
korean,Ex,8,32,7514,b401c57512eef091ec9bb4db51fea47f23a44249,2026-07-29 10:22:17
korean,Ex,9,35,7635,4a9f7d77d65a3d9c9fe447b1ba45aae7906e4dee,2026-07-29 10:22:17
korean,Ex,10,29,7027,d74dad3bdfefc48ded29eff0175d0d41ac81574d,2026-07-29 10:22:19
korean,Ex,11,10,2538,9a5999a8f1bb0637a2fe9b25b2af7d544ebe6eb2,2026-07-29 10:22:20
korean,Ex,12,51,10537,104300e20808066c8037a8aa0057c3ccf6fb0b93,2026-07-29 10:22:21
korean,Ex,13,22,5240,47aefd6d3006a9b5d2f4425632b07062f32f2d9f,2026-07-29 10:22:21
korean,Ex,14,31,7314,39b9c7099fd6689983c21514b731494762beff64,2026-07-29 10:22:22
korean,Ex,15,27,6107,bc2037f743d278be494a8204cb90e280a6e6f90f,2026-07-29 10:22:22
korean,Ex,16,36,8307,71d79c26816ddebde77ce07cf3b38f7daf36aac7,2026-07-29 10:22:22
korean,Ex,17,16,3907,76d72c481d75971bdf40804a5c58fa36de1aa36b,2026-07-29 10:22:23
korean,Ex,18,27,6180,003474f68af5c1d53387655a8f6d58bfd494373a,2026-07-29 10:22:23
korean,Ex,19,25,5680,a2bb95fc0187923a2eea0645cc941b9f4371f75e,2026-07-29 10:22:24
korean,Ex,20,26,5066,9c02966a7120e11c21f67330468a9e4546c195ac,2026-07-29 10:22:25
korean,Ex,21,36,7008,008e94f959637486683fbd7e4a01e7499795d4c6,2026-07-29 10:22:25
korean,Ex,22,31,6406,e352fbd47f25ae2df052a32478162b9894e6e453,2026-07-29 10:22:27
korean,Ex,23,33,6860,a39d593b3098891e3f7829e314843495c3b5f2a7,2026-07-29 10:22:27
korean,Ex,24,18,3802,7d27e54b52d018515a3ea0a13a4a03bbd4171ddb,2026-07-29 10:22:28
korean,Ex,25,40,6609,04b3a6ed0d6c718893f3090b95625cad594314b7,2026-07-29 10:22:28
korean,Ex,26,37,6625,e1c4657bff658756763d0363fcb69d4094f5d760,2026-07-29 10:22:28
korean,Ex,27,21,4112,1d1281f6966138d27a96781d10cf5585149175dc,2026-07-29 10:22:29
korean,Ex,28,43,8381,e401c0ca9b4c642c3997f25bd982d4c1951c96b0,2026-07-29 10:22:29
korean,Ps,1,6,1194,15e9a930e7da6123bbe461d52e2fb21b99ab7cb7,2026-07-29 10:22:30
korean,Ps,2,12,2144,2490890980cd918f799f09916fb3d7fd4df9e348,2026-07-29 10:22:30
korean,Ex,29,46,9221,ac54f5a5538e2041675987cc1dd616ccd21cc06f,2026-07-29 10:22:30
korean,Ps,3,9,1762,4d8221304b9696d381afe25e0e9f1a9e4414093f,2026-07-29 10:22:31
korean,Ps,4,8,1754,36e0e935b466a28e5ff3833f7fefb55b90cf3075,2026-07-29 10:22:31
korean,Ps,5,12,2518,0b0b90701e29dec9866a8ca5e7444d6d4860f1d1,2026-07-29 10:22:31
korean,Ex,30,38,7114,69c7be674bd649f42d471bab6456256b80569950,2026-07-29 10:22:32
korean,Ps,6,10,1933,c6a761f29a283526d411d27f4660be1e09acabc6,2026-07-29 10:22:32
korean,Ex,31,18,3532,4a9ffb63cc2feeb0fde7b63d38e49a0ce9d3e482,2026-07-29 10:22:32
korean,Ps,7,17,3105,99b8b1f0c482dc1c3c1cffbc1e353c557d352e5d,2026-07-29 10:22:32
korean,Ps,8,8,1503,efd90ecee4f6126139a6c7f96f55a22e7a12a9a2,2026-07-29 10:22:32
korean,Ex,32,35,8198,0afe3e0d431e0fcf0d9528c266efca96db104456,2026-07-29 10:22:32
korean,Ps,9,20,3697,345ddf4c16473568dd38e22d29c20ef7f0c75ec0,2026-07-29 10:22:33
korean,Ex,33,23,5377,268079d5b47f2ec997b82d18117b2958fdbc5234,2026-07-29 10:22:33
korean,Ps,10,21,4245,463481efa64478d191f9e286ddb6cc88a42be461,2026-07-29 10:22:33
korean,Ex,34,35,8056,79791847834cbffd2e682e5bc402f0fae8389f0b,2026-07-29 10:22:33
korean,Ps,11,7,1491,7421cd2bf2820fd7e5590f814a735d8cacd2ea4c,2026-07-29 10:22:33
korean,Ex,35,35,6594,340bdc95244a6d6409e1fd935b469eb3b2a6054b,2026-07-29 10:22:34
korean,Ps,12,8,1659,ec210bd06746f20d492df3705938177edead456f,2026-07-29 10:22:34
korean,Ex,36,38,7086,3bb1511f4b1d2daf540558c204307053b1eb164a,2026-07-29 10:22:34
korean,Ps,13,6,1441,1d9b3ac3600bf32f601de02b3a267985dd16da42,2026-07-29 10:22:34
korean,Ex,37,29,5204,7c7be801f5d15e1c4216382517ecf2fb1f3d0a10,2026-07-29 10:22:34
korean,Ps,14,7,1633,3936fafe2aa42be113829e00cb3e78881bd3fbd9,2026-07-29 10:22:35
korean,Ex,38,31,5893,f75c6f26960da95bcb8163e27aaad6707e6bec73,2026-07-29 10:22:35
korean,Ex,39,43,7832,d418c735f22001cce2af0db8eafe124ffa5fdc3e,2026-07-29 10:22:35
korean,Ex,40,38,6448,feeba0cfcccd9ff2b92a4df6760cdac491887f3e,2026-07-29 10:22:35
korean,Ps,15,7,1560,a7314f56eee40e7a1a4ad4d862f56b5a7c0fef33,2026-07-29 10:22:36
korean,Lev,1,17,3597,4b883ff026035b11c001eb35a071e01ba8f41e25,2026-07-29 10:22:36
korean,Ps,16,9,1745,7fa10233b4c4711409820bf0b166f65c50019b1d,2026-07-29 10:22:36
korean,Lev,2,16,3490,7c3600ef7baa76cc0fb10c52288fa5b20c9b4ca0,2026-07-29 10:22:36
korean,Ps,17,15,3005,8dfd3c9a5013cac2ca6bf646627e0e0dd8587d68,2026-07-29 10:22:36
korean,Lev,3,17,3573,201b636d64e9d11e88b9c192c9425a1a7bcb10f9,2026-07-29 10:22:37
korean,Ps,18,50,9116,1d54f81d4a7501525eccf8321f595ffcd2118b11,2026-07-29 10:22:37
korean,Lev,4,35,7023,b1dd982c499d64655dd6253813ede722ab17e9a8,2026-07-29 10:22:37
korean,Ps,19,14,2705,7cda5c91144ee16e89d92375f3fef823c06f6887,2026-07-29 10:22:37
korean,Lev,5,19,4824,0a5a662436b861c9d74cc50b18e66f3e1cd3d678,2026-07-29 10:22:38
korean,Ps,20,9,1841,7eb871699e5a8f886e9a8b3e87ce90a9043c1ce7,2026-07-29 10:22:38
korean,Lev,6,30,6280,d122c5d2afe27ea9d3c2dc64a160a8a51d0d8501,2026-07-29 10:22:38
korean,Ps,21,13,2470,d1a07fc43cd364e9b695d3c4ed914f6650611f9a,2026-07-29 10:22:38
korean,Lev,7,38,7638,fcbda9c2119ed5cab796734c9eef3ed7dc292e4d,2026-07-29 10:22:39
korean,Ps,22,31,5656,1dafeffebc613550ab2081543762552b7142bffa,2026-07-29 10:22:39
korean,Ps,23,6,1319,a465dece66b6b55a617a0536f9cb64f7194ce9ac,2026-07-29 10:22:40
korean,Lev,8,36,7125,86b7868c64f1b99ec488c478fe3c1f8c2f754c9c,2026-07-29 10:22:40
korean,Ps,24,10,1877,17b47de871660bcd469e17e97dd1144b0ccad031,2026-07-29 10:22:41
korean,Lev,9,24,4922,307de32cac46dff0b8f6a3c487e72e22cfac0c27,2026-07-29 10:22:41
korean,Ps,25,22,3816,12d3b7790a3b361c0a8bd8f0ac2b765703f299b5,2026-07-29 10:22:41
korean,Lev,10,20,4896,561550285ebccbaf254824235042a4007d3ee064,2026-07-29 10:22:42
korean,Ps,26,12,2101,f77601cae77e6901811fd4a5569bc450fa213269,2026-07-29 10:22:42
korean,Lev,11,47,8894,f20311b64a0bb5464ae995d70933128bea12830b,2026-07-29 10:22:42
korean,Ps,27,14,3101,5831dc02c2ddf83485c371fdd009ee245f0da7e4,2026-07-29 10:22:42
korean,Lev,12,8,2043,24d6063549b5985c92097734c5451bf7b3da39cc,2026-07-29 10:22:43
korean,Ps,28,9,2065,1fe12b1e569e0535f58c654bd3bcefbe02993934,2026-07-29 10:22:43
korean,Lev,13,59,12381,5fb60dad574c935414868704db7c106c244eaf66,2026-07-29 10:22:43
korean,Ps,29,11,2129,e13d9d8de51986f0c95444e90ac2795511ced1fd,2026-07-29 10:22:44
korean,Lev,14,57,11027,484ed91915f61122ff0975b65ef7decff9601cae,2026-07-29 10:22:45
korean,Ps,30,12,2447,20750f99f5e1d1acb573369d3995c5bef4f0f568,2026-07-29 10:22:45
korean,Lev,15,33,6614,a76971918a6c487da0e2bf1d8c66565582d140f0,2026-07-29 10:22:46
korean,Ps,31,24,4832,7e0ae0b49321ee82ef9b3f085350473210ec4b5f,2026-07-29 10:22:47
korean,Lev,16,34,7407,98a075420ee3e2735eee761ef7e0419abd847bc4,2026-07-29 10:22:48
korean,Ps,32,11,2322,33f7d6dca95f07244338532f7d731f44e0b39d1a,2026-07-29 10:22:48
korean,Lev,17,16,3867,b5bc85f16b9eb7c5e9ed9c1f345e89fa455a4021,2026-07-29 10:22:49
korean,Ps,33,22,3606,8ad5717c20aee5097d60b4954653f09b824f3209,2026-07-29 10:22:49
korean,Lev,18,30,5786,4e19b4b4d728c74dc9ac8ce1298bb268ce3fca0a,2026-07-29 10:22:50
korean,Ps,34,22,3865,7160020a393543d07944852bc7a102fcacb3db86,2026-07-29 10:22:51
korean,Lev,19,37,7448,17937e2672167d5318ea33ee984715792e3c9713,2026-07-29 10:22:51
korean,Ps,35,28,5471,3e9b9d53cb772eab7b3100e2ec67da6744bdbc60,2026-07-29 10:22:52
korean,Lev,20,27,6387,1a128b49f855131f243a63089583cadf677af7d4,2026-07-29 10:22:53
korean,Ps,36,11,2192,2ce14b12f1864db52c275206f4dc6afac757b4a1,2026-07-29 10:22:53
korean,Lev,21,24,4820,6b644d74b348efbdf2e95a722cfa108ab9046637,2026-07-29 10:22:54
korean,Ps,37,40,6562,5c1d73bbdf82c75a93e1919943f96fd12067971a,2026-07-29 10:22:54
korean,Lev,22,33,6936,eaefbfb0d27402dca106337b030250ef0601f604,2026-07-29 10:22:55
korean,Ps,38,20,3482,93100e7e28b3bca3eebbfc5db9a52fad3aa791c9,2026-07-29 10:22:55
korean,Lev,23,44,9127,fbc7b43da312d2978dd9092e6c3341527ccc68c0,2026-07-29 10:22:56
korean,Ps,39,13,2725,8c0feb194d91912a9a920721fa8d1889d48b2b1e,2026-07-29 10:22:57
korean,Lev,24,23,4595,942cd040a6766c2bbaf402cc3252b92d18c51a6f,2026-07-29 10:22:58
korean,Ps,40,17,3838,e86ea954afedab3a691c590d85e4f5c22d71a2de,2026-07-29 10:22:58
korean,Ps,41,13,2603,e874cab23c22aa4f9eb3c08f32fea7d87c8db8b9,2026-07-29 10:22:59
korean,Lev,25,55,11198,24f3b00d7751263dfc4d6c31680c639f101a8cae,2026-07-29 10:22:59
korean,Ps,42,11,2683,bbe7d549a7e810a238a96a7d31d424303b438d9a,2026-07-29 10:22:59
korean,Lev,26,46,10086,65e838604564a6fdcf17747a4310c6dec8e4452c,2026-07-29 10:23:00
korean,Ps,43,5,1367,67bb0e30c4064f4751fddf7e50ebee3afa1a3cda,2026-07-29 10:23:00
korean,Lev,27,34,6692,7b4208b467137a210aeef6ce3b9aa5e187ab8e9e,2026-07-29 10:23:00
korean,Ps,44,26,4933,454cf572f7c14395f3079e9b59b6412bcf33e179,2026-07-29 10:23:00
korean,Num,1,56,10122,bb6117be94e49e6ca4b6d14c41178529ef7e43e6,2026-07-29 10:23:01
korean,Ps,45,17,3378,d64a16134be975d083c0585291dfbeda1c76f585,2026-07-29 10:23:02
korean,Num,2,34,6054,48e34f3526bf75febac7df80af4de074b19d0a58,2026-07-29 10:23:02
korean,Ps,46,11,2194,25f4bb91f151bfd4fd7ec337b71e857406cd6e95,2026-07-29 10:23:03
korean,Num,3,51,9709,3ad0466ebfd2c53f27a04c6662ac629d68b46ae0,2026-07-29 10:23:04
korean,Ps,47,9,1715,de44680c1809b6fd15af454d09887514755b326a,2026-07-29 10:23:04
korean,Num,4,49,9274,18c1f7d28e9e7b46461dbfff8918bfebe940c336,2026-07-29 10:23:14
korean,Ps,48,14,2432,3caf4060ad838b362775e8160c49f6694663edc2,2026-07-29 10:23:14
korean,Num,5,31,6719,4ab76832a54b0a00118d108b97028724569c0a7f,2026-07-29 10:23:16
korean,Ps,49,20,3545,1f19cc4bc1471ef104ff3f6d5427b7838cf60f81,2026-07-29 10:23:16
korean,Num,6,27,5875,faf7157178c5718232bf9b32e55bf72024095d7a,2026-07-29 10:23:17
korean,Ps,50,23,4072,1ccad4a16c6ba53b51b1bdf1022b3a1fa108e548,2026-07-29 10:23:17
korean,Num,7,89,16369,ea71f2479cf3ea2ada0c322391182f6dfb36b731,2026-07-29 10:23:18
korean,Ps,51,19,3655,819f22ce6bd583b8b0542b96759f3fd8f25d2276,2026-07-29 10:23:18
korean,Ps,52,9,2028,41e75b06b29cb459d70f6a8e2826cc7d86e30fc9,2026-07-29 10:23:18
korean,Num,8,26,5727,7a5946626717d55e1aa6dca46472eb57d372d888,2026-07-29 10:23:18
korean,Ps,53,6,1600,08868ffb8c48172825676c950ae8aaeb0f4e1760,2026-07-29 10:23:19
korean,Num,9,23,5315,03a4102e76f5a8688e58d820eba478b788c4d964,2026-07-29 10:23:19
korean,Ps,54,7,1631,c291ef56e30aebf487413fac4c451e20b9395bd6,2026-07-29 10:23:19
korean,Num,10,34,6509,e4ec31fdf1a2af3140d44783f9e4c3f14fc2a928,2026-07-29 10:23:19
korean,Ps,55,23,4362,8613454c02afef59ff8c2dc95c7fe7de6ca707bd,2026-07-29 10:23:20
korean,Num,11,35,8014,9a9d49abe28fd5f3d109b1b07a709d7920a20c75,2026-07-29 10:23:20
korean,Ps,56,13,2673,d89f3e122df48e8ac3dbf13460b415ebccd41e2b,2026-07-29 10:23:20
korean,Ps,57,11,2542,149f9583869f9bf760b741639a7fab31280f4cc5,2026-07-29 10:23:20
korean,Num,12,16,3482,2453f56561d6132a81b801139f89e3147721c678,2026-07-29 10:23:20
korean,Ps,58,11,2234,0fd0d5d25596521e225127d66b3383600ed6dd11,2026-07-29 10:23:21
korean,Num,13,33,5989,0da7dca0a708b6492f02f0493ead9e349fbd817a,2026-07-29 10:23:21
korean,Ps,59,17,3646,5e3980afa82b795e6eaa6e4795456ca7222bd0e5,2026-07-29 10:23:21
korean,Num,14,45,9828,62b3ed6147589421dfe8d82842a746d848b6150f,2026-07-29 10:23:21
korean,Ps,60,12,2616,aaddbba7909046df0c406b9dc242e93c1457456b,2026-07-29 10:23:21
korean,Num,15,41,8026,f44ad72179b3a11a895913d9e3e2509ac55a567c,2026-07-29 10:23:22
korean,Ps,61,8,1586,d63572f5f3c8b131e6977002c8018941dc52c198,2026-07-29 10:23:22
korean,Num,16,50,11023,f2920851e5b40244882a86e89a25e81f956da428,2026-07-29 10:23:22
korean,Ps,62,12,2490,190a12af0745d6dac2788ff7adc4ee7a062ad72e,2026-07-29 10:23:22
korean,Num,17,13,3053,1db6b76a4e01109db896f3a21d0aef7e4fecfe4e,2026-07-29 10:23:22
korean,Ps,63,11,2145,2060826fcc13dc0d82c04b2fe751af37885ecd6f,2026-07-29 10:23:23
korean,Num,18,32,7957,c995e6ff04f93bb2a05d9f6e1acb57e77cb45a30,2026-07-29 10:23:23
korean,Ps,64,10,2036,198f15aab90185f18b003bddad522ed832e3c2f7,2026-07-29 10:23:23
korean,Num,19,22,5093,a45ed5a8ba34ed248e719003cc40595e8d396590,2026-07-29 10:23:23
korean,Ps,65,13,2668,6b46d7505ffb613ef5032346d13c9d977da6bfed,2026-07-29 10:23:23
korean,Num,20,29,6659,7960ad92f9531327311c127180ca871e5c2bc502,2026-07-29 10:23:24
korean,Ps,66,20,3727,beb34be024eb1cbb9a4222bcd61f646bcc1ffa2c,2026-07-29 10:23:24
korean,Num,21,35,7731,d98789deebf5a9d2b650db1b864c056d568e0865,2026-07-29 10:23:24
korean,Ps,67,7,1461,e0e37321d4908f9e9e8b02db9a40725b6405201d,2026-07-29 10:23:24
korean,Ps,68,35,6830,8ee34616eb8bef3d5badd5306a277a11c5a24f82,2026-07-29 10:23:24
korean,Num,22,41,9394,f2783019bc41de22003ed38f05ad6591c3946bfb,2026-07-29 10:23:24
korean,Ps,69,36,6663,567de6402484d96e981aca93029a5692b796220f,2026-07-29 10:23:25
korean,Num,23,30,6847,6d4aa58e95af2fcd6ca40e0bb3a2bd08e3a0e0c9,2026-07-29 10:23:25
korean,Ps,70,5,1256,3a56877050be5832c29ac5602d4a09184623362d,2026-07-29 10:23:26
korean,Num,24,25,5597,359c7171f04bd9d76593a9493f81165d71a5b32d,2026-07-29 10:23:26
korean,Num,25,18,3807,cba79044fdee358ef2bbcfa5117abd32546afd02,2026-07-29 10:23:27
korean,Ps,71,24,4614,9df0ad99e5f2a05476f1f6e51daf234dab5d87aa,2026-07-29 10:23:27
korean,Ps,72,19,3484,32b9eb6e9047f5f87ad7642cc777b3b72a6741af,2026-07-29 10:23:28
korean,Num,26,65,12400,02a52563e74cfaea44d9e088659442667ba95214,2026-07-29 10:23:29
korean,Num,27,22,4622,22ef0e732e84818b7e8a64009ca4b2642f556fff,2026-07-29 10:23:29
korean,Ps,73,28,4508,9c272922f30dc1b24ebd1974d72219b47db0c4dc,2026-07-29 10:23:29
korean,Num,28,31,5833,4530b805d29246103b87c030321863c9b8773a94,2026-07-29 10:23:30
korean,Ps,74,23,4300,4c7282a9c195c3eba79a9447a68302c2a5407f7d,2026-07-29 10:23:30
korean,Ps,75,9,1853,ecac60e81ca6cd65264602d470e4ad4586789326,2026-07-29 10:23:30
korean,Num,29,40,7597,ad3a33a2c9db3dfa67192518e8433ff678018a63,2026-07-29 10:23:30
korean,Ps,76,12,2180,c1d73b95250efe76a7013831e8056ded39a0634f,2026-07-29 10:23:30
korean,Num,30,16,3984,8cb6082c07fcd70dd9f7d7783991a316def801c5,2026-07-29 10:23:31
korean,Ps,77,20,3572,77df34dd818d37b38e24f8a6a378adaad68f4293,2026-07-29 10:23:31
korean,Num,31,54,9875,5f55a58907fdc3dc7325fcad2baa680168d72660,2026-07-29 10:23:31
korean,Ps,78,72,12170,0b0e43aff991ab1ecd66ec65a6e69da4ce753620,2026-07-29 10:23:31
korean,Num,32,42,8904,0df39b80b912d491f2744637d8588aa9799295c1,2026-07-29 10:23:31
korean,Ps,79,13,2769,d15827b7a8af3bd20555e5c71d127e31ade2c12a,2026-07-29 10:23:32
korean,Num,33,56,8644,8a071d63a24167061f8b2d6a1a402da461b05a1b,2026-07-29 10:23:32
korean,Ps,80,18,3289,89c66d89a75f957242e4b434801b23539886a6d6,2026-07-29 10:23:32
korean,Num,34,29,4975,c9ea7683d30eaf537d2f067a3adb2bb6d31cc654,2026-07-29 10:23:32
korean,Ps,81,16,2958,0c596a5a4f14abbc14543e8283b376c028010643,2026-07-29 10:23:32
korean,Num,35,34,7016,e156cc07f45542dcc2bc1f866f004b042fa001d0,2026-07-29 10:23:33
korean,Ps,82,8,1510,65d18a97d58c5110e98caaf4df6e2d008c295e71,2026-07-29 10:23:33
korean,Ps,83,18,3127,3954e573cb082a6abb6d9fcdd728fc273c580a51,2026-07-29 10:23:33
korean,Num,36,13,3361,eb157e763d092b9d2b57de75c5597201f1cf3457,2026-07-29 10:23:33
korean,Ps,84,12,2465,69678e9e01c50ad1ac5fa993276b3291663f66da,2026-07-29 10:23:34
korean,Deut,1,46,10648,69398771ef02483df97f8859a30d51493576a9d7,2026-07-29 10:23:34
korean,Ps,85,13,2386,7d082df30101d7c2d3f33815cd4cbcc0e327af5e,2026-07-29 10:23:34
korean,Ps,86,17,3301,c696b838d592b06864d4c4fbaa599af58cc279ae,2026-07-29 10:23:34
korean,Deut,2,38,8631,0301089f557d3cb4a902bd260e3d2d1730cbe0a8,2026-07-29 10:23:34
korean,Ps,87,7,1420,571daeb01afad2e32482ec52894cb730dfe6eba7,2026-07-29 10:23:35
korean,Deut,3,29,7141,c0d38d7f41e9b47157f74af8cef46c975d701ff9,2026-07-29 10:23:35
korean,Ps,88,18,3552,98c3d2ea25ff1191011211c17b699d9f21e4d104,2026-07-29 10:23:35
korean,Deut,4,50,12227,78dd1d16d098ea8e9231b90d378fb427da33d270,2026-07-29 10:23:35
korean,Ps,89,52,8967,502f1e3d731b30877a90e02e67262beb2b077695,2026-07-29 10:23:36
korean,Deut,5,33,7513,799187111356bafbb6f04531c9514f388bccf75b,2026-07-29 10:23:36
korean,Ps,90,17,3214,5ae9bd8d163fc73ee96b9f98428382a9346f2c24,2026-07-29 10:23:37
korean,Deut,6,25,5595,b5760cc2f21606d4016f2924942a038f4804cb78,2026-07-29 10:23:37
korean,Ps,91,16,2882,4bb439c434ba947fda5020e0ad95946b80d3aea8,2026-07-29 10:23:37
korean,Deut,7,28,7399,f3cc02caefe11dc10c9d96dba4be120ff9be34a7,2026-07-29 10:23:37
korean,Ps,92,13,2456,9794ad9417a0712fc2a4d94b664f93032489459f,2026-07-29 10:23:37
korean,Deut,8,20,4768,6f53c9799d611d24e0a836abe2e8e6675ebd5efc,2026-07-29 10:23:38
korean,Ps,93,5,1075,96d52aa1e9437bca5c673c65bbb0993a8e41b618,2026-07-29 10:23:38
korean,Deut,9,29,7546,2946f0b1effb43ea971b6165a50ba77ef4537e89,2026-07-29 10:23:38
korean,Deut,10,22,5125,4790c3c135e12724966d2528cbb3c45ae3ec8587,2026-07-29 10:23:38
korean,Ps,94,23,4007,67531bcb31b94255d489ae3d505843a6ed8ea239,2026-07-29 10:23:38
korean,Deut,11,32,7307,105c282dabfd9851c3f306ea6b47f9171ac9ede1,2026-07-29 10:23:39
korean,Ps,95,11,2119,b1b78abafbe7dcb1951fc4e79da67da9b8da8662,2026-07-29 10:23:39
korean,Ps,96,13,2508,ff1d002430a5c9802e8a54e43cc315c1d84a0c60,2026-07-29 10:23:39
korean,Deut,12,32,7913,0542943dcae8cfccf875797d16cc0c53e33e667b,2026-07-29 10:23:39
korean,Ps,97,12,2146,95c08f6001521d31d38d2a5ab39036e9f6e9f6c3,2026-07-29 10:23:39
korean,Deut,13,18,4631,da4942cb270173053aa559439ea3ba332b75bbf3,2026-07-29 10:23:39
korean,Ps,98,9,1795,8e8de396e9d41dcd57ad26f032bcc30f116079d9,2026-07-29 10:23:40
korean,Deut,14,29,5668,0242cc7b81ea8dafb7a5f157ffb48f5bdad20b12,2026-07-29 10:23:40
korean,Ps,99,9,1927,e154de08d3ad3d201e0d062259b33b0fc4f7b4b8,2026-07-29 10:23:40
korean,Deut,15,23,5438,4e92e933ea2edc0e66ffc9cac6ba89407a9ef493,2026-07-29 10:23:40
korean,Ps,100,5,1123,59ccc7a5ee3ddd6d99ff1406dcef5345f4dafd29,2026-07-29 10:23:41
korean,Deut,16,22,5141,3056e0c43136d980f5a8e66d9fada7ba9f0f9f62,2026-07-29 10:23:41
korean,Ps,101,8,1777,bac9f93317c0ac098395f1938fccd25d2f17e6cc,2026-07-29 10:23:41
korean,Deut,17,20,5041,d13637f4541c3196e65a39d7589af8b8017bbacb,2026-07-29 10:23:41
korean,Ps,102,28,4868,b36fd3269328cd11acda87d5323d2c8d59f4d328,2026-07-29 10:23:41
korean,Deut,18,22,5120,54725e8033c09c506653ee7bafeb944ef9ce7226,2026-07-29 10:23:41
korean,Ps,103,22,3880,9978df387c775aa7219974a49cd2dc082c4c64f8,2026-07-29 10:23:42
korean,Deut,19,21,4936,08f2ea9cb2fc7548d9a164252ce9968487e37b09,2026-07-29 10:23:42
korean,Ps,104,34,5784,6ab367207a35d9c667283ff83a43530d37fbe9c3,2026-07-29 10:23:42
korean,Deut,20,20,4975,673e67d2eb2c2209519d95e303675edbf3f2c7a4,2026-07-29 10:23:42
korean,Ps,105,45,7163,ba26a1403b68d44b9211001e7031d5be1fe41cfa,2026-07-29 10:23:42
korean,Deut,21,23,5608,92eeda33facc29879b6986a578f4e1f8c93aadde,2026-07-29 10:23:43
korean,Ps,106,48,7994,3e2e43d4c50e19c8282f45de3b0549959d113c9c,2026-07-29 10:23:43
korean,Deut,22,29,6384,2c81b178d549b340f5b48ecbe3b20e254a5d9d7d,2026-07-29 10:23:43
korean,Ps,107,43,6853,80870f644de1917b8971c0b413aa5fed702fa355,2026-07-29 10:23:43
korean,Deut,23,25,5420,388701047ed6bcd6e20c428be5d950eb999fb407,2026-07-29 10:23:43
korean,Ps,108,13,2523,93fa07cc583fa36f06b41fa8e2ec679f177277fa,2026-07-29 10:23:43
korean,Deut,24,22,5311,472ff589ffc0f279a847b99e8c26c69e53809b61,2026-07-29 10:23:44
korean,Ps,109,31,5332,a9be271a6c6904ab26d5a3a03876d0790d4ceb1b,2026-07-29 10:23:44
korean,Deut,25,19,4633,65f3339c352e21f3c04a17a623efe3a2bbcce8c3,2026-07-29 10:23:44
korean,Ps,110,7,1530,b8c2821b6b1428413b315cb5a33bfdcf7292b989,2026-07-29 10:23:44
korean,Deut,26,19,5079,82506a953e52e5b2c50ccadb987477cbaa6935cb,2026-07-29 10:23:44
korean,Ps,111,10,1916,9db49b9a846d6d51044050a4e7c65b805decab6c,2026-07-29 10:23:45
korean,Deut,27,26,5486,484dcd8802636ff26d8ee1323e70d781fbaf3387,2026-07-29 10:23:45
korean,Ps,112,10,1873,77bb892cb90de3232441567d2d9f3e1d1acf3175,2026-07-29 10:23:45
korean,Deut,28,68,15489,576eb2f4df5cd8b8573e8505bfae438bfde89f58,2026-07-29 10:23:45
korean,Ps,113,9,1555,8d782436f52704235083e703ea5ae579983a6179,2026-07-29 10:23:45
korean,Deut,29,29,6972,dfeb24457d38553b678e97d07aa04db26ae9ff18,2026-07-29 10:23:46
korean,Ps,114,8,1416,3b43e3f6a189e5ed7d762c44af6eb3cacd3acc65,2026-07-29 10:23:46
korean,Deut,30,20,5348,7bc2fbf3db94b76a2bf63b876ab603f0227cd05f,2026-07-29 10:23:46
korean,Ps,115,18,3122,4e876364f3966cfd744a7069d9c927d97a7a42b6,2026-07-29 10:23:46
korean,Deut,31,30,7645,f3dc748d72f0c53d8a30d7a3787639dc6f3e645c,2026-07-29 10:23:46
korean,Ps,116,19,3173,07b75ba1371209b61b4a0c5fe17807d938732082,2026-07-29 10:23:46
korean,Deut,32,52,11041,c25e2cb886deccab31a0476493bdeaed018c2667,2026-07-29 10:23:47
korean,Ps,117,2,560,683a1140254a985542a0326f44059549ab0275b2,2026-07-29 10:23:47
korean,Deut,33,29,6822,2a15d756ff02b4e340b380f7c49b6da0dde99c67,2026-07-29 10:23:47
korean,Ps,118,9,1571,d0d67f8adc4881a97656a3dea736c5922f4e3ef1,2026-07-29 10:23:47
korean,Deut,34,12,2635,a4939b5d05951e825812bca166e2e8fc7e1ebff0,2026-07-29 10:23:47
korean,Ps,119,176,28356,83fa0f049cefccd5273fbbfdca73d801d32a0ff0,2026-07-29 10:23:48
korean,Josh,1,19,4999,9ade53d9c419505fd8e2673a6629c91b016a3b55,2026-07-29 10:23:48
korean,Ps,120,7,1239,8d97a77cee321bc47f308d767099a798476b3aa1,2026-07-29 10:23:48
korean,Josh,2,24,5897,d1eace9582edcdfb3d2c6ece1c6c3d756670bf57,2026-07-29 10:23:48
korean,Ps,121,8,1476,0f53ff141a3540822c3ebc1bada2f56348c30e32,2026-07-29 10:23:48
korean,Josh,3,17,4143,45dfe9eb7a078c54d77833a3d12a1991663b2261,2026-07-29 10:23:49
korean,Ps,122,9,1624,213fa39ddcc8f8f507b7d30bc84bff8c840902af,2026-07-29 10:23:49
korean,Josh,4,24,5347,45bee75c1cf950c0ed41a03e65f374c36319a7dd,2026-07-29 10:23:49
korean,Ps,123,4,973,33c8b8a39860a64175f949945c40e88ef125168e,2026-07-29 10:23:49
korean,Josh,5,15,4013,f9d4bb43ecad1442079543c470cabfe399621e01,2026-07-29 10:23:49
korean,Ps,124,8,1538,409d410c9e4f9771a47d328400b605422aac868f,2026-07-29 10:23:50
korean,Josh,6,27,6581,d660a9ada7a34481c77ff7e7a1e7961ebe387519,2026-07-29 10:23:50
korean,Ps,125,5,1155,a3b82b1106f2d2218d6ebcfcd74b85fe76d3cb4e,2026-07-29 10:23:50
korean,Josh,7,26,7274,29aeca60ebdf29fa438b177cbf551e04073ad3f4,2026-07-29 10:23:50
korean,Ps,126,6,1237,3b048dd744502bccbbfd7c37612fd253f8fd3866,2026-07-29 10:23:50
korean,Josh,8,35,8395,e3899b83a68c2a2d142c81b7dc0b5b15b083bbeb,2026-07-29 10:23:51
korean,Ps,127,5,1227,c16f3b0cb9f5828599c9300450c5d0ea97107876,2026-07-29 10:23:51
korean,Josh,9,27,6636,b837f1c8432d81cee3164f9653b561c70bd5bc90,2026-07-29 10:23:51
korean,Ps,128,6,1177,76e239e02a1a3993264b5cab69a5475b11902542,2026-07-29 10:23:51
korean,Josh,10,41,10035,2572798d1c02953900446444edf2e7604833405c,2026-07-29 10:23:51
korean,Ps,129,8,1522,daab7275077a298d84e34c481f36d1bf78406543,2026-07-29 10:23:51
korean,Josh,11,23,5476,1a6e05e49e595d389e4a8f200763c54a0a3dfbc3,2026-07-29 10:23:52
korean,Ps,130,8,1486,8c1e6026aa6da33b14cf05bdde230fd7af3c5f60,2026-07-29 10:23:52
korean,Josh,12,24,4404,7185ee352a5c78dd16ddaadc178d9b4225d53b49,2026-07-29 10:23:52
korean,Ps,131,3,849,bc24867188249b9ff53247598701bc926e9e2cd0,2026-07-29 10:23:52
korean,Josh,13,33,7057,5ec84bd378e4894f47aba0a164db59bafa93187f,2026-07-29 10:23:52
korean,Ps,132,18,3229,7eb16cce227f644bec728f0ec67fa655741b9d21,2026-07-29 10:23:52
korean,Josh,14,15,4052,dfbd29a8d3cd6ebfae9c76609251d8de537be46a,2026-07-29 10:23:53
korean,Ps,133,3,772,27aef58401258cd22d2624c2098579932c025f60,2026-07-29 10:23:53
korean,Ps,134,3,683,e464274e733229d90e1aff8cf7c21303a1f6ccef,2026-07-29 10:23:53
korean,Josh,15,62,9828,8a762815ae78ea2611b02bed40e86c1eca6650e3,2026-07-29 10:23:53
korean,Ps,135,21,3549,c8b7192c86ab6b5b3fa7337cbc7d3a67a083767b,2026-07-29 10:23:54
korean,Josh,16,10,2216,31da8468a1b922c80474441cf3e127e9b6a0984b,2026-07-29 10:23:54
korean,Ps,136,26,4494,da68c14fbdf5ef7e6ded301b23a6cbdd321bcaf4,2026-07-29 10:23:54
korean,Josh,17,18,5051,fb4f49d9a22d2b8fb24dfb4af3f58e971efc79f6,2026-07-29 10:23:54
korean,Josh,18,28,6042,6c628fc6aa78d5f6c49e1dbe931cbb5e33b4b268,2026-07-29 10:23:54
korean,Ps,137,9,1865,735f7665c0af08a602b65e162b15135b7576ebe2,2026-07-29 10:23:54
korean,Ps,138,8,1812,ea68f205007819e0a56dde8b90140ce03ddf843f,2026-07-29 10:23:55
korean,Josh,19,51,8899,417e67c1f995c37458b9edb4d8be45652ae0f9c3,2026-07-29 10:23:55
korean,Ps,139,24,4355,6516479436065485c13087b227a487082785fc9e,2026-07-29 10:23:55
korean,Josh,20,9,2434,49c3420d30474ab16a780cdabf67fd0d93c4cb75,2026-07-29 10:23:55
korean,Ps,140,13,2694,b18adf4bd5efb5e9f75c2c9c46c9fd86eab1e8b3,2026-07-29 10:23:55
korean,Josh,21,45,8506,3da90c366017fe1529ce910ebad9bad582d02b54,2026-07-29 10:23:56
korean,Ps,141,10,2125,27cc8e0819a8642d716d9ed0a14179ff1d3d232e,2026-07-29 10:23:56
korean,Josh,22,34,9730,10057e42b88058d36e71e379ad5ab9d4df0e50e4,2026-07-29 10:23:56
korean,Ps,142,7,1640,0519adb9c432aa78fdb2fd4f7330099ab7be01cf,2026-07-29 10:23:56
korean,Josh,23,16,4498,97f8c41e11bbfa73a56158bafb15c86435be67bb,2026-07-29 10:23:56
korean,Ps,143,12,2567,2cd4e59f9c19b07b229fd49f58b279c9c34646f8,2026-07-29 10:23:57
korean,Josh,24,33,8830,71e93b0ea6f09c383dfb0225c75edaba733ff58d,2026-07-29 10:23:57
korean,Ps,144,15,3061,bb3527d4a70d4ba24085826a0641cd626be4ce12,2026-07-29 10:23:57
korean,Judg,1,36,7987,6442492d01b6e555107c4713c0cdaeb49f35dc41,2026-07-29 10:23:57
korean,Ps,145,21,3668,ba5d4a8846eb1feb1bbcc3ad55cabf5e93609945,2026-07-29 10:23:57
korean,Judg,2,23,5696,31f0b34b8e47a3d78f1f18dc0bf0513ddd6de556,2026-07-29 10:23:58
korean,Ps,146,10,1932,9de9868ff24ae0ef6c0d2308f6481f12a5c23bb1,2026-07-29 10:23:58
korean,Judg,3,31,7055,f8f0ce0ec63c7a301c4fa3a97b4d86dfdb080660,2026-07-29 10:23:58
korean,Ps,147,20,3344,ce8697c7552c6b07056cb7e401782459e6c09ef9,2026-07-29 10:23:58
korean,Judg,4,24,5986,729bc2fe216c51b07c15858eae250604fdb03fda,2026-07-29 10:23:58
korean,Ps,148,14,2283,a7618f94933fb35f3a2e3cfa1a5ca147b9120f56,2026-07-29 10:23:58
korean,Judg,5,31,7099,e347af77db0f5ffb48911141b3f7c9d7beefcf47,2026-07-29 10:23:59
korean,Ps,149,9,1674,1b5b9bf89dbf1457f4143b2d788e079582d7901f,2026-07-29 10:23:59
korean,Ps,150,6,1155,b0ea218f04cbd96141e24723c273f3b132196f99,2026-07-29 10:23:59
korean,Judg,6,40,10278,8b870a69baff9cd8e213279974a3b58c6a37d3ec,2026-07-29 10:23:59
korean,Judg,7,25,7129,e6de19950af03bd2159522024237514113bd3765,2026-07-29 10:24:00
korean,Judg,8,35,8107,10940e94a71acd7383af493bc83a495530405b15,2026-07-29 10:24:00
korean,Judg,9,56,13007,d87f286622d23efb503f87d05f75e4084a868fa5,2026-07-29 10:24:01
korean,Judg,10,18,4118,f9602ed275836bfdcc6b2437b4904592f780a1e3,2026-07-29 10:24:01
korean,Judg,11,40,9841,0bfe10c4e5e0af418db0fb1b6f0a3e4d6c133d1a,2026-07-29 10:24:01
korean,Judg,12,15,3877,23644c738d35bc2c52c47aacef88e8bb7805180d,2026-07-29 10:24:02
korean,Judg,13,25,6436,b6e171fc589d6d239117a6ee7c092876ca1dea11,2026-07-29 10:24:02
korean,Judg,14,20,5597,ea2885e206dbf655cd30af8828971dd1bfdd235f,2026-07-29 10:24:03
korean,Judg,15,20,5232,23c4ae25ab63499274bd851310b1c733fef9fc76,2026-07-29 10:24:03
korean,Judg,16,31,8585,eda0b829bf6d055cfd06ad09c9b31be3bcd4df3c,2026-07-29 10:24:03
korean,Judg,17,13,3255,482980d670e5062a529dff500b75a84cb6bd3cbb,2026-07-29 10:24:04
korean,Judg,18,31,7642,ce4fd14a16fa23113ee2cdc9a40ad68ac6617d55,2026-07-29 10:24:04
korean,Judg,19,30,7746,2a65a8197f067f7fda060e0e94b9542c183fe180,2026-07-29 10:24:05
korean,Judg,20,48,10999,82732902b7abba1bfe1e649dde32c32853326b41,2026-07-29 10:24:05
korean,Judg,21,25,6187,a10229a95e4f498546e0500f7e3340e25cdeadb2,2026-07-29 10:24:06
korean,Ruth,1,22,5578,6ff387cca913c051c66bf613f14c4dafdd671b4c,2026-07-29 10:24:06
korean,Ruth,2,23,5886,70d19bb0b1ab997733585dfacbc881f24aec7222,2026-07-29 10:24:06
korean,Ruth,3,18,4399,8b43c88197ae934ee2ce8a4590f32c0f6fe019d7,2026-07-29 10:24:07
korean,Ruth,4,22,5261,38c68f1c5a4acdf6b532c1d3adb76d45bea236e5,2026-07-29 10:24:07
korean,1 Sam,1,29,6847,4f7d388bf93dfec1a648cdf061f57e0fee7994a9,2026-07-29 10:24:07
korean,1 Sam,2,36,9367,9d462f381f628f2be8e2865e4643d0ed6f4051c8,2026-07-29 10:24:08
korean,1 Sam,3,21,5064,00e83456c6c9303ed62f6a6b7aad96a00c90a05f,2026-07-29 10:24:08
korean,1 Sam,4,22,5778,176144abb233d757bc83c06d837ddc56f22abafa,2026-07-29 10:24:09
korean,1 Sam,5,12,3279,8991f11821fc510463171d1fd82bce4752be2fcf,2026-07-29 10:24:09
korean,1 Sam,6,21,5584,4c7c6e2dada155b0f58e4e378b60ed35497df029,2026-07-29 10:24:09
korean,1 Sam,7,16,4163,bd862a64e4905dda4d3408a4add3ffbadd378ac4,2026-07-29 10:24:10
korean,1 Sam,8,22,4610,c7a37d1a863c46258ab07a5cc0c5f9d6b91c185d,2026-07-29 10:24:10
korean,1 Sam,9,27,7479,1960ac7ac0f243a9ce58a8ebe4f09b11bf56b661,2026-07-29 10:24:10
korean,1 Sam,10,27,6902,dd1a8d4033d335eb19797636358f3e109c076204,2026-07-29 10:24:11
korean,1 Sam,11,15,3959,770a92418684d222cf7d22cf841a79f1d1bfd474,2026-07-29 10:24:11
korean,1 Sam,12,25,6750,c3ef1fb014bc34658b23d7c306f22b596d2bdb54,2026-07-29 10:24:12
korean,1 Sam,13,23,5589,7bc2c6c00ad17892270c27b226fa7dc14ce1bf7d,2026-07-29 10:24:12
korean,1 Sam,14,52,13336,cacbf06fe6154f38af62a775d99c7713b3b2ab54,2026-07-29 10:24:12
korean,1 Sam,15,35,8773,06b08573b3cb399ee5d7072038f82e1c3aef27bf,2026-07-29 10:24:13
korean,1 Sam,16,23,5997,6812fd804d22726c73c40f4452eb46aa9b7f6e1f,2026-07-29 10:24:13
korean,1 Sam,17,57,13218,e7b9c793c048cf3b65e6edc6d86f5ccd58527d34,2026-07-29 10:24:14
korean,1 Sam,18,30,7026,130806359d589260c25d2bc3e716bc7db8b0ef76,2026-07-29 10:24:14
korean,1 Sam,19,24,6122,0ed2c0137926992799b7c34be2255cc757fb595e,2026-07-29 10:24:14
korean,1 Sam,20,42,10523,098639a72380d6d5cb26af1d5a3a78839f5cfd0f,2026-07-29 10:24:15
korean,1 Sam,21,15,4160,a30bcc983cec148fb0e6364b93d862bdc05e45a6,2026-07-29 10:24:15
korean,1 Sam,22,23,6190,0a64796e6b55420ea49ab93a8282b1ff72ec206f,2026-07-29 10:24:16
korean,1 Sam,23,29,7188,5cdb43069ec00e2abaa395e9be76440049c0e8fc,2026-07-29 10:24:16
korean,1 Sam,24,22,5491,8083fa4b99b0a553c13b27f5a3afc77de80d4c00,2026-07-29 10:24:16
korean,1 Sam,25,44,11346,0aa16595930f65421fdf3c0707c4bcf626765455,2026-07-29 10:24:17
korean,1 Sam,26,25,6961,97e5364bde08727a5b38469e5664ed1ef2d4de7a,2026-07-29 10:24:18
korean,1 Sam,27,12,3260,5fb054fd0a9d7f1ba8d0ee61de499f285b20ee18,2026-07-29 10:24:19
korean,1 Sam,28,25,6581,1e929129956e26740768c2e00742f479446a8f9e,2026-07-29 10:24:20
korean,1 Sam,29,11,3453,15ee09f8d8c8d58085a1df6b7058f8fb253ab0b6,2026-07-29 10:24:21
korean,1 Sam,30,30,7215,6abdbeff19e94f1ae28f917f18b80d528fdd5bcc,2026-07-29 10:24:22
korean,1 Sam,31,13,3025,876d736993bcf7d8a76135467990cfca490f21ae,2026-07-29 10:24:22
korean,2 Sam,1,27,6198,e2aa49cc640317a8a115b5eb253bb74280b2d4c5,2026-07-29 10:24:23
korean,2 Sam,2,32,7538,86f02f78ab3d8bce1af6af3179376c38a249b90a,2026-07-29 10:24:23
korean,2 Sam,3,39,9850,3ec6d389953b620c9262c0193a582b9b554dd302,2026-07-29 10:24:24
korean,2 Sam,4,12,3452,3d2c25b7b7199b246d17bf7136470fab06d2bac5,2026-07-29 10:24:24
korean,2 Sam,5,25,5796,850a03b85ef5ef79b914e7ebbc2942040881a07f,2026-07-29 10:24:24
korean,2 Sam,6,23,5522,0c354c3f6cde6c0851efc99698ab544b2a3a4188,2026-07-29 10:24:25
korean,2 Sam,7,29,7008,9c733f31d5dd79a88d5ac180f753122b1d744bbe,2026-07-29 10:24:25
korean,2 Sam,8,18,3995,71ab6c8378804da661cfcc5213cb64aca457de92,2026-07-29 10:24:25
korean,2 Sam,9,13,3357,2909d8c8f8f584be3e890ec2f432167261aa37e4,2026-07-29 10:24:26
korean,2 Sam,10,19,4765,8ea59f2931124b84b3d65a55d6afa5c0b7e91005,2026-07-29 10:24:26
korean,2 Sam,11,27,6643,35a13e425a4b5e1a79cdf9251791ac1cec036b61,2026-07-29 10:24:27
korean,2 Sam,12,31,7881,d848ba6b3f411d56d0181a78e3c2fa535b8a4c60,2026-07-29 10:24:27
korean,2 Sam,13,39,9336,f29b5d977f50f8322bbe59c85ecd86bb1d678da8,2026-07-29 10:24:28
korean,2 Sam,14,33,8604,6782ff8165fffbd2bb14336364bf46213abcb338,2026-07-29 10:24:28
korean,2 Sam,15,37,9166,cc1b96854618da78f08bd45a564668965b985138,2026-07-29 10:24:28
korean,2 Sam,16,23,6068,0b7b21da505405d51a45a32770d0be09c37c61d1,2026-07-29 10:24:29
korean,2 Sam,17,29,7633,d4c88c6e5cf8b3951c368ca494c0647274c1c277,2026-07-29 10:24:29
korean,2 Sam,18,33,8982,b2a5b278b47509f1b53b75fbec1dff1eafec4200,2026-07-29 10:24:30
korean,2 Sam,19,43,11601,5e34a5fb9505d26068c0d5feca57ba398d9c14fd,2026-07-29 10:24:30
korean,2 Sam,20,26,6861,4bab140dbb755c195f78a6933e3e020654299812,2026-07-29 10:24:30
korean,2 Sam,21,22,6165,09a63e98593be10956641e0a7d4814e81a842873,2026-07-29 10:24:31
korean,2 Sam,22,51,9331,9bbe9255e8c391c1cbe83a87c0337f92a0d8ffa5,2026-07-29 10:24:31
korean,2 Sam,23,39,8114,9901ecdd2d0961cf45af93038c9c1313bcc9869e,2026-07-29 10:24:32
korean,2 Sam,24,25,6791,0da579b8c44872436d60a5cc877382aa4e78c079,2026-07-29 10:24:32
korean,1 Kin,1,52,12234,0f798e1f875852976d0ded4724314eb569bb8862,2026-07-29 10:24:33
korean,1 Kin,2,47,12223,cdbb801f02b09f962e803287fa5b51ef9e040462,2026-07-29 10:24:33
korean,1 Kin,3,28,6854,f6232f90405cedec2ba0df349fd510200e46f7cd,2026-07-29 10:24:33
korean,1 Kin,4,34,6761,c9747a6141a7ccbf45ee46d3583398ce7e7009bf,2026-07-29 10:24:34
korean,1 Kin,5,18,4477,01786d3cd5975f46e345c15dc890461e51fcb366,2026-07-29 10:24:34
korean,1 Kin,6,38,7597,16a078ff551930860cdb4c25bf8d4edc502e7312,2026-07-29 10:24:34
korean,1 Kin,7,51,11164,35e7b8457c00b4a95c4273bd2fdfc683af237e26,2026-07-29 10:24:35
korean,1 Kin,8,66,16630,92ad8e597e542dba754170e6196ea3a59031033c,2026-07-29 10:24:35
korean,1 Kin,9,28,6583,15e2e50a49003df78558373bcb1701aa831a86c4,2026-07-29 10:24:36
korean,1 Kin,10,29,6627,ff8b080bf6abfe84835436faca6433ade1d3fe63,2026-07-29 10:24:36
korean,1 Kin,11,43,10608,c8a7a7c049b55c8213df2df5bca7d3419a52856b,2026-07-29 10:24:36
korean,1 Kin,12,33,8458,a2afe20ca44e4e1cb4248eea33348c94c99d4b6c,2026-07-29 10:24:37
korean,1 Kin,13,34,8753,a9e46fcda5e48eb418f475e5619bc68a82b31a69,2026-07-29 10:24:37
korean,1 Kin,14,31,7719,b4ea7c83aa4a7fb284202a63c82aeeb201a5e004,2026-07-29 10:24:38
korean,1 Kin,15,34,7642,e474b45411cf2611448217a96c1b6824d8d859b5,2026-07-29 10:24:38
korean,1 Kin,16,34,8040,0271a742e0b01c6620ac5c9fcd9feba14c39c18f,2026-07-29 10:24:39
korean,1 Kin,17,24,5546,eec6a509813b4128779c420894cb99092696b8cc,2026-07-29 10:24:39
korean,1 Kin,18,46,11349,473c1ec1874a7897cb0268b66224e74182e1a0c8,2026-07-29 10:24:40
korean,1 Kin,19,21,5880,f7a3caeccf3d557293e39c9c2bc7a3b46cf75184,2026-07-29 10:24:41
korean,1 Kin,20,43,11429,9085402814a67abde1b1b7d572b3daaef6678ed3,2026-07-29 10:24:42
korean,1 Kin,21,29,7328,027278ab62e4e8c6f7821b82b787682d0bf362af,2026-07-29 10:24:43
korean,1 Kin,22,52,12305,318a0b34c9ef751b9bffbba37392aad35792f262,2026-07-29 10:24:44
korean,2 Kin,1,18,5138,8f88f4292d846d7765e136fa53aa2093df6246e7,2026-07-29 10:24:49
korean,2 Kin,2,25,6879,ebe2343a5f8322aa3310a799e8466b6093cf62f4,2026-07-29 10:24:49
korean,2 Kin,3,27,6709,b38c23d0c9efdbd445b6d0c478f8522b9e8c81dc,2026-07-29 10:24:49
korean,2 Kin,4,44,10860,afe4bf7da1d1f1282b8d5a0de038bd05f2c9651a,2026-07-29 10:24:50
korean,2 Kin,5,27,7773,862ce9c0bf2d6ff6c952283c2d50d6bd5fd9b1a1,2026-07-29 10:24:51
korean,2 Kin,6,33,8227,69c2592bf0c3b7da73a3bfc1480bcff3e6ecd336,2026-07-29 10:24:53
korean,2 Kin,7,20,5911,2c59315a8a508a97b3b787b6460558b5f0beb64f,2026-07-29 10:24:54
korean,2 Kin,8,29,7587,943306b82872987fa04564e37a109f4ee3c91315,2026-07-29 10:24:55
korean,2 Kin,9,37,9501,f9b7247f019f47ffa1b12edba83deff6aedd374a,2026-07-29 10:24:57
korean,2 Kin,10,36,9410,9db7e5ac2a77b116fe5df7b81e6b1caa68d48200,2026-07-29 10:24:58
korean,2 Kin,11,21,5115,e3c77aff21be3089ec84a7efe42bb0ce33af14f9,2026-07-29 10:24:59
korean,2 Kin,12,21,5233,a710e62f7dc945a97f2e8ba27c6d5fc7e6fe663e,2026-07-29 10:25:00
korean,2 Kin,13,25,6194,f91045862d55b0c4cb4aa3f7f47086109697d137,2026-07-29 10:25:01
korean,2 Kin,14,29,7107,78ac20d1708b7bcf4c3e01bd37311abe769e3001,2026-07-29 10:25:01
korean,2 Kin,15,38,8413,678bd285f10456bc0c122d517fcf766c60dc9c73,2026-07-29 10:25:02
korean,2 Kin,16,20,4856,82543335cf6bbf9d3320d2bb2629572ca569e238,2026-07-29 10:25:03
korean,2 Kin,17,41,10119,2251dc89cc96353c04c7eba7a87ac79cee4ee671,2026-07-29 10:25:05
korean,2 Kin,18,37,9545,617f2160ae1dd63fd4acc7111b18329266d42ff4,2026-07-29 10:25:06
korean,2 Kin,19,37,8980,f0bf2d7422bf4445dc04bdf9e0ebe5d2015ac346,2026-07-29 10:25:07
korean,2 Kin,20,21,5389,ffd13db322f330f1386e3eb88773039a277cf378,2026-07-29 10:25:08
korean,2 Kin,21,26,5921,8c4e2c68299081f4846bf2e0463e2be65bd3517c,2026-07-29 10:25:10
korean,2 Kin,22,20,5156,7a6d6b33feca29f6523c6407be0c223fd4f748f0,2026-07-29 10:25:11
korean,2 Kin,23,37,10234,2802ccb9a2636e78da7b98045f096f2fd34b350f,2026-07-29 10:25:12
korean,2 Kin,24,20,4765,1112dc1bf996dcd985ea13acedc25f9c33111c7f,2026-07-29 10:25:13
korean,2 Kin,25,30,6876,431ddd6a2cfca2dba15c1f89f97a3b73c28e6295,2026-07-29 10:25:14
korean,1 Chr,1,54,8439,b5414bcea65cefb194892e48bbc809ddb76a0a05,2026-07-29 10:25:14
korean,1 Chr,2,54,9341,021a530564b7109135a32a495d85bc5b76110316,2026-07-29 10:25:15
korean,1 Chr,3,24,4405,c95172d999da3c1cd011b075d61e76caaff5e5e8,2026-07-29 10:25:15
korean,1 Chr,4,43,8412,7d7caf199b18676f8db67dca3b6c0090df1e4538,2026-07-29 10:25:16
korean,1 Chr,5,26,5776,751a90542f6d6363adbbfa892408cb85d1abc537,2026-07-29 10:25:16
korean,1 Chr,6,81,14338,ff02ddf3d41718da9271ece4bea9d15e91ef811c,2026-07-29 10:25:17
korean,1 Chr,7,40,8042,6e55dc4e7f19cdb16b923aeb8a4d5b9e35154d69,2026-07-29 10:25:17
korean,1 Chr,8,40,6264,e49682f17b8830e331197c128979529fda8f5c2e,2026-07-29 10:25:17
korean,1 Chr,9,44,8725,1c1fd613a9bca456f835e8aee68e823510e7fdb7,2026-07-29 10:25:18
korean,1 Chr,10,14,3319,e656d2f9435eb667774386df662c0dd8f5e770ce,2026-07-29 10:25:18
korean,1 Chr,11,47,9329,a020ee4a401c8c3b26b899e0f2552a0f15ba82bf,2026-07-29 10:25:19
korean,1 Chr,12,40,8879,1d5610c8e8cdfe89f00c0a5f5f0db2ad151a28cc,2026-07-29 10:25:19
korean,1 Chr,13,14,3391,7c3a454d3f2f3167a92310bf5da024eb32de2eba,2026-07-29 10:25:19
korean,1 Chr,14,17,3531,38b15abe377a633520c6dba878cbdf04119c9577,2026-07-29 10:25:20
korean,1 Chr,15,29,6284,38c3a60518402d38923398b6156d2e5bfdc4e4fe,2026-07-29 10:25:20
korean,1 Chr,16,43,8304,052601c7b16d0ec4f57a95087686f32164c10e7f,2026-07-29 10:25:21
korean,1 Chr,17,27,6623,5febbc0f07671cdced6ef7a27687a48a0911af08,2026-07-29 10:25:21
korean,1 Chr,18,17,3806,365976de934035d19ff13247a45c062837b620d6,2026-07-29 10:25:21
korean,1 Chr,19,19,4918,6fc10b321d49074aad317775a2c55e8650733a2a,2026-07-29 10:25:22
korean,1 Chr,20,8,2219,b9c23fc19718288bb3dbb7ae617808994f335e15,2026-07-29 10:25:22
korean,1 Chr,21,30,7513,d5b506ef54da01427c1697faf6f96a497ac62f98,2026-07-29 10:25:23
korean,1 Chr,22,19,5016,4edf983ddbfc1c9b7998824a91e2d61f6aeaea38,2026-07-29 10:25:23
korean,1 Chr,23,32,6032,5e71552d5010f26819cc94c80b2e92d2184d8abc,2026-07-29 10:25:23
korean,1 Chr,24,31,5634,859efe03c0fbe4e4c5222a71a4f140e8ffeecd8a,2026-07-29 10:25:24
korean,1 Chr,25,31,5663,49b28a55c514d1ead9c16e39544d9de125eb1a32,2026-07-29 10:25:24
korean,1 Chr,26,32,6618,b7a47d09cf3f5e6ab96dc669ab9801f7e8f745cc,2026-07-29 10:25:24
korean,1 Chr,27,34,7018,8f004a77b75be7796ce070b9df78247cf2eb649b,2026-07-29 10:25:25
korean,1 Chr,28,21,5940,655784853d856e8669255c61d880d7136855cc6a,2026-07-29 10:25:25
korean,1 Chr,29,30,7653,393fd37590fc6ffc58fa118cc9bd9aba5f13ae76,2026-07-29 10:25:26
korean,2 Chr,1,17,4144,2f975162404f605b36c31344bed954e7b8c40cf7,2026-07-29 10:25:26
korean,2 Chr,2,18,4966,2b72e94a823a72aa5ff8a46726e25087f39a38e5,2026-07-29 10:25:26
korean,2 Chr,3,17,3645,6100893766fc3d61589c993f0545399a56439c75,2026-07-29 10:25:27
korean,2 Chr,4,22,4566,24661ac2ed2f55ab79f0058f8b4696968277e187,2026-07-29 10:25:27
korean,2 Chr,5,14,3537,306b9fc8b162df058622ddf73c42d567bf55ec10,2026-07-29 10:25:27
korean,2 Chr,6,42,11094,f400395f11e0291a39c358e8bf67dde12250d2a1,2026-07-29 10:25:28
korean,2 Chr,7,21,5424,f6c8512206a73eea4554337fa307c5ec8adc8692,2026-07-29 10:25:28
korean,2 Chr,8,18,4218,40e3d9429373d579a73f37a46275f9b175806be8,2026-07-29 10:25:28
korean,2 Chr,9,31,7086,d181bcc0e617ae89cca35c67dd6c186f48b92cfa,2026-07-29 10:25:29
korean,2 Chr,10,19,4951,7f84ce7e2a6acf52de9201cbaabe9f1ee677a0cf,2026-07-29 10:25:29
korean,2 Chr,11,23,4943,06a41b036ef280bee6162f92710e423e381fdbcd,2026-07-29 10:25:30
korean,2 Chr,12,16,4008,fbf163fe9c974927e2d81803cc134e50e14eb084,2026-07-29 10:25:30
korean,2 Chr,13,22,5431,815c66cf0faa7845825f8e9d02cd9027c1271796,2026-07-29 10:25:30
korean,2 Chr,14,15,3905,5496d97afad4f4b15c289a4b9db73a206a1b8fa9,2026-07-29 10:25:31
korean,2 Chr,15,19,4449,59c303661dbe7bfe2f714106b121e6ebb6caf1de,2026-07-29 10:25:31
korean,2 Chr,16,14,3575,d00cb854870f3636cbb972ce9bdcf486dcaf74fd,2026-07-29 10:25:31
korean,2 Chr,17,19,4153,df42d8ced97364ca2d3dad7c1f9d14fd66d252f2,2026-07-29 10:25:32
korean,2 Chr,18,34,8802,a509627655d7cf83ffce26d251770eafac47c7f3,2026-07-29 10:25:32
korean,2 Chr,19,11,3259,7230cd3c79d5724d2cf019bdabc5ffa686b058ed,2026-07-29 10:25:33
korean,2 Chr,20,37,9503,7607984fd78c19b72cf7b89786e19e1ee125a587,2026-07-29 10:25:33
korean,Ezra,1,11,2806,05dff8fc51d10b628fb0fb78668c980532f2cd96,2026-07-29 10:25:49
korean,Ezra,2,70,10082,81d12f12b80dd541ff26b7a45c07bf1de05643f1,2026-07-29 10:25:49
korean,Ezra,3,13,3667,684f3508bc3bd3288583ba4a90fc8a5758f3e81f,2026-07-29 10:25:49
korean,Ezra,4,24,5834,524ee7fde886eb4e01e6703ae21e66bba7bbfc78,2026-07-29 10:25:50
korean,Ezra,5,17,4324,1c2eb3a31b6753975e9604a0c2e588537a4e5855,2026-07-29 10:25:50
korean,Ezra,6,22,5649,38d4e3695ec8ac18f8a27ac7e149172c78ec4110,2026-07-29 10:25:50
korean,Ezra,7,28,6679,fd0673ba883a07bd46ecad2c163e11845f38cc45,2026-07-29 10:25:51
korean,Ezra,8,36,8275,d448fa10c3945463829b28b877313ee06ab26580,2026-07-29 10:25:51
korean,Ezra,9,15,4849,61dda6e32a4e9fdcc45c1714d70ae1be8acc9d26,2026-07-29 10:25:52
korean,Ezra,10,44,8516,8ea2290d7a2d57fac5e86603a4789f3a5bab4d75,2026-07-29 10:25:52
korean,Neh,1,11,2999,a6aea41207beb49272d160f2f26d5152fddea070,2026-07-29 10:25:52
korean,Neh,2,20,5314,79507961643838e21d0b81e341e312b5dd3b475e,2026-07-29 10:25:53
korean,Neh,3,32,7451,4eb2d9621977b079e1dfebd9f415ba50f2201674,2026-07-29 10:25:53
korean,Neh,4,23,5489,71ef6d0d2824c4dcdf7d6a5416b9c1f16b2f772f,2026-07-29 10:25:53
korean,Neh,5,19,4857,33d3a14f27976daef33a31d5800326e185ce1496,2026-07-29 10:25:54
korean,Neh,6,19,4800,d65c788c05e209723f222d81506a6efcbb6c2cbc,2026-07-29 10:25:54
korean,Neh,7,73,11095,9ec3db33c2385da04f22de45e4dd112944514e00,2026-07-29 10:25:55
korean,Neh,8,18,5002,481bc2831d738c372ddb314d88d3a5d97eaafcdd,2026-07-29 10:25:55
korean,Neh,9,38,10445,cfe2e62a204f490901ffb8e87d742ef411709799,2026-07-29 10:25:55
korean,Neh,10,39,6549,1c9fb627ff4b72841b9952da26ecbfdc12330da1,2026-07-29 10:25:56
korean,Neh,11,36,7311,4138a8ee58f442e43115be2b643d57b6b9b6ffc0,2026-07-29 10:25:56
korean,Neh,12,47,9431,f9d5c17190c64a7032556fa711cfcca245f89c84,2026-07-29 10:25:57
korean,Neh,13,31,7964,8363b58f7c3806cfc8111a45f80fd48c0ff499af,2026-07-29 10:25:57
korean,Esth,1,22,5159,7a9c5dc003e78ca71e876f1f2868a7b5b5c9182a,2026-07-29 10:25:57
korean,Esth,2,23,5702,13b3dde44f12f15a9b500d520f0c1bc69574b80a,2026-07-29 10:25:58
korean,Esth,3,15,3862,e2717244315b72953ee3c55404ea182c5772b1f4,2026-07-29 10:25:58
korean,Esth,4,14,3333,d476c43c40c74c812b81d1db26d64ae79e0210b3,2026-07-29 10:25:58
korean,Esth,5,14,3484,54a2a31a0144aaef915442c4439ed3b4f721d9a6,2026-07-29 10:25:59
korean,Esth,6,14,3672,45d5afcc2cd0a5a59365aeacba80a04a857445ae,2026-07-29 10:25:59
korean,Esth,7,10,2880,cc495f5ef806996fb61ecd8fc1c91b9c75261198,2026-07-29 10:25:59
korean,Esth,8,17,4518,32401ca78e88f5bbd58d4a4b597d9bc7c79d374c,2026-07-29 10:26:00
korean,Esth,9,32,7240,bd24d14b39ae3ba0b7b596794163e73bf9944251,2026-07-29 10:26:00
korean,Esth,10,3,860,552059ef93d7adc86919bf1190adef21a6f6065e,2026-07-29 10:26:01
korean,Job,1,22,5210,da7fbabf7dd3229552649153d0e91fcb19e01a89,2026-07-29 10:26:01
korean,Job,2,13,3317,1ac91033dfc17cda3b1970c87d32f15c90f4a070,2026-07-29 10:26:01
korean,Job,3,26,4731,8b9456b154c942c564a48d45c46f4251cc95ed89,2026-07-29 10:26:02
korean,Job,4,21,3691,e5562ec6fee5f38dccbe2954a7b875230860b046,2026-07-29 10:26:02
korean,Job,5,27,4658,f90d0b073dc6cee5daf02c9d7bdec56123dea238,2026-07-29 10:26:02
korean,Job,6,30,5113,26662201827c4ca8e2bcc030155ef33081a721d5,2026-07-29 10:26:03
korean,Job,7,21,4064,eef4d0a70e53c1a501b57d08d74dd34c925fb062,2026-07-29 10:26:05
korean,Job,8,22,3691,fa650b8e239887c5adcf2a600478d9944cd4deef,2026-07-29 10:26:06
korean,Job,9,35,5953,9473e1154cb3d02b1fe5384771fbe6f11e75c91a,2026-07-29 10:26:07
korean,Job,10,22,4270,6968c65c562540d4dc1912176742d12c55b7a5d4,2026-07-29 10:26:08
korean,Job,11,20,3519,bbe140c6eb948f85a684a3db5865ca30ad7d572b,2026-07-29 10:26:09
korean,Job,12,25,4268,f07726f264e9eee5e4b24c8ae8551fbda385653d,2026-07-29 10:26:10
korean,Job,13,28,4796,457cde29854b965da8abf4aa02f0d0c3aa9dc539,2026-07-29 10:26:11
korean,Job,14,22,3983,eb4e2cb0715e023ac6a8a2ec9c871ec585ba0afc,2026-07-29 10:26:12
korean,Job,15,35,5979,a58a0b9ed0ab76fad45c7712d1499fdf6c946df3,2026-07-29 10:26:13
korean,Job,16,22,3916,2f47cb479e8b852b03f1d3fa57505c602f7f2af1,2026-07-29 10:26:13
korean,Job,17,16,2821,f125048a2842b2d2fd9f71d6e8fc64b145446617,2026-07-29 10:26:14
korean,Job,18,21,3473,a0bbea44f71022879b3ff00f867cb3385c10f908,2026-07-29 10:26:15
korean,Job,19,29,4852,5a36c3f8f35dffd3009ea95684372b7631ae21ca,2026-07-29 10:26:16
korean,Job,20,29,4861,ce74c6f9bbc919267ea062ae61b61da3e83b20d0,2026-07-29 10:26:17
korean,Job,21,34,5747,bbf3aa89cb68a34acf7bd72217740ccb7b94ea75,2026-07-29 10:26:18
korean,Job,22,30,4998,064a64966bcaca59456e404b50f7f590b107b9e7,2026-07-29 10:26:19
korean,Job,23,17,3001,bf9be6fc1ccd86e21f3c2d97aa6cdc3fb800c587,2026-07-29 10:26:20
korean,Job,24,25,4629,dd1a1a98e050eaa7e1e90b22249f6d7c559a5dc0,2026-07-29 10:26:21
korean,Job,25,6,1112,7cbbf0db56c3075010b10672b6de64284efbe8ab,2026-07-29 10:26:21
korean,Job,26,14,2330,a50267317d9c25586b5667d2c65a9685d713d14a,2026-07-29 10:26:23
korean,Job,27,23,3888,efa5aab0dea20c4129300891db613a8cb1fee454,2026-07-29 10:26:24
korean,Job,28,28,4422,7a666610dd540a6c6f3a1c3a5fe455f7e8eaac45,2026-07-29 10:26:26
korean,Job,29,25,4329,380e9ad22657363c4f821a65edcf9cfe6a7fab7a,2026-07-29 10:26:27
korean,Job,30,31,5446,3f05674a0135647d95d34e52b24d9ad30a6b3c1f,2026-07-29 10:26:28
korean,Job,31,40,7172,1ea5d247311eeb8a834e70ae6fda6dd64c80dae6,2026-07-29 10:26:30
korean,Job,32,22,3967,a9198ba4481fbc8a6b59fbc8fd88310250f65aa3,2026-07-29 10:26:31
korean,Job,33,33,5627,bf45fe814e5855ac0fe87c06d9068db8bde104ff,2026-07-29 10:26:32
korean,Job,34,37,6479,d8aeb529fa80959b1598297af006afb8efd8cb4a,2026-07-29 10:26:33
korean,Job,35,48,8331,36ace53a35847412ad8b9853ad70d8eeea316446,2026-07-29 10:26:34
korean,Job,36,24,4254,0557f425f2f68a4a4fcf7a86c591731f7aa9a0ba,2026-07-29 10:26:45
korean,Job,37,41,6552,183ce985b60deb6cd52e0cf1773ecad0559191f5,2026-07-29 10:26:46
korean,Job,38,30,5148,923cedd90c5738464698421bba68a508c0b32e50,2026-07-29 10:26:46
korean,Job,39,24,3804,1dc508a1db9cfeb52e4938dc891e2df03afb2849,2026-07-29 10:26:47
korean,Job,40,34,5394,5e6976b7456c9711e0d6f2882ee5109e066cac76,2026-07-29 10:26:49
korean,Job,41,17,3834,c33bacb4a49bca1b7ad64100a6365b114826267b,2026-07-29 10:26:50
